Owner Bucket  ?,Case Number,Account Name,Subject,Description,Resolution/Root Cause,Priority,Primary CSM,Created By,Date/Time Opened,Case Age,Category,Sub-Category,Age,Business Hours Age
Estuate,207752,"SailPoint Technologies, Inc.",Forecast Categories and Stage Changes,"We are making sales stage and forecast category changes in SFDC going live 2/4. I have attached a diagram of the changes. We need to realign the sales stages in analytics and saved views as well as adjust the forecast tabs. Ty Lapinski was briefed on the overall project and can help provide guidance. I am also happy to jump on a call to clarify the changes needed. 

If we could get the mapping set up in our sandbox in the next few days to be tested and then roll out everything to the main instance on 2/4 that would be great.","Jan 16: Support case raised 00208747

Jan 27 : Raised a support case for the breaking analytics module 00210438

We have mapped the old stage values to the new stage values as requested in production.

And we have even updated the Forecast views wit",P3,Lyuda Rogers,Jen Fomby,"1/8/2025, 7:28 AM",36,Configuration,Forecast - Update,873,425.2161111
,208001,"Juniper Networks, Inc.","Update Forecast Headers and remap ""Technology Use case"" field values","Note: this work needs to be done on January 31st. Want to make sure that we secure a resource to complete it on the desired date.

Customer would like to make the below replacements to the headers of three columns in the ""BU Forecast"" Tab:

AIDE SA QTD > C&B SA QTD
CRDC SA QTD > DC SA QTD
AWAN SA QTD > WAN SA QTD","updated the column names in the ""BU Forecast"" tab as follows:

AIDE SA QTD ? C&B SA QTD
CRDC SA QTD ? DC SA QTD
AWAN SA QTD ? WAN SA QTD
Additionally, I have updated the value for the ""Technology Use Case"" field, and it is now reflecting in the C&B S",Low,Stephanie Ervin,Stephanie Ervin,"1/9/2025, 1:50 PM",27,Configuration,Forecast - Update,654,308.1661111
,208485,"Genesys Cloud Services, Inc.",Forecast Config. Changes,Summary of desired changes available here - https://docs.google.com/document/d/1DHBuWt1xKevK-NRmiUCMW8itPpvyJk2uS0deVnnYWR4/edit?tab=t.0,"Removed the ""Platforms"" tab",Low,Whitney Drazovich,Whitney Drazovich,"1/14/2025, 3:41 PM",19,Configuration,Forecast - Update,461,210.3138889
,208739,Nutanix,Add NAI Product Forecast to Potfolio Products Tab,"Hi Team,

Similar to Case Reference# 00194905 where we added NKP columns, we would like to add NAI. 

We would like to add our new NAI product forecast to the Portfolio Products tab.

Please add the below forecast columns similar to other Portfolio Products tab columns:
Logic:
Mode: ""Splits""
Aggregation Field: Split NKP  ""Split_NAI__c""
Sort Field: ACV Amount ""opportunity.acv_amount__c""
All the Filter Logic remains the same as other Portfolio Products. Ex: NCM, NDB, NKP and make sure tot update the 'Split NAI' filter not in [""= 0"", ""Value Not Assigned""]

Number of Columns:
> NAI Quota
> NAI Closed
> NAI Call
> NAI Commit
> NAI Strong Upside
> NAI Total Funnel
> NAI Attach Rate

Column Placement:
Next to ""NKP Attach Rate"" Column

Please let me know if you have any questions.

Thanks,
Samson R",The field is loaded and we have created the new columns under the Portfolio Products tab as requested,Low,Cortney Fickey,Samson R,"1/16/2025, 8:00 AM",18,Configuration,Forecast - Update,441,200.7094444
,209889,REMOTE EUROPE HOLDING B.V.,Can we create a new Tab (duplicate existing Overlay (NEW) tab and add additional Columns?,"In the forecast Module, I would like to request we duplicate the Overlay (NEW) tab (label it Overlay (NEW 2) and add a few extra Columns to the new Overlay (NEW 2)

Column 1: Label: Multiplier Amount (this should be calculated as ""Quota Retirement Amount multiplied by the Split %"" minus ""Split Amount"".
Column 2: Overlay Amount (This should be calculated as the Overlay ARR Split Amount).
+ Replace the Closed Won Total with ""Quota Retirement Amount multiplied by the Split %"" and attainment should be calculated against this number.

PLEASE DO NOT ALTER THE EXISTING ""OVERLAY (NEW)"" tab. Any changes should only be made in the Duplicated ""OVERLAY (NEW 2) tab.

Thank you",created the new INTEGRAL (NEW),P3,Said Mussa,Hind Zerrouki,"1/22/2025, 2:52 AM",20,Configuration,Forecast - Update,486,229.9244444
,210069,Coursera Inc,Few additions into a forecast tab,"See attached G Sheet- please add new columns in the ""Bookings Summary"" forecast tab as per the yellow highlighted cells. Let me know if you have any questions.","Created the columns and used the split mode for the ""Total Closed Won"" ""C4B Closed Won"" ""C4C Closed Won"" and ""C4G Closed Won"" columns in the ""Bookings Summary"" tab.",Low,Liz LeDoux Tajonar,Tyler Class,"1/23/2025, 7:14 AM",11,Configuration,Forecast - Update,262,110.4136111
,210189,Cohesity,Create a tab called Veritas Sales ACV which summarizes the Veritas forecast,"Requirements
Create a tab called Veritas Sales ACV which summarizes the Veritas forecast. This includes the inputs from both the legacy Veritas Reps and the Cohesity Reps that own Veritas Opportunities.Forecast Fields - Create fields in Clari to capture the Veritas calls by month (i.e. Month 1, Month 2, Month 3 of the quarter) - these would be manually updated by the AEs and rollup by the hierarchy similar to the Cohesity forecast tab
High/Low Fields - Create fields in Clari to capture High and Low forecast for the quarter
Actuals Fields - Create fields to capture the closed/won bookings - these would be updated by the admin manually or in bulk and rollup by the hierarchy
Rename the Splits Product (ACV) tab to Cohesity Sales ACV
Create a summary tab that consolidates the Cohesity Sales ACV and the Veritas Sales ACV tabs

Summary Document: https://docs.google.com/spreadsheets/d/1t1DKhOQGreSpwqllHe_cnoUbj7012kuBvUPa1eH_OuQ/edit?usp=sharing",We have updated all the changes as requested as discussed on the call,Low,Chris Hughes,Uday Bodduna,"1/23/2025, 8:58 PM",23,Configuration,Forecast - Update,538,256
,210207,Wallix,create a new tab for Forecast,"Hello,
Can you please create a Forecast tab called ""N&U by Revenue Type""?
I suggest, if possible, to clone ""New business Forecast"" keeping the names on the left as it is, and the abscissa as follows: 
- period in the first row, 
- the 'revenue type' in the second row, 
- and the already existing classification in the third row.
Is this possible?
Thank you",NA,Low,Said Mussa,Séverine VIGNETTA,"1/24/2025, 3:10 AM",44,Configuration,Forecast - Update,1074,494.8275
,210319,WSC Sports Technologies,BD Forecast Category,"Hello,
We noticed that when the BD moves an opportunity from Pipeline to Best Case or Commit, it is not reflected in the forecast if the TL and RL forecasts remain in Pipeline",updated the configuration forForecast column of the Bizdev Forecast column.,Low,Pooled CSM,Lilach Gabai,"1/24/2025, 2:34 PM",23,Forecasting,Config Discrepancy,546,243.4230556
,210322,"Acquia, Inc.","Update Forecast ""Admin Tab"" - remove monsido filters and values","Hi Support - 
We are no longer forecasting our Monsido business separately in clari, so I'd like to remove the monsido filters from those fields, and remove the Monsido specific fields entirely.
I'd like for these changes to go live on Wednesday 29 January - NOT BEFORE then - so that our forecast this week is not disrupted.
Here are the changes:
Potential MY Opp - remove this filter - 'Territory Label' not in [""Monsido""]
Renewal Bookings MY Opp - remove this filter -MONSIDO LEGACY ID Value Not Assigned
Renewal Commit MY Opp - remove this filter - TERRITORY LABEL (EXCLUDED) Monsido
Renewal Forecast MY Opp - remove this filter - TERRITORY LABEL (EXCLUDED) Monsido
Renewal Best MY Opp - remove this filter - TERRITORY LABEL (EXCLUDED) Monsido
Potential MY QL - remove this filter - 'Territory Label' not in [""Monsido""]
Renewal Bookings MY QL - remove this filter - 'Territory Label' not in [""Monsido""]

Remove these values completely:
Monsido Potential MY Opp
Monsido Renewal Bookings MY Opp
Mon","updated the columns in the ""Admin Tab - DO NOT OPT IN"" tab as requested.deleted the Monsido Renewals tab.",Low,Ana Weller,Lucio Silvestri,"1/24/2025, 2:38 PM",13,Configuration,Forecast - Update,306,138.0525
,210344,Temenos Headquarters S.A.,Forecast Tab Edits,"Hi -  I am attaching a file with three tabs.  Please process the changes in each tab.

1. Delete the ""old"" tabs
2. Update the 2025NBV and 2025 ACV tabs.
3. Update the Trend Tabs.","Perform below changes as per request
1. Delete the ""old"" tabs
2. Update the 2025NBV and 2025 ACV tabs.
3. Update the Trend Tabs.",Low,Toni Pang,Mike Green,"1/26/2025, 10:59 AM",7,Configuration,Forecast - Update,165,80
,210387,"Intercom, Inc.",New Fin Tabs,"Hi Team,

Can you please create two New tabs as attached and make them visible to Sales Ops users?

Tab 1: AE Fin
Tab 2: RM Fin",NA,Low,Tyler Jass,Leo Zhang,"1/27/2025, 3:48 AM",8,Configuration,Forecast - Update,209,110.185
,210421,Web Services Integration Limited,Updating the Forecast View: YTD Forecast,"Hello,

I wanted to repurpose the Forecast View that we have called ""YTD Forecast"". I wanted to follow the same format of ""Forecast"". I tried making updates using the Forecast Configuration but it may be limited for me to make those changes as planned. 

Can you assist with this? Essentially, the changes are as follows:

1. To follow the same format as ""Forecast""
2. To update the Record Type to Professional Services: ""0121v000000lYiAAAU""",We have created the new tab according to the requirements provided.,Low,Pooled CSM,Miguel Solomon,"1/27/2025, 7:59 AM",13,Configuration,Forecast - Update,322,154.0063889
,210617,"Trellix (Musarubra US, LLC)",Please Delete FIeld,"We are unable to delete the field, 'CSM Motion' (account.csm_motion__c). May you please delete on our behalf? Thank you!","deleted the field ""CSM Motion"" (account.csm_motion__c)",P3,Whitney Drazovich,Kim Grant,"1/28/2025, 10:48 AM",5,Configuration,Forecast - Update,117,55.19
,210641,Clari House Account,Internal Clari Help: Delete Fields from Field Configuration,"Hi all!

Here is a list of fields that are currently in Clari that we'd like to remove from all modes & Clari overall:

https://docs.google.com/spreadsheets/d/1Qhm9s4I_Rv8DVcThrxbFObZEuJXv610UvarlUbhE8l4/edit?gid=564177190#gid=564177190

Thank you!","Resolution:
List of fields currently present in the Clari application that need to be removed.",Low,Jessica Starr,Amanda Bevilacqua,"1/28/2025, 12:51 PM",66,Configuration,Field Config - Update,1589,773.1472222
,210730,Sophos LTD,Quote Line Object Field Inquiry,"Hello Support!

Do we have the ability to pull in fields from the ""Quote Line"" Object? I have a request to pull the Field ""Quote Line type""  with the API of cpq_Quote_Line_Type__c","Created new *""Quote Line Item""* mode",P3,Lizzie Rupp,Stephen Harris,"1/29/2025, 7:18 AM",18,Configuration,Field Config - Update,447,202.6983333
,210754,Tealium,"New Field in Field Config still appearing ""in progress""","I added the field ""Upsell/Downsell Summary"" via the field config yesterday, 1/28 to the account mode, opportunity details layout and the field is still appearing with ""in progress"". Can you confirm when the field will be available in the UI?","The ""Upsell/Downsell Summary"" field is successfully loading in Clari. Additionally, I have added this field to the account details section.",P3,Amanda DeLuise,Lia Stahl,"1/29/2025, 8:36 AM",5,Configuration,Forecast - Update,132,57.39111111
,210765,Gigamon,Add columns,"Pls ADD three new columns named 'Month 1 CQ, Month 2 CQ, Month 3 CQ (L, M, N all highlighted in yellow in spreadsheet) to the forecast. details on spreadsheet attached.
pls connect with me prior to building in clari.",added the monthly forecast columns,Low,Amanda DeLuise,Sahiba Babbar,"1/29/2025, 8:56 AM",13,Configuration,Forecast - Update,325,153.0555556
,210846,"Beeline.com, LLC",Change aggregated field for Forecast Tab,Hello - we are needing a change to one of our Forecast tabs so that all aggregation for it is based off the standard amount field for the opportunity split object. Thank you!,updated the amount field to Split Amount in all columns of the Roll-Up Forecast tab.,Low,Pooled CSM,Zack Helm,"1/29/2025, 1:56 PM",6,Configuration,Forecast - Update,133,53.315
,210863,Level Access,New Account based mode,"We connected with the customer today.
Here is the recording: https://app.clari.com/copilot/call/5bf3c776-5a53-4a00-afec-f78acac0b7aa

I need help creating a new account mode and the forecasting tab.

They have accounts, contracts, and annual spending objects.

Can I connect with someone over Zoom to review the requirements?","I have created the new *Account Commitment* mode which can  
 successfully pull data for *Accounts*, *Contracts*, and *Account Commitment* objects",Low,Matthew Mcginley,Janhavi Wagle,"1/29/2025, 2:38 PM",14,Configuration,Field Config - Update,344,163.3558333
,210892,Planet,Planet -  New Forecasting Tab,"Please build out the new ""Pipe Gen"" forecasting tab for the planet team","Created a new  ""Pipe Gen"" tab",Low,Elizabeth Stoughton,Erin Martinez,"1/29/2025, 6:41 PM",5,Configuration,Forecast - Update,122,48
,210949,Verkada,**Push live on Feb 3** Verkada Forecast Update,"Please update Verkada's tab titled ""Forecast"" on Monday, February 3rd.

All details are outlined in the linked spreadsheet: https://docs.google.com/spreadsheets/d/1iq3qk-358bdIJlj_3p4jq_SQ-uvXkrW4dcifxMlqoK4/edit?usp=sharing","Renamed the columns, updated their formulas, removed the existing columns, and added new columns in the ""Forecast"" tab",Low,Ari Henck,Ari Henck,"1/30/2025, 7:09 AM",5,Configuration,Forecast - Update,134,58.83944444
,211027,Unity Technologies,Query Update - New License and SST tab,"Unity is attempting to edit the Quota query in the New License and SST forecast tab, and running into an issue with a condition.

They to filter out anything that is (Line Type not Renewal AND Product Family not License), essentially filtering out ONLY renewal licenses. However, they're struggling to correctly group conditions together in the query.

Here is the existing query:
Forecast in [""Closed"", ""Commit"", ""Best Case""] AND Scope is ""Owned By Me"" AND 'Forecast Date' is ""__CLARI_FORMULA_DATE_RANGE__"" AND Primary is ""Checked"" AND 'Opportunity RecordType' in [""Core Sales"", ""Online Sales""] AND ('Line Type' is not ""Renewal"" AND 'Product Family [sbqq__quoteline__c.sbqq__productfamily__c]' is not ""License"")

We thought that by adding the parenthesis for the last 2 conditions would work, but the condition is section is kicking out all renewals and all licenses, not just all renewal licenses. 

Is there a better way to write the query or additional guidance you can provide?","updated the query from ('Line Type' is not ""Renewal"" AND 'Product Family [sbqq__quoteline__c.sbqq__productfamily__c]' is not ""License"")

to ('Line Type' is not ""Renewal"" OR 'Product Family [sbqq__quoteline__c.sbqq__productfamily__c]' is not ""License"").
",Low,Ari Henck,Ari Henck,"1/30/2025, 11:28 AM",5,Configuration,Forecast - Update,112,39.77888889
,211025,IntegriChain,Field API Updated,"Hi! I have changed the Name and API name of a field in salesforce and now I am seeing this warning:
FIELD NAME, SALESFORCE FIELD ID, LOST ACCESS DATE AND TIME
BFG Partner,account.bfg_partner__c,Jan 29 2025 2:27 PM EST

We can remove that field in Clari but I am unable to locate it. 

thanks!",Removed the field from the Clari.,P3,Rohit Agarwal,Olivia Homish,"1/30/2025, 11:12 AM",3,Configuration,Forecast - Update,82,22.79194444
,211089,"Confluent, Inc.","Make ""Quota"" column a sum of two columns from different two tabs","Hi team,

Can we have the ""Quota"" column from Total CP ACV and Total CC ACV as a sum of two columns as below, but don't touch the attainment column ""Closed"" on them (We need that).

1) Tab: Total CP ACV -> Column ""Quota"" - Sum of Quota columns of tabs CP New ACV(New Subs Quota) and CP Ren ACV (Renewal Subs Quota)

2) Tab: Total CC ACV -> Column ""Quota"" - Sum of Quota columns of tabs CC New ACV (Quota ) and CC Ren ACV (Quota)

Let me know how this can be achieved without touching the ""Closed"" column associated with them.

Feel free to schedule a call for more discussion.","Customer sorted out the issue
internally.",Low,Whitney Drazovich,Chetan Kulkarni,"1/30/2025, 8:51 PM",13,Configuration,Forecast - Update,292,128
,211094,Globalization Partners LLC,"New KPI, hence need new quarterly forecast","Hi Team,

There are changes to the partner team quota.  Can we add two new tab -Partner SQL Quarterly Forecast and ADP SQL Quarterly forecast.  
These two will be based on opportunity created date.  Attached here excel file for your references.

Can we have these ready by today so i can show my VP?

And one question, is it possible to have 3 actuals vs quota in one forecast tab?
Example:
Partner SQl (actual vs quota), Partner SAL (actualvs quota) and Partner MA (actuals vs quota)

Thank you!

Regards
Sophie","created the new ""Partner SQL Quarterly Forecast"" and ""ADP SQL Quarterly Forecast"" tabs
updated the name of ""Closed Won"" to ""SQL Actuals"" and replaced (opportunity.type = New Business) with (EXCLUDED (opportunity.type = Existing Business)) in all columns ",Low,Andrew Pohlen,Sophie Mok,"1/30/2025, 9:45 PM",7,Configuration,Field Config - Update,151,67.09416667
,211114,BNamericas,"New Columns in ""First Year Portfolio"" tab","Hi,

Please could you help me add 6 new columns to the First Year Portfolio in the Quarter and Monthg.

The columns are exactly thesame as the ones in ""2025 Renewal"" tab:

1) Commit Total
2) Upside Total
3) Best Case Total
4) Commit GRR - Calculation
5) Upside GRR - Calculation
6) Best Case GRR - Calculation

You can see these fields in the screen shot attached, the only difference is that they need to include:
'First Year Client' in [""Checked""]","created six new columns in the First Year Portfolio under the Quarter and Month sections, identical to those in the ""2025 Renewal"" tab, with the filter 'First Year Client' in [""Checked""].",Low,Matthew Mcginley,David Kennan,"1/31/2025, 3:56 AM",9,Configuration,Forecast - Update,228,94.0575
,211127,FD TECHNOLOGIES PLC,The Software YTD tab is looking at the wrong year in the quarter close columns,the annual close date is correctly summing opps in this fiscal year FY 2025 (March 2024 - Feb 2025) but the quarter close numbers are looking at FY2023.  Need the quarters to also be looking at FY2025.  They should then sum up together to be the same as the annual number.  Please resolve.,"Created the new filters for the close date field, and now the ""YTD Software"" tab is displaying the correct year (March 2024 - February 2025) in the quarter duration.
Updated the label for the close date filters.",Low,Toni Pang,Caroline Jones,"1/31/2025, 6:28 AM",4,Configuration,Forecast - Update,92,28.29416667
,211156,Cohesity,"Add additional filter to columns in Renewal(ACV), Splits Renewal(ACV), Renewal Field View ACV tabs","Can we exclude Oppty record type = IBM Opportunity from Columns Renewal Pipeline, Commit Renewal, On Track Renewal, At Risk Renewal in Renewal(ACV), Splits Renewal(ACV), Renewal Field View(ACV) tabs. I tried for Renewal ACV tab in Renewal Pipeline but getting error after save, Can you please check this issue. thanks","We have added exclude Oppty record type = IBM Opportunity for Columns Renewal Pipeline, Commit Renewal, On Track Renewal, At Risk Renewal under Renewal(ACV), Splits Renewal(ACV), Renewal (ACV) Field View tabs",Low,Chris Hughes,Uday Bodduna,"1/31/2025, 9:13 AM",5,Configuration,Forecast - Update,129,56.78277778
,211175,Rapid7,Error when updating forecasting,"Hi, I am trying to update the Baseline column in the CQ OCO Renewal and NQ OCO Renewal. Can someone please update for me? Trying to change the stage filter to the below.

""Open"", ""In Progress"", ""Positioning"", ""Validation"", ""Negotiation"", ""Closed Submit"", ""Closed Won"", ""Closed Lost""",We have updated the Baseline column in the CQ OCO Renewal and NQ OCO Renewal tabs as requested .,Low,Alison Quartironi,Connor Rosenstein,"1/31/2025, 10:06 AM",3,Configuration,Forecast - Update,79,22.59527778
,211198,"Ensono, Inc.",Funnel - Yearly timeframe,"Can you please add the ability in Funnel to show show total oppss in a given year. Ex: This Year, Last Year, etc.",Funnel already displays filter options for This Year and Last Year.,Low,Matthew Mcginley,Edward Fuerst,"1/31/2025, 11:42 AM",4,Configuration,Analytics - Update,88,23.56416667
,211226,Own Company,Re arrange order of Tabs on Forecasting,"Hi Clari Support, 
Please re-arrange the order of the Forecast tabs. See below the order where we are pulling Feb - April tab forward.
1) 1 Feb - 30 April Forecast 
2) 1 Feb - 30 April Pipeline Gen
3) 18 Nov - 31 Jan Forecast
4) 18 Nov - 31 Jan Pipeline gen
5) 1 Nov - 31 Jan Forecast
6) 1 Nov - 31 Jan Pipeline Gen
7) 1 Oct - 31 Jan Forecast
8) 1 Oct - 31 Jan Pipe gen
9) Forecast
10) Pipe gen
11) YTD",Reordered the tab,Low,Nico Alvarez,Deanne Bhamgara,"1/31/2025, 2:53 PM",4,Configuration,Forecast - Update,84,20.39722222
,211228,Illumio,Added Fields Do Not Show Up,"Hi Clari Support,

I recently added the following fields to several opportunity layouts via field configuration, but they doesn't seem to be added. 
Deal Registration # (API: deal_registration_number__c)
Deal Registration Expiration Date (API: deal_registration_expiration_date__c)
Deal Registration Submitted Date (API: deal_registration_submitted_date__c)

The status says this:
Available (In-Progress)
This field is ready for use but will need time to appear in Clari. (Code: EXTRACT_NOT_ENABLED)

Can you please help?

Thanks,
Yusuf",We observed that all the fields provided are in Available status and completely loaded,P3,Alex Ertel,Yusuf Tjhin,"1/31/2025, 3:04 PM",3,Configuration,Field Config - Update,74,17.63944444
,211229,"Cornerstone OnDemand, Inc",Update Widget dashboard for Pipelien Gen,"Current widget pipeline shows: 
1. CQ PIpe Gen Target
2.CQ Qualified 
3. CQ Pipe Gen Forecast
Please update teh widget to show: 
Current widget pipeline shows: 
1. CQ PIpe Gen Target
2.CQ Qualified 
3. FY Qualified","1) Now FY Pipe Gen Target and FY Qualified columns can be added as widget to the any dashboard as requested .

2) We should mandatorily have a forecast column associated with the quota to  add it as a widget to the dashboard

3)we have removed the for",Low,Alison Quartironi,Nhatai Le,"1/31/2025, 3:07 PM",12,Configuration,Dashboard - Update,291,130.6930556
,211249,"Cribl, Inc.",Help with Oppty Grid: Order of Fields,"Hi Team,

Two requests I'm hoping you can assist with:

1) Can we add “Account Name” (or “Name”) as a Filter and a Group within the Opportunity grid? Today, these are not options to select
2) See the attached requirements document. Can you help us get the following column order saved for all Opportunity Grid default views and all Saved and Not Shared Views. I've outlined what should be the first 35 columns that are shown on the Opportunity Grid. I am looking to have everyone's views be standardized across the business.

Requirements doc link > https://docs.google.com/document/d/12qDohxTuaqy4tKDMyon4VgyS01wJSNbWGUG62rYCWW0/edit?tab=t.0

Thank you in advance for the help and assistance.

Matt","added the ""Account Name"" field to the filter and group sections of Opportunity mode and arranged the grid as per the sheet.",Low,Jason Parawan,Matt Ashburn,"2/1/2025, 9:59 AM",10,Configuration,Field Config - Update,239,102.7547222
,211251,Skai,Read Salesforce 'opportunity team',"Hi,
We started working with the salesforce standard object- opportunity team, and we want to bring that data into Clari so we can filter and group by a team member.
Is that feasible? do we need you guys to do the work? is it something that we can do? and if so how?","created the new OpportunityTeamMember mode, and the Opportunity Team Member Name field is now available in the filter and group sections.
added all the filter values  in Opportunity Team Member Name field as requested",Low,Jason Parawan,Kenshoo Admin,"2/1/2025, 10:38 PM",19,Configuration,Other,451,223.6111111
,211267,Baidam Solutions,Commit and Best Case Forecast - Only Include the Forecast category that rolls up,"In Forecast the Commit number that you can Copy to the Commit Forecast, includes the Closed Won as well. I want the Closed Won number to be excluded in the figure, so team Members can Copy to Commit just the Commit Number (Not Commit + Closed Won).In Forecast the Best Case number that you can Copy to the Best Case Forecast, includes the Closed Won and Commit as well. I want the Closed Won and Commit number to be excluded in the figure, so team Members can Copy to Best Case just the Best Case Number (Not Best Case + Commit + Closed Won).e",Updates on configuration of commit and best case columns,Low,Pooled CSM,Beau Hodge,"2/2/2025, 6:04 PM",3,Configuration,Forecast - Update,55,32
,211274,"Sprinklr, Inc.","Remove ""Submitted for Close"" from closed won totals","Can you please help me remove ""Submitted for close from
1. The ""Closed"" Column in the New/Upsell forecast tab 
2. The ""Closed Won"" column in the renewals forecast tab


I am capable of changing renewals but not new upsell and want these 2 changes live at the same time","Removed ""Submitted for Close"" filter from the Close column for both monthly and quarterly in the ""New / Upsell ARR"" tab.",Low,Cortney Fickey,Annika Kallestad,"2/2/2025, 9:23 PM",2,Configuration,Forecast - Update,36,23.12138889
,211362,"Cloudinary, Inc. and Affiliates",Filter out opps with Upgrade_From_Self_Serve__c=true,"Hi 
For the 'increases tab' in the forecasting section and only there please add a condition to filter out all opportunities with the checkbox Upgrade_From_Self_Serve__c = true
all other filters should remain as is. 
from all columns so that these opportunities do not show on the increase tab at all for all won, commit and upside deals and for any stage deal- these deals should not be a part for the data set for this tab.
thanks",We have added a filter  Upgrade_From_Self_Serve__c= Not checked to filter out all the opportunities with  Upgrade_From_Self_Serve__c=true as requested for all the columns under the  'Increases tab'.,Low,Pooled CSM,Shir Marcus,"2/3/2025, 9:10 AM",3,Configuration,Forecast - Update,66,41.67111111
,211383,"Rocket Software, Inc.",Please exclude Renewals-ASG-AMER East-LATAM-Rep role from forecast,"Hello,
Please could you exclude the role Renewals-ASG-AMER East-LATAM-Rep from the forecast views. Previously, we have had a filter on each of the columns to exclude this role so any deals forecasted under it do not roll in. Please could the columns on the forecast module be updated to exclude this owner role. 

Thanks
Matt",added the filter ROLE ID (EXCLUDED) = Renewals-ASG-AMER East-LATAM-Rep to all columns across all tabs.,Low,Elizabeth Stoughton,Matt Bailey,"2/3/2025, 10:26 AM",6,Configuration,Forecast - Update,150,71.55916667
,211462,"Asana, Inc",Please validate my query,"In the ""Forecast"" columnof the 'Forecast' tab I need to include an additional bunch of opps (PS opps with an ARR override).  Last time I tried updating a query on my own it broke everything so I'm being more cautious this time!

I need to capture all opps where
Forecast Category is Commit, Forecast, or Closed Won
Scope is Owned by Me
Close Date is current Q

WHERE

RecordType is Sales, Renewals, Partner
ARR is not 0
Stage in 02, 03, 04, 05, 99

OR

Record Type is PS
ARR override is not 0

Am I getting it?

Current query:
'Clari Forecast Category' in [""Commit"", ""Forecast"", ""Closed Won""] AND Scope is ""Owned By Me"" AND 'Close Date' is ""__CLARI_FORMULA_DATE_RANGE__"" AND 'Record Type' in [""Sales"", ""Partner"", ""Renewals""] AND 'Sales Credited ARR' is not ""= 0"" AND Stage in [""02 Scope Solutions"", ""03 Prove Value"", ""04 Propose & Negotiate"", ""05 Finalize"", ""99 Closed Won""]

Proposed query:
'Clari Forecast Category' in [""Commit"", ""Forecast"", ""Closed Won""] AND Scope is ""Owned By Me"" AND 'Close Date","updated the configuration of ""Forecast"" column of the 'Forecast' tab",Low,Lizzie Rupp,Hans Hoffer,"2/3/2025, 3:59 PM",2,Configuration,Forecast - Update,55,34.00972222
,211493,REMOTE EUROPE HOLDING B.V.,Update SUMMARY (NEW) Tab to include Revenue Motion = API Led in addition to Sales Led.,Update SUMMARY (NEW) Tab to include Revenue Motion = API Led in addition to Sales Led.,"included Revenue Motion = API Led in addition to Sales Led across all columns in the SUMMARY (NEW) tab,",P3,Said Mussa,Hind Zerrouki,"2/3/2025, 11:06 PM",6,Configuration,Forecast - Update,137,64
,211508,Checkmarx,Update filters,"Please update ""Won+Commit"", ""Commit"", ""Upside"", ""Pipeline"", ""Pipeline Rollup"" filters on Renewals tab:
close date: this quarter, last year","We have updated ""Won+Commit"", ""Commit"", ""Upside"", ""Pipeline"", ""Pipeline Rollup"" filters on Renewals tab filter to have close date = this quarter, last year as requested",Low,Toni Pang,Lala Djafarov,"2/4/2025, 3:57 AM",2,Configuration,Forecast - Update,47,30.88083333
,211516,Flock Group Inc.,Create new Forecast tab,"Hi team,
Can we please create another forecast tab, called Forecast (RevOps Testing) that has the same configuration as the existing tab Forecast? Thank you!","Created a new ""Forecast (RevOps Testing)"" tab, which is a replica of the existing ""Forecast"" tab.",Low,Elizabeth Stoughton,Michael Hlebasko,"2/4/2025, 6:17 AM",3,Configuration,Forecast - Update,86,59.70694444
,211600,Boomi LP,Strategic Initiatives Hide Columns,"Hey team, Can you help me hide the first 3 columns of the ""Strategic Initiatives - Test"" Forecast tab?","We have hidden  the first 3 columns of the ""Strategic Initiatives - Test"" Forecast tab as requested",Low,Jason Parawan,Michael Harris,"2/4/2025, 12:15 PM",0,Configuration,Forecast - Update,8,5.748333333
,211595,Canto,Please add a filter option,"Hi Support,

On the Add-on tab, please add the option for the record type of PIM Upsell (ID: 012Sc000003oIzJ) where we are pulling in a record type from Salesforce.

Please add the PIM Upsell (ID: 012Sc000003oIzJ) to the following columns on the Net Retention 2 tab
Add-ons won
Add-ons expected
Add-ons stage 2
Add-ons best case finish 
Thank you!",We have added PIM Upsell (ID: 012Sc000003oIzJ) record type id to the columns provided on the Net Retention 2 tab.,Low,Pooled CSM,Megan Jacobson,"2/4/2025, 11:42 AM",2,Configuration,Forecast - Update,54,37.66861111
,211604,Cohesity,Exclude IBM Opportunity Record Type from Renewal(Closed) Column in Renewal(ACV) and Splits Renewal(ACV),Exclude IBM Opportunity Record Type from Renewal(Closed) Column in Renewal(ACV) and Splits Renewal(ACV),As discussed on the call we have updated all the changes as requested,Low,Chris Hughes,Uday Bodduna,"2/4/2025, 12:28 PM",1,Configuration,Forecast - Update,30,21.52444444
,211597,Exabeam,Forecast Config change request,"Hello,

I'd like to request a new forecast tab. We recently moved to the tab ""Sales (ACV)"" and changed it to default mode as we were merging SFDC instances. Now we would like to move back to products mode on this forecast tab. 

I do not want to overwrite on the current ""Sales (ACV)"" tab, keep it as a back up. We will need all 31 columns on the current Sales (ACV) on the new tab. We currently have an available tab called ""Sales (ACV) 2"" which I would be ok with adding in the 31 columns to match. Or if it's easier, copy the ""Sales (ACV)"" tab and call it Sales (ACV) 3, while changing it to products mode.

Other requirements: 
- Current column name ""Gross ACV-E Booked"" should be changed to ""Gross ACV Booked""
- quota/bookings query: (added ""NOT"" in front of adaptive category listings, can you fix if that is not the correct syntax?)

For Sales Rep and SE:
'Deal Status' in [""Closed-Won""] AND Scope is ""Owned By Me"" AND 'Adaptive Categories' NOT in [""Co-Pilot Analytics Renewal"", ""Cloud AI Subs","Created the new ""Sales (ACV) 3"" tab",Low,Sarah Fagan,David Messerli,"2/4/2025, 12:02 PM",1,Configuration,Forecast - Update,18,10.0925
,211637,Aqua Security,Duplicate Columns for Renewals Tab,"Customer is looking to duplicate columns ""CRO Deals in Forecast"" ""TVP Deals in Forecast"" and ""Deals in Forecast"" from the New & Upsell tab in the Renewals tab using Renewals and Renewals & Upsell opportunities","We have duplicated columns ""CRO Deals in Forecast"" ""TVP Deals in Forecast"" and ""Deals in Forecast"" from the New & Upsell tab in the Renewals tab using Renewals and Renewals & Upsell opportunities as requested",Low,Pooled CSM,Sarah Fagan,"2/4/2025, 2:27 PM",2,Configuration,Forecast - Update,51,35.19944444
,211624,Synopsys Inc.,Update to Calculation in Forecasting,"Hi,

We have a Renewal Rep(shadow) forecast where i would like to add a column and then update the formulas for two of our columns.
New Column - Likely Renewal ACV - this essentially would be the same filtering we have for the Likely forecast, but summarize Renewal ACV Amount and not ACV Amount. so it should be Closed/Commit/Expected
Updates to columns = Gross Retention = this actually should be called Forecasted Net Retention
Net Retention = lets rename to Forecasted Gross Retention and update the calculation to be Likely Renewal ACV (New Column above)/CQ Expiring ACV

please let me know if you have any questions!
thanks
Courtney","Created the new ""Likely Renewal ACV"" forecast column using the ""Renewal ACV Value"" field, renamed the columns, and updated the formula for the ""Forecasted Gross Retention"" calculation column in the ""Renewal Rep (Shadow)"" tab.
Made the 'Likely Renewal ACV",Low,Marina Addonizio,Courtney Holmberg,"2/4/2025, 1:41 PM",3,Configuration,Forecast - Update,78,52.31333333
,211653,GitLab,Gross Most Likely tab,"Hi Team, we will need a new column called ""Gross Most Likely."" Please add this column to the WIP ARR tab for testing purposes using the following filtering to include the Close Date and Split Scope filters:

(Type in [""New Business"", ""Add-On Business""] OR (Type is ""Renewal"" AND (('Opportunity Category' in [""Decommission""] OR 'Net ARR [opportunity.net_arr_2__c]' in ["">=0""]) OR ('Closed Lost/Unqualified Reason' in [""Merged into another opportunity""] AND 'Forecasted Churn (for Clari)' in [""0""])))) AND 'Net Most Likely' in [""Checked""] AND Label is ""Net ARR""","created the new ""Gross Most Likely"" column and updated the Net Most Likely column in the WIP ARR tab",P3,Lizzie Rupp,Kathleen Rintelman-Betances,"2/4/2025, 5:44 PM",2,Configuration,Forecast - Update,41,24.96444444
,211646,Wind River Systems,Please duplicate the columns on our forecast tab 'Total' to 'China' and 'Japan',"I need to duplicate my 'Total' forecast tab to the Japan and China tabs. I will also be adding the filter to all the columns for China and Japan to be 	Primary_Country__c = ""CHINA"" or	Primary_Country__c = ""JAPAN"" respectively.

Thanks!","1)The opportunity.primary_country__c Field is completely loaded 

2) We have updated the Japan and China tab to  match the 'Total' forecast tab by completely replacing the current columns in the China and Japan tabs as confirmed",Low,Jason Parawan,Andrew Dahlkemper,"2/4/2025, 4:14 PM",11,Configuration,Forecast - Update,267,129.7502778
,211690,THE BEATLES _ TESTING,Change Product Configuration Test1,Change Product Configuration Test1,Part of testing,P3,Winnie Nguyen,George Harrison,"2/5/2025, 4:58 AM",0,Configuration,Forecast - Update,18,13.03027778
,211750,Eptura,Build Request: Thoma Bravo Dashboards,"Hi team!

This customer is part of the Thoma Bravo portfolio. Can we please get the standard TB dashboards in this org?",n/a,Low,Sarah Fagan,Ali Brustad,"2/5/2025, 9:21 AM",7,Configuration,Dashboard - Update,178,88.64833333
,211798,Recorded Future,Add  'Available to Renew' column in Net New Performance tab,"Hello,

Please add a column titled ""Available to Renew"" to the Net New Performance tab directly to the right of the 'N+U Forecast' column with the logic as follows: 

Stage = Closed Won
ARR End date = 12/31/2024 through 3/30/2025
Opportunity Type = Existing Cust - License or Suppt Renewal

Calculating on the ARR field","We have  added a column titled ""Available to Renew"" to the Net New Performance tab directly to the right of the 'N+U Forecast' column with the logic provided",Low,Andrew Seymour,Brian Maher,"2/5/2025, 11:56 AM",1,Configuration,Forecast - Update,18,10.01305556
,211805,Recorded Future,Adding Reverse Churn Column to Net New Performance tab,"Hello, 

On our net new forecasting tab we have a 'Reverse Churn' column, we would like to add that column with no changes to logic into our net new performance tab, directly next to the churn forecast column",We have adding 'Reverse Churn' Column into Net New Performance tab as requested,Low,Andrew Seymour,Brian Maher,"2/5/2025, 12:21 PM",1,Configuration,Forecast - Update,18,9.613888889
,211803,Recorded Future,Adding 'Summed Churn' Column into Net New Performance tab,"We have a 'Summed Churn' column in the Net New Forecasting tab and we need to add that column with the same logic into our Net New Performance tab, directly on the right on Churn Forecast column",We have adding 'Summed Churn' Column into Net New Performance tab as requested,Low,Andrew Seymour,Brian Maher,"2/5/2025, 12:19 PM",1,Configuration,Forecast - Update,29,21.05222222
,211794,"Digital Realty Trust, Inc., its general partner",add field to forecasting views,"Please help me add field ""Link to EMEA SFDC"" fall all underlaying views in Forecasting and all existing views between Name and CRM score columns.","We will not be able to add any other column in between  Name and CRM score columns ,as the  Name and CRM score  as coming by default and will be able to be change the order if this two columns

We have added ""Link to EMEA SFDC"" field after the owner fie",Low,Lizzie Rupp,Olena Reese,"2/5/2025, 11:32 AM",12,Configuration,Forecast - Update,294,134.0605556
,211801,Synopsys Inc.,Synopsys GTM Clari - Please update to Forecast via Forecast Configuration file attached - create 2 new tabs and add columns,"Hello Clari support,

Attached is a new forecast configuration file that we need to implement in GTM Clari Sandbox (org ID 2749).   File attached is clari_forecasting_config_S_A_02042025.xlsx. 

Forecast Module
•	We want to create two new forecast tabs (as highlighted in yellow) and have the following forecastId assigned to them respectively (see attached excel file for details):
1.	forecastId=forecast_sa		(tab title:  S&A)
2.	forecastId=forecast_sa_rev  	(tab title: <please leave blank intentionally>)

•	We want to make a few text changes (bolded in red and highlighted in grey) and add columns (highlighted in yellow) to existing forecast tabs with following forecastId  (see attached excel file for details):
1.	forecastId=summary
2.	forecastId=summary_rev

Forecast Configuration

•	In addition, we also want to change the Component Field Aggregation, for forecastId=summary (Total Forecast Summary tab), under Forecasted Bookings in Forecast Configuration. 

•	And change the Component Fie",created two new tab S&A (forecastId=summary) and Blank (forecastId=summary_rev)  and updated the configuration of Total Forecast Summary and blank tab(fc_summary_rev) tab,P3,Marina Addonizio,Carol Cabezas,"2/5/2025, 12:18 PM",11,Configuration,Forecast - Update,261,117.6988889
,211815,"Lakeside Software, LLC",Lakeside - New Forecasting Tab,"Please create a copy of the existing ""Forecast"" forecasting tab using the Partner Manager Mode.
Please title new forecsating tab ""Partner Manager""","Created the new tab ""Partner Manager"" under the Products mode.",Low,Tyler Jass,Erin Martinez,"2/5/2025, 1:21 PM",5,Configuration,Forecast - Update,127,52.64138889
,211844,FloQast,Attainment Tab Not Populating as Expected,"We’re experiencing an issue where the Attainment column in the Attainment tab of the Forecast module is showing null values across the board. We have closed AE upsell deals, which should be reflected in this column based on our definition.

Our expected logic:
The Attainment column should reflect the roll-up of Discrete Expansion ARR on all deals where:

Opportunity Type = Amendment and Renewal
AE Owner is not null

However, despite meeting these criteria, the column remains empty.
Our Clari representative (Erin Yzquierdo Martinez) reviewed this and could not determine why the data is not appearing. They recommended opening a support ticket for further investigation.
Could you please investigate and let us know if there are any configuration issues or data processing delays affecting this column?

Priority: High (as this impacts visibility into AE attainment tracking)",updated the Attainment column in the Attainment tab and it's not showing any errors,Low,Matthew Mcginley,Casey Scurich,"2/5/2025, 4:40 PM",4,Configuration,Forecast - Update,101,33.33277778
,211853,Cohesity,Add new Field Cloud Provider for Co-Sell,Add new Field Cloud Provider for Co-Sell to enter on Clari,The filter is  now visible under the all the views we added it to,P3,Chris Hughes,Uday Bodduna,"2/5/2025, 9:28 PM",2,Configuration,Field Config - Update,45,32
,211881,Checkmarx,Updates to Renewal tab,"1. add column:
Name: Early Loss
Amount: Expected Renewal ACV
Close Date: Last Year
Expected Renewal Date: This Year
Stage: Closed Lost
Opportunity Type: Renewal
Expected Renewal ACV (Excluded): =0

2. Add column:
Name: Early Won w/Downsell
Amount: Decreased ACV (from EACV)
Close Date: Last Year
Expected Renewal Date: This Year
Deal Status: Closed-Won
Opportunity Type: Renewal
Expected Renewal ACV (Excluded): =0

3. Remove column ""Commissionable EACV""

4. Adjust Realistic filters:
a. remove close date filter
add ""In Clari forecast"" = checked 

5. Adjust Best Case filters:
a. remove close date filter
b. add Forecast Category: Commit, Closed, Upside

6. adjust ""Actual ORR"" column formula:
Closed /
Expected Renewal Total - Early Loss - Early Won w/Downsell

7. adjust ""Estimated ORR"" column formula:
Closed + Realistic total / expected renewal Total Total","created the Won Before 2024 column and updated the configuration for the Early Loss & Early Won w/ Downsell, Estimated ORR, and Actual ORR columns in the Renewal tab.",Low,Toni Pang,Lala Djafarov,"2/6/2025, 2:03 AM",1,Configuration,Forecast - Update,26,18.01138889
,211898,Check Point,Change in the forecast cell formula,"Hi,
Today, Clari’s forecast cell has a formula calculated as follows:  FCST call / CQ Target (core)
we’d like to change it to be calculated as: FCST call + OSOF (core) / CQ Target (core)\
we'd like that to be implemented in the Sandbox and, after we confirm, in the Production.
Thanks","In the sandbox, I have hidden the blue line in the FCST Call column and created a new calculation column next to it, which calculates:

(FCST Call + OSOF (Core)) / CQ Target (Core).

Also updated the formula for the ""FCST Call with Secured / CQ Target",P3,Toni Pang,Idan Saranga,"2/6/2025, 5:14 AM",17,Configuration,Forecast - Update,421,188.7655556
,211918,UiPath,Forecast Opt-ins,"Hi team,

We are creating a new ETM model in Salesforce and creating a new one. The updates in Salesforce will be completed over the week-end but we will need to re-do all forecast opt-ins in Clari on Monday - 8 AM UTC.

I will provide a template with the mappings, as discussed with our CSM and Daniel Mosbarger, on Friday.
Raising the ticket now to provide visibility over the request and confirm support can be provided.

Thank you!","bulk opt-in for OWNERS and MGR has been completed, with a total of 2,999 records processed.

Please note that the Viewers opt-in cannot be done in bulk and will need to be handled manually.",P3,Cortney Fickey,Sabin Cigaran,"2/6/2025, 6:20 AM",10,Configuration,Forecast - Update,243,107.6644444
,211892,Bynder,Query contraction forecast+ churn,"Hi team - In our ""Forecasting"" tab we have:
- Contraction
- Churn
In the contraction worst case and best case columns we have a query which shows:
Best case: confirmed contraction + open pipeline contraction
Currently, I think it is pulling all ""Total renewal upsell ARR"" values, so both positive and negative. When I go into the deals and change the filter to only show the <0, it gives the right number. But when I open the deals, also deals with >0 are included. I've attached a video of what I think is happening. Can you fix this?

In addition, in the churn tab, we still have the ""churn forecast"" column - this is linked to our NNARR tab - can you remove this column and link the ""best case"" for churn to the NNARR formula?
Thank you!","1) We have updated the filter under the Downsell tab to pull in opportunity’s that are < 0.


2) The total under the  Best Case scenario column is populated based on the filter that is used to create this column and the 
""This is the sum of all deals ",Low,Rohit Agarwal,Mandy Van Rijn,"2/6/2025, 4:27 AM",5,Configuration,Forecast - Update,130,58.43305556
,211904,Check Point,Hiding the Targets columns from all tabs but Total Forecast,"Hi,
We'd like to ask you to hide the following ""target"" columns from all the tabs BUT the Total Forecast tab (don't hide them from the Total Forecast tab). Please execute in both the Sandbox and Production. There is no need to wait for our confirmation. Thanks
1. Open Coverage to Target.
2. Total Funnel From Target.
3. CQ Target.
4. FY Target.
5. FY Target (core).
6. CQ Target (core).
7. Gap To YTD Target (core).",hidden the specified columns from all tabs except the Total Forecast tab in both Production and Sandbox.,P3,Toni Pang,Idan Saranga,"2/6/2025, 5:24 AM",5,Configuration,Forecast - Update,123,51.35083333
,211920,GitLab,Clari FY26 Forecast Changes - 2-10 Go Live,"Hi Team, creating this ticket for 2-10 prioritization.

We will need to make changes to the ARR and Renewal ARR tab.

For the ARR tab, please update the Net Most Likely column and add a Gross Most Likely column. These columns should match the logic of the same columns in the WIP ARR tab.

For the Renewal ARR tab, please add the Worst Case Forecasted Churn and Most Likely Forecasted Churn columns. These columns should match the logic of the same columns in the WIP Renewal tab.

These changes must go-live on Monday, February 10th. We are finalizing changes in the WIP tabs until then.","updated the Net Most Likely column and added a Gross Most Likely column in the ARR tab, using the same logic as these columns in the WIP ARR tab.

Additionally, I have added the Worst Case Forecasted Churn and Most Likely Forecasted Churn columns in the",P3,Lizzie Rupp,Kathleen Rintelman-Betances,"2/6/2025, 6:25 AM",5,Configuration,Forecast - Update,114,43.5775
,211919,UiPath,New ETM Model - Saved View Filter Changes,"Hello team,

We are deleting our ETM model from Salesforce and creating a new one. With this change, all Clari Saved Views that had been previously filtering for a specific territory will error out unless the old filter Territory ID values are mapped to the new ones.

The changes will be completed in Salesforce on Monday and I will revert back on the ticket with the ID mapping on Monday, 12 PM UTC.
Can I please confirm that someone will be available to assist us with the request then? We need to time the updates.

Thank you!","updated the saved views, and the old Territory ID values are now mapped to the new ones.",P3,Cortney Fickey,Sabin Cigaran,"2/6/2025, 6:23 AM",10,Configuration,Saved View - Update,243,107.6011111
,211930,Flexera,Adjusting Filters,"Hi,

In the Renewals section which is under Barb Boyer, could you please ensure that the following filters in the attached screenshot are applied to all columns in the Renewal Rate and Bookings (Renewals) tabs? I had a ticket submitted last year where I thought this was all done but I found that the Opty Projection and Lost Renewals columns in the Renewal Rate tab still don't have all of these filters applied. 

Essentially I'm asking for the Reason Lost field to exclude ""Duplicate"", ""Merged with Existing Opportunity"", the Reason Lost Detail field to exclude ""Bad Renewals Data"", ""Duplicate Oppt"", ""Merged into another oppt"", and Reason of Churn field to exclude ""Duplicate"".

Please let me know if there are questions. Thanks.","Used the ""Lost field to exclude ""Duplicate"", ""Merged with Existing Opportunity"", the Reason Lost Detail field to exclude ""Bad Renewals Data"", ""Duplicate Oppt"", ""Merged into another oppt"", and Reason of Churn field to exclude ""Duplicate"" for the columns of",Low,Nico Alvarez,Connor Backus,"2/6/2025, 7:02 AM",9,Configuration,Forecast - Update,229,106.9527778
,211950,Onfido Ltd,Forecasting with Splits,"Hi team,
We currently not use splits in our Forecasting. But there is a possibility that we'll use Opportunity Splits much more in the future. This means that we will want to allocate Bookings and Commit according to the Opportunity Split.

Is this possible?

Thanks,
Anais",-,Low,Andrew Pohlen,Anais Bernard,"2/6/2025, 8:46 AM",7,Configuration,Forecast - Update,176,87.9325
,211946,Hasura,Change Forecast from Monthly to Quarterly,"Hi - For the following forecasts, I am looking to change it from a Monthly forecast (need to submit a number for each month) to a Quarterly forecast (need to only submit a number for the quarter).
* New ARR
* Expansion ARR
* Renewal ARR",Removed the monthly 'Commit' and 'Best Case' columns from the 'New ARR' and 'Expansion ARR' tabs.,Low,Pooled CSM,Joyce Martinez,"2/6/2025, 8:37 AM",6,Configuration,Forecast - Update,155,73.36944444
,211984,LegitScript,LegitScript - Update for Total Bookings + Summary Tab,"Hi Team, please review this Copilot call: https://copilot.clari.com/guest/sharedCall/67a5045a728f380583c11065 prior to making any changes - 

In Total Bookings we need to add in SSFG - Won and SSFG - Forecast

On summary they need Target SSFG added, gap to go, ssfg forecast, ssfg remaining forecast - it needs to essentially mirror what is being shown with SSC","added the new columns in the ""Total Bookings"" and ""Summary"" tabs",Low,Pooled CSM,Sarah Michelle Smith,"2/6/2025, 10:54 AM",4,Configuration,Forecast - Update,106,39.08916667
,212116,FloQast,Follow-Up: Modifications to Attainment Tab & Column Adjustments,"This is a follow-up from case 00211844 (Support Rep: Satyajit), who previously assisted in fixing an issue with our Forecast - Attainment tab. While some updates were made, we are still experiencing an issue where the Total Attainment (New Logo + Expansion) is no longer visible. This is causing the Total Closed Business to reflect as 0%, which was not the case before.

Additionally, I was advised to submit a new support ticket for further modifications to better align the Attainment tab with our current forecasting structure:

Restore & Adjust Total Attainment Calculation:
-Add back a ""Total Attainment"" column, which sums New Logo Attainment and Expansion Attainment.
-Confirm why Total New Business is currently displayed as a (%) instead of a rollup of New Logo + Expansion Attainment as a $ value.



Column Order Adjustment (Ideal Order Below):
New Business Quota (Reps enter their total quota—New Logo + Expansion)
New Business Attainment (New Logo Attainment + Expansion Attainment)
Gap",Modified the columns of Attainment tabs as per the discussion on call,Low,Matthew Mcginley,Casey Scurich,"2/7/2025, 8:36 AM",10,Configuration,Forecast - Update,251,105.3963889
,212097,Flexera,Urgent - Renewals Forecast Value Issues,"Hi,

This morning we have noticed several issues with Clari on the renewals business which is under Barb Boyer. I submitted a ticket yesterday which was completed (00211930) but now we are having issues with the data being correct, and some of the data wasn't even under the scope of that ticket. 

Under the Closed to Date columns it is now showing Closed Lost deals which should not be happening. This has never happened before so not sure what's changed, but these columns should only be for Closed Won opptys.
Under the Opty Projection column it's also now including Lost deals which should not be happening. We have a column labeled Lost Renewals so we do not need to show those deals anywhere else. 

This is urgent because our entire Renewals view is wrong right now. If you can reverse what was done in that ticket I mentioned that may be a good start.

Thanks,
Connor",We have reverted back the changes that was implemented under the case -00211930 as confirmed,Low,Nico Alvarez,Connor Backus,"2/7/2025, 7:20 AM",11,Configuration,Forecast - Update,277,122.6525
,212128,ThousandEyes,Change to Conversion % Column in Renewal ACV forecast tab,"Hi we need to make a change to the Conversion % columnin our Forecast Tab called Renewal ACV. 

This is the current formula:
= ( Leader Commit – Goal – Closing ) / ( Committed + Strong Upside + Weak Upside + Maintenance + Early Renewals )

New formula:
= ( Leader Commit – Goal – Closing ) / ( Committed + Strong Upside + Weak Upside)

This would be for the quarter view and the monthly view please.","We have updated the formula for the Conversion % column under the tab Renewal ACV as requested 
But under the monthly section we dont have a goal column",Low,Matthew Colangelo,Clay Swenson,"2/7/2025, 9:37 AM",3,Configuration,Forecast - Update,80,24.08083333
,212136,"AlphaSense, Inc.",Enterprise Intelligence Tab Updates,"AlphaSense is restructuring their Enterprise Intelligence forecasting tab. I have outlined the changes in the attached spreadsheet and highlighted in blue.

The biggest change is that certain columns will be referencing the Product mode as opposed to the Opportunity or Split mode.","Updated the ""Enterprise Intelligence"" tab as per the sheet",Low,Andrew Pohlen,Ari Henck,"2/7/2025, 10:10 AM",10,Configuration,Forecast - Update,252,103.8205556
,212149,"Claroty, Inc.",Claroty Request to Update Opp Grid Field,"Hey team - Claroty added a ""Claroty management support needed"" field but only want to see it in one view since it is specific to their renewals only. In field config it only allows them to add it to all opp grid views. 

1. Is there a way to add it to only one view? (Current CQ: Renewals (Ben))
2. If not, is there a way our team can update their instance to where it only shows in this view: Current CQ: Renewals (Ben)

They have a lot of views that they would have to manually update if not. 

Let me know our options and thanks in advance!","updated the saved views, and the ""Claroty Management Support Needed"" field is now available only in the Current CQ: Renewals (Ben) view.",Low,Christopher Williams,Christopher Williams,"2/7/2025, 11:00 AM",4,Configuration,Field Config - Update,94,29.7725
,212133,ITRS Group,Change a formula in Forecasting,"Hello,
Please can you change the formula attached to the below:
= (Closed + Closed Downticks + Closed Lost Renewals)

Thanks
araC","We have updated the formula for the  ""This Year Net ARR"" column under the Annual Attainment tab  as requested",Low,Pooled CSM,Cara Rogers,"2/7/2025, 10:01 AM",0,Configuration,Forecast - Update,9,7.9725
,212168,Phenom People,Updating dashboard widgets,We're looking to update the Current Q Forecast widget on the Acct Mgmt - Weekly Forecast Dashboard to reflect Commit instead of Call. How do I make this update? Thanks!,updated the Current Q Forecast widget on the Acct Mgmt - Weekly Forecast Dashboard to reflect Call instead of Commit in the Upsell tab.,Low,Asante Muhammad,Meghan Doligalski,"2/7/2025, 12:23 PM",4,Configuration,Dashboard - Update,92,28.39555556
,212178,"ConnectWise, LLC",Forecast Config,"Hi Team,

Please create 4 new tabs. The Acquisition Forecast, Expansion Forecast, and Growth Forecast tabs should essentially be clones of the current/existing ""Forecast"" tab in the customer's instance with a few name changes to columns and removal of the quota column. 

Please see requirements here and let me know if you have any questions. Also no one should be opted into the new tabs yet. 

https://docs.google.com/spreadsheets/d/1jioRrbT8ClqULhBDGkNj53vb23X3bFXjNBcF79Ji0AA/edit?gid=1738563410#gid=1738563410","Created the ""Summary"", ""Acquisition Forecast"", ""Expansion Forecast"" and ""Growth Forecast"" tabs",Low,Nico Alvarez,Nico Alvarez,"2/7/2025, 12:55 PM",8,Configuration,Forecast - Update,199,85.07055556
,212170,Atlassian Pty Ltd,Atlassian | - Getting Nick Feeney's Loom SSE Total Outlook to roll up into the Total SSE Tab,We need to get the total outlook from the loom tab added a hidden reference field to the total outlook tab and then add that field id as part of the composite criteria,"referenced the Total Outlook column from Loom - SSE in the ""Total SSE"" tab, and it is now used as a composite in the Total Outlook column of the ""Total SSE"" tab.",Low,Chris Hughes,Chris Hughes,"2/7/2025, 12:31 PM",2,Configuration,Forecast - Update,52,5.474722222
,212246,"Aptean, Inc.",Update to Forecasting Config,"Hi Config Team,

Please could you add an exclusion to all of our forecasting columns to exclude anything where the account.Internal_Testing_Account__c is marked true?

If you need any further information please let me know.

Thanks,
Laura","1) The field opportunity.account.internal_testing_account__c is completely loaded.
2) We have added filter to exclude account.Internal_Testing_Account__c is marked true under all the columns and under all the forecast tabs as confirmed .",Low,Nico Alvarez,Laura Day,"2/10/2025, 4:03 AM",14,Configuration,Forecast - Update,334,158.4952778
,212286,GitLab,Remove Forecast columns from PS Bookings tab,"Hi Team, please remove the Most Likely and Best Case columns from the PS Bookings tab. I understand these columns contribute to calculations in another tab but we are not using the tab it feeds into this fiscal year. Thank you!","- Removed the ""Most Likely"" and ""Best Case"" columns from the ""PS Bookings"" tab.
- Made the 'Most Likely' and 'Best Case' columns visible in the 'PS Bookings' tab.",P3,Lizzie Rupp,Kathleen Rintelman-Betances,"2/10/2025, 7:50 AM",11,Configuration,Forecast - Update,277,154.155
,212319,GitLab,WIP New Logo,"Hi Team, I created a WIP New Logo tab. Please update the column configuration to count the number of opportunities and reflect that in the Plan, Closed and Forecast columns instead of a dollar amount. Example: Sales would be forecasting 3 or 4 new logo opps versus a $50,000 value of new logo opps. Thank you!","The count will be display based on the type of amount field used in the columns. The 'opportunity.net_arr_2__c' (Net ARR) field, which is a currency type, has been used for the 'Plan' and 'New Logo Forecast' columns in the 'WIP New Logo' tab.
Changed the",P3,Lizzie Rupp,Kathleen Rintelman-Betances,"2/10/2025, 10:05 AM",4,Configuration,Forecast - Update,91,58.71861111
,212348,"Cybereason, Inc.",Add Column to Forecast Tab - Global Renewals ARR Date,"Hi Team, 

Can you please add a column called ""Partial Churn"" to ""Test Global Renewals ARR Forecast View""?

Summarize ""New ACV""
'Deal Status' in [""Closed-Won""] AND 'Scope (Renewals)' is ""Owned by Me"" AND 'ACV/ARR Date' is ""__CLARI_FORMULA_DATE_RANGE__"" AND 'Deal Type' in [""Renewal"", ""Renewal + Upsell"", ""Renewal + Cross Sell""] AND 'Account Type' in [""Customer"", ""Former Customer"", ""MSSP Customer"", ""Former MSSP Customer""] AND 'Closed Reason' not in [""Data Hygiene/Duplication""] AND 'New ACV' in [""<0""]","We have created the new column called ""Partial Churn"" under ""Test Global Renewals ARR Forecast View with the filter criteria provided",P3,Jason Parawan,Kristen Loomis,"2/10/2025, 12:49 PM",1,Configuration,Forecast - Update,26,18.04277778
,212387,"Celigo, Inc.",Build New Forecast Tab for testing,"Hello,

Reaching out to you as we would like to build a new test tab in Clari forecasting. Please see attached the requirements for the new forecast tab (name Testing Net New ACV). This new tab has columns similar to our current Net New ACV forecast tab and I have marked the changes in red in the attached Excel file. 
Please ensure the new forecast tab is only shared with the 'Sales Integration' user since we are internally testing this tab. Also, creating this test forecast tab is a high-priority project for us since it is impacting our CRO forecast calls. Appreciate your assistance in building this forecast tab and let me know if you have any questions.

Thanks,
Shivani Gortekar
Sales Operations
Celigo Inc.","created the new ""Testing Net New ACV"" tab as per the sheet.
and updated the calculation formula of Delta To Commit,  to ""Forecast - ClosedWon - Commit"", InQtr Ratio,' 'Forecast,' and 'Mgt Adjustment' columns.
Along with this created the new New Business",Low,Sarah Fagan,Sales Integration,"2/10/2025, 4:52 PM",8,Configuration,Forecast - Update,195,97.11944444
,212395,Notion,Whitelist & Create First User - Notion,"This new logo account has just signed. Please check Subscription Start Date ""February 10, 2025"" and if within 2 weeks of todays date, proceed with whitelisting the account domain, update Clari org ID field under Clari Adoption snapshot in SFDC, and confirm whether they have already been added based on POC. If Subscription Start Date is greater than 2 weeks, then update the Requested Completion date to 2 weeks prior to Subscription Start Date. New logo account website for domain is ""https://www.notion.so/""",n/a,Low, ,Dawn Perkins,"2/10/2025, 6:39 PM",3,Configuration,Other,70,46.71416667
,212390,Okta,Add new column in Sandbox for PS Global Services and EDU Global Services Forecast tabs,"Hi all,

Please create 1 column within each of the following:
PS Global Services tab
Global Services Forecast tab

The field should be called 'Forecasted Deal Total—Best Case,' and the logic should mirror the existing logic within the 'Forecasted Deal Total' tab, with one change.

The logic needs to add an additional value of 'best case' for both the IC and Manager formulas.

EG
'PS Forecast Category' in [""Commit"", ""Best Case"", ""Forecast""] AND 'Opportunity Mapped PS' is ""Owned By Me""","We have created the new column' Forecasted Deal Total—Best Case,' according to the requirement provided under the the PS Global Services and EDU Global Services Forecast tabs",P3,Matthew Colangelo,Ricco Ugas,"2/10/2025, 5:27 PM",1,Configuration,Forecast - Update,21,13.39972222
,212441,Recorded Future,Change to 'Churn Rate' column on forecast tab,"Hello,

On our Net New Performance tab our churn rate % calculation is currently = ( Summed Churn – Reverse Churn ) / Expiring ARR

Can we adjust that to be = ( Summed Churn – Reverse Churn ) / Available to Renew

Available to renew will be the column 3 to the left of the churn rate % on this tab.

Please let me know any questions, thanks!

 Brian","We have updated the ""Churn Rate"" calculation column under the Net New Performance tab to  Summed Churn – Reverse Churn ) / Available to Renew as requested .",Low,Andrew Seymour,Brian Maher,"2/11/2025, 6:35 AM",1,Configuration,Forecast - Update,32,24.46138889
,212464,"Docker, Inc.","Need to add a couple filters to all Dashboards, Saved Views and Analytics","Hi Team, Can we please add the following filter to all Dashboards, Saved Views and Analytics:

- Product Category ? (Not equal to) Dockercon
- Account Name ? (Not equal to) DockerTest","Excluded the following filters from the  Dashboards, Saved Views and Analytics.
Product Category ? (Not equal to) Dockercon
Account Name ? (Not equal to) DockerTest",P3,Ari Henck,Matt Zagers,"2/11/2025, 8:00 AM",1,Configuration,Dashboard - Update,36,25.98583333
,212500,Alight Solutions,Enable Forecast Call field for Individual Contributors,"On our main Forecast tab (tab name = Forecast), please enable the ""Forecast Call"" column for the Individual Contributor user type.

In other words, our current config for that column has Excluded User Types = Individual Contributor, and we need that exclusion removed.","enabled the ""Forecast Call"" and ""Forecast Roll-Up"" column in the Forecast tab for the Individual Contributor user type.",P3,Liz LeDoux Tajonar,Peggy Sue Marlin,"2/11/2025, 10:02 AM",2,Configuration,Forecast - Update,45,29.10777778
,212497,"Alteryx, Inc.",Alteryx - n Quarter Renewal Rate Tab,"See attached document outling column queries along with visual mock up of what their new tab will look like and will be named:  ""In Q ECUR""","Creation of the ""In Q ECUR"" tab based on the requirement.",Low,Marina Addonizio,Marina Addonizio,"2/11/2025, 9:50 AM",52,Configuration,Forecast - Update,1256,616.1547222
,212523,"Dataiku, Inc.",Forecasting tabs configuration,"Hello Clari team! Could you please help make the following updates on the 'Pipeline Generation' tab:
1. Hide column 'Number of Goals'
2. Hide column ' 'Goal to Champion %'

Thank you,
Inna",We have hidden the 'Number of Goals' column as requested,Low,Lyuda Rogers,Inna Logunova,"2/11/2025, 11:52 AM",2,Configuration,Forecast - Update,53,36.82805556
,212553,"Navan, Inc.",Build Change ticket,"I want to have a new input similar to commit and best case in our forecast module which will be labeled CTTP or Forecast, Which the leaders will have to populate with their gut of where they think they’ll land. It’s not something that I need driven out of salesforce but I want it in Clari and leaders populating similar to how they populate commit and best case. Can you please help me?","created the new ""Expense ER"" tab and added the CTTP column in each tab between Commit and Best Case, as requested.
As request hidden the CTTP column in all tabs and now all the user have access to ""Expense Er"" tab same as other tab.",P3,Asante Muhammad,Brian Guimond,"2/11/2025, 2:00 PM",5,Configuration,Forecast - Update,129,51.99083333
,212552,Honeycomb,Trying to remove monthly forecast columns/inputs,"Hi - we are currently trying to reconfigure our forecasting module to remove monthly input numbers entirely and only have quarterly inputs. Could you help with this? 

Right now we have a composite field in the quarterly forecast numbers that is a rollup of monthly inputs. Can we change this entirely and just make it a manual input? We want to get rid of the monthly fields completely.",We have removed the monthly column from the New/Exp forecast and renewals forecast tabs as confirmed,Low,Pooled CSM,Laura Krieger,"2/11/2025, 1:59 PM",2,Configuration,Forecast - Update,51,34.70138889
,212693,"Infor (US), LLC",Update Forecast Config,"Hi, could you please make the following changes to both the GPS Bookings Forecast and the IMS Forecast tabs.

1. The ""YoY"" column should equal ""Bookings Forecast"" / ""Actuals (4Q Ago)""

2. Add a column to the left of ""Forecast Coverage to Go"" titled ""Forecast to Go"" which is equal to the ""Bookings Forecast"" minus Actuals.

3. The ""Field Commit Coverage v Forecast to Go"" column should show ""Total Commit Forecast Category"" divided by ""Forecast to Go"" as a coverage ratio.

4. The ""P3 + P4 Pipeline Coverage v Forecast to Go"" column should show ""P3 + P4 Pipeline"" divided by ""Forecast to Go"" as a coverage ratio.","updated the configuration for the specified columns in the GPS Bookings Forecast tab. However, for the IMS Forecast tab, I was only able to modify the YOY columns, as the other columns were not present.",Low,Stephanie Ervin,Stephanie Ervin,"2/12/2025, 11:31 AM",4,Configuration,Forecast - Update,105,38.48166667
,212706,Clari House Account,o:13 delete the following fields from field configuration and any modes that it's leveraged in,"- Gainsight Health Score,account.gainsight_health_score__c,Jan 16 2025 9:43 AM CST
- zzAccount Health,account.account_health__c,Jan 13 2025 9:59 AM CST
- SBS: Product Satisfaction,account.sbs_product_satisfaction__c,Jan 27 2025 2:26 PM CST
- SBS: Color Co",Removed the fields from the forecast configuration,Low,Jessica Starr,Michelle Vu,"2/12/2025, 12:26 PM",8,Configuration,Field Config - Update,196,100.0094444
,212742,"BitSight Technologies, Inc.",Remove 2 Columns from our Renewals Forecast tab,"Hi Clari Team ~ Can you please remove the following 2 columns off of our Renewals forecast tab?

""Target Renewal"" and the ""Target Renewal Rate %"" columns need to be removed (I've attached a screenshot as well)

Thank you!","We have removed the Target Renewal"" and the ""Target Renewal Rate %"" columns from the Renewals forecast tab as requested",Low,Elizabeth Stoughton,Justin Shalek,"2/12/2025, 9:47 PM",5,Configuration,Forecast - Update,116,48
,212754,FD TECHNOLOGIES PLC,Forecast for Renewals Filters require changes,"Two main issues with the Renewal Tab within the Forecast section of Clari:  
1.  The filters on this tab are for Renewal ACV >0 but this also returns opportunities where the Renewal ACV is blank, can we add that too?  So that we only get opportunities included in the opportunity list that have a Renewal ACV value, not blank or 0?
2.  The closed number in the open renewals column has a filter for the forecast at that level i.e. CRO forecast, manager forecast or owner forecast, but this is set for the forecast values of open ops and is therefore returning a 0 for each level.  The forecast value it should be filtered by is Closed.  Or that filter can be removed on closed as the stage should return what we need.  I have attached snippets to guide you to this issue.
Please can these two issues be resolved.","Created >0 filter value for Renewal ACV field.
and We will not be able to remove any filter in the closed section of any columns",Low,Toni Pang,Caroline Jones,"2/13/2025, 2:13 AM",1,Configuration,Forecast - Update,23,15.77583333
,212753,SnapLogic,Changing the UPR,"Please replace all UPR API's in our Forecast Dashboard as well as the opportunity reports that sit behind them. We also need this updated in Analytics. The new Up Fore Renewal API is below.

ACV_Avg_Up_for_Renewal__c","Replaced the 'opportunity.up_for_renewal__c' field with 'opportunity.acv_avg_up_for_renewal__c' in the Forecast Dashboard, Opportunity reports, and Analytics.",Low,Pooled CSM,Chris Barton,"2/13/2025, 2:10 AM",28,Configuration,Forecast - Update,677,326.4797222
,212816,Hewlett Packard Enterprise,Add fields Forecast GBU and Forecast PL in CLARI Sandbox,"Add fields Forecast GBU and Forecast PL in to opportunity module as fields, filter and groups in CLARI Sandbox.
field names: Forecast GBU ,  Forecast PL 
API names will be as: Fcst_GBU__c; Fcst_PL__c

The above requirement is being deployed in production and hence we want to ensure we can see the fields in sandbox.",The fields are completely loaded and have been moved to available status .,Low,Stephanie Ervin,Nagaraj S,"2/13/2025, 9:01 AM",10,Configuration,Field Config - Update,250,104.9705556
,212851,Wind River Systems,See Case: 00211646 -- Need the same thing but with EMEA / AMER,"Read only, no ability to submit a forecast, thanks!",-,Low,Jason Parawan,Andrew Dahlkemper,"2/13/2025, 11:22 AM",8,Configuration,Forecast - Update,196,99.91
,212865,"Factor Systems, LLC d/b/a Billtrust",Service Provider Field Configuration not updating,"Hi, I tried to add ""Service Provider"" as a field in the opportunity grid and the status says it's Available but still in progress. I haven't seen this before, so wanted to ensure it wasn't something I did wrong? Maybe it just takes time to sync but I am concerned maybe I didn't do something correctly, please let me know. Thanks!",Matthew Mcginley helped customer to add field in opportunity grid,P3,Matthew Mcginley,Michelle Velier,"2/13/2025, 12:32 PM",0,Configuration,Forecast - Update,4,3.843055556
,212903,"Workday, Inc.",Update Partner Sourced Forecast Tab Criteria,"Requesting an update to the forecast criteria query under the Partner Source Forecast tab in Clari - For My WC Forecast, My Forecast, and My Best Case columns please remove any reference to AE Forecast & RSD Forecast fields and replace those with Extended Forecast field (on Extended Team object). thank you!","updated the configuration for the My WC Forecast, My Forecast, and My Best Case columns in the Partner Source Forecast tab. These columns now use the Extended Forecast field instead of the AE Forecast and RSD Forecast fields.",Low,Mike Riggs,Christine Lau,"2/13/2025, 4:08 PM",5,Configuration,Forecast - Update,123,49.85333333
,213010,"Acquia, Inc.",5 New metrics to be added,"Acquia wants 5 new metrics to be added to the system. I've linked the Google Doc at the bottom of this description. The 5 metrics are in the top rows, highlighted in yellow. Any questions, feel free to reach out:
https://docs.google.com/spreadsheets/d/18gMLaj61J1MnXo0nMz7jVA7pd-h947mhTvzmY1ram-w/edit?gid=0#gid=0","Created the new columns in the ""Admin Tab - DO NOT OPT IN"" and ""ACV"" tabs as per the attached sheet.",Low,Ana Weller,Ana Weller,"2/14/2025, 7:40 AM",9,Configuration,Forecast - Update,229,90.31972222
,213011,"AlphaSense, Inc.",Add column to Corp US Forecast,"Hi - can you please add  in a new column on the corp us tab that is called ""Closed Won Awaiting Processing"". This would be the same as the current closed won column but the filter for ""Confirm (New/Renewal)"" would be changed to false instead of true. Thanks!",Created a new 'Closed Won Awaiting Processing' column for both monthly and quarterly in the 'Corp US' tab.,P3,Andrew Pohlen,Anat Jacobson,"2/14/2025, 7:50 AM",6,Configuration,Forecast - Update,153,72.62166667
,213038,Recorded Future,Find and Replace: Forecast Category w/ Forecast Category - Rep,"Hello,

We recently moved to a new forecast field based on manual input from reps instead of opp stage automation. Can we find and replace in all opp views all instances of 'Forecast Category' (API Name- opportunity.forecastcategoryname) with our new field 'Forecast Category - Rep' (API Name- opportunity.forecast_category_rep__c). The picklist mapping is the exact same with one exception, 'commit' value is now 'forecast'. So any instances of view where filters are Forecast Category = Commit and Now be Forecast Category - Rep = Forecast.

Please let me know if any other details are needed. Thank you!

 Brian","replaced 'Forecast Category' (opportunity.forecastcategoryname) with 'Forecast Category - Rep' (opportunity.forecast_category_rep__c). Additionally, the Commit value is now set to Forecast.

replaced 'Forecast Category' with 'Forecast Category - Rep' in",Low,Andrew Seymour,Brian Maher,"2/14/2025, 9:39 AM",9,Configuration,Saved View - Update,224,88.34
,213066,"Juniper Networks, Inc.",Remove Modes from Accounts Module,In the Accounts module can we remove the “SA Hourly” and “SA Prod” modes? Thanks,"We cannot delete the “SA Hourly” and “SA Prod” modes, as they are currently used in saved views and column configurations. Deleting these modes would impact the saved views and the forecast tab.",Low,Stephanie Ervin,Stephanie Ervin,"2/14/2025, 11:52 AM",4,Configuration,Field Config - Update,103,38.13333333
,213091,ambient ai,Refresh Validation Rules,Hi - I added new validation rules in SFDC and would like to have clari refresh the opportunity validation rules to account for the changes.,Shared the list of validation rules as requested,Low,Pooled CSM,Tien Pham,"2/14/2025, 3:18 PM",7,Configuration,Validation Rules - Update,168,79.98472222
,213122,Logpoint,Renewal Forecast view - 3 new coliumns,"Would you be able to create 3 new fields in the Renewals-WIP view for Logpoint which will show early and late booked renewals and also overdue renewals. 

Clari issue: Renewal Forecast view1:
The logic used for the field named 'Booked Renewals: EARLY' will be: 
'Opportunity Type' in [""Recurring Sale"", ""Consumption"", ""Monetary Commitment""] AND 'Deal Status' in [""Closed-Won""] AND Scope is ""Owned By Me"" AND 'Close date is ""__CLARI_FORMULA_DATE_RANGE__""  AND 'Subscription Start Date' is GREATER THAN ""__CLARI_FORMULA_DATE_RANGE__""

So the close date is THIS-QUARTER but the subscription start date is anytime after the start of this Quarter. 

Clari issue: Renewal Forecast view2:
The logic used for the field named ''Booked Renewals: LATE'  will be: 
'Opportunity Type' in [""Recurring Sale"", ""Consumption"", ""Monetary Commitment""] AND 'Deal Status' in [""Closed-Won""] AND Scope is ""Owned By Me"" AND 'Close date is ""__CLARI_FORMULA_DATE_RANGE__""  AND 'Subscription Start Date' is LESS THAN ""__CLARI_FO","created the new columns 'Booked Renewals: EARLY', 'Booked Renewals: LATE', and 'Overdue Open Renewals in the ""Renewal - WIP"" tab.",Low,Rohit Agarwal,Mark Wilson,"2/17/2025, 12:48 AM",4,Configuration,Forecast - Update,116,80
,213124,Logpoint,Renewal Forecast view - Duplicate view,"Can you also create a new Forecast view which is an exact copy of the 'New Business - WIP' as I need to provide an identical view but with slightly different filters for several of the fields. I can adjust the filter logic, but can't see how you can create a new forecast view

Can you call the new view ' New Business - MSSP'","Created a new tab, ""New Business - MSSP"" which is an exact copy of the 'New Business - WIP' tab.",Low,Rohit Agarwal,Mark Wilson,"2/17/2025, 12:59 AM",4,Configuration,Forecast - Update,116,80
,213153,Globalization Partners LLC,ADP SQL Quarterly Forecast - wrong filter need to be updated urgently.,"Hi Team,

Please help to update ADP SQL QUarterly Forecast, one of the filter is wrong.  Opportunity Type should be excluded ""Existing business"".

THank you!

Regards
Sophie","updated the configuration for all columns in the ADP SQL Quarterly Forecast tab, ensuring that the Opportunity Type now excludes ""Existing Business.""",Low,Andrew Pohlen,Sophie Mok,"2/17/2025, 6:55 AM",0,Configuration,Forecast - Update,13,11.07805556
,213197,Amagi Corporation,Request to Align Tellyo Forecast Tab Format with SaaS Forecast Tab,"Hi Clari Support,

I’d like to update the Tellyo Forecast tab to match the format of the SaaS Forecast tab in Clari. Currently, the Tellyo tab has a different column structure and layout, and we need it to align for consistency.",Made the changes in the 'Tellyo Forecast' tab and removed the new tab that I created for the reference.,Low,Rohit Agarwal,Cornel Prabhu,"2/17/2025, 6:10 PM",1,Configuration,Forecast - Update,26,16
,213233,Cloudera,New Forecast Tab: Public Cloud ACV New Logo,"Hi Clari Team,

I hope all is well! 

I am requesting support with a new build if at all possible. We are seeking a new Forecast tab for our Cloud Operations and Sales teams, which will focus on Public Cloud Deals but specifically just New Logo. We already have our existing Public Cloud ACV forecast tab, but for ease of use we are hoping to create a new Forecast tab for New Logo purposes so the team don't have to constantly apply filters to review the New Logo deals.

I am aware that this is now a self-service feature where we can build our own Forecast tabs, but I would appreciate your support here if possible as I don't have much capacity to deliver this over the next few weeks. 

Could you please create this in our Sandbox first for testing before proceeding to Production?
I have linked the requirements here, please request access and I will provide it.

Thanks!
Sean.","We have created the new tab ""Public Cloud ACV New Logo"" as per the requirements provided under the production as confirmed .",Low,Cortney Fickey,Sean Murphy Phelan,"2/18/2025, 4:09 AM",6,Configuration,Forecast - Update,157,76.97
,213231,Check Point,Change Tabs' filter in the Sandbox,"Hi,
Please change the following filters in all the CRM columns we have in the forecast in the Sandbox:
1. In the tab ""Harmony SASE"", please add to the filter ""PILLAR SUB TYPE"" the following pillar-sub types: ""HARMONY BROWSE"" and ""HARMONY MOBILE"".
2. In the tab ""Harmony Other"", please add to the filter ""PILLAR SUB TYPE (Exluded)"" the following pillar-sub types: ""HARMONY BROWSE"" and ""HARMONY MOBILE"".","1. In the tab ""Harmony SASE"", we have added to the filter ""PILLAR SUB TYPE"" the following pillar-sub types: ""HARMONY BROWSE"" and ""HARMONY MOBILE"" to all the readonly columns under this tab
2. In the tab ""Harmony Other"", we have added to the filter ""PILLA",P3,Toni Pang,Idan Saranga,"2/18/2025, 4:00 AM",33,Configuration,Forecast - Update,796,381.9919444
,213235,Check Point,Adjust Clari expanded view,"Hi,
I would be grateful if you could adjust the expanded view of the funnel from the forecasting module by inserting ‘opportunity record type’ (Opportunity/EBS Renewal) column to the right of the CRM score. (per screenshots in the email).
Thanks,","the CRM Score and Owner fields are default fields that are always present at the beginning and cannot be reordered in Forecasting Expanded Grid. Therefore, I have added the Record Type ID field next to the Owner field.",P3,Toni Pang,Idan Saranga,"2/18/2025, 5:10 AM",1,Configuration,Field Config - Update,24,16.36777778
,213282,Synack,Synack: Column Creation Request,"Hello. 

We are looking to create three new columns in the New Business Quota on the far right.

1. ""Internal Budget"" (manual input of the budget). 
2. ""Budget Expect"" (Replica of the ""Expect"" column). 
3. ""Budget Gap to Go"" (Internal Budget - Budget Expect)

Please reach out if you have any questions.",We have created the 3 new columns as requested .Please verify and let us know if any changes are requested,Low,Matthew Mcginley,Jeanine Thrasher,"2/18/2025, 7:46 AM",20,Configuration,Forecast - Update,489,234.2291667
,213271,Check Point,"Exploring the ""Excluded User Types"" feature","Hi,
I need your assistance to explore the Excluded User Types"" feature. My use case is that I want to hide some columns in the forecast tab from users with the Sales Rep user role. I logged in to the sandbox and gave myself a forecast role. I also changed my user role to Sales Rep. Please configure the ""Excluded User Types"" in the Sandbox to exclude the Sales Rep role in the Total Forecast tab, for the following columns:
CQ Secured Bookings
CQ Target
PR YR Actual
Secured PR YR Actual
FY Target","Since Sales-Rep falls under the Individual Contributor forecast role, I have excluded the Individual Contributor role for the specified column",P3,Toni Pang,Idan Saranga,"2/18/2025, 7:26 AM",5,Configuration,Forecast - Update,130,58.5575
,213289,"WebPT, Inc.",New Forecast View,"Hello,

I was trying to create a new forecast view for our Sales Managers an dAm not seeing a way that I can do this in Clari. Could I get some help with this?","Currently, we do not have the option to create a new tab in Clari Studio, attached the workbook and provided the steps to export it from Clari Studio.",Low,Pooled CSM,Andrew Traeger,"2/18/2025, 8:00 AM",2,Configuration,Forecast - Update,57,40.5725
,213393,Cority,Forecast field update,"Hi there, 
In our software forecast tab, can we add the manager commit, the manager best case and manager pipeline, the same that is on our forecast meeting tab?
thanks!","Under software forecast tab, we have  added the manager commit, the manager best case and manager pipeline, similar to the columns under  forecast meeting tab as requested",Low,Sarah Fagan,Cathleen Gracey,"2/18/2025, 1:00 PM",1,Configuration,Forecast - Update,25,17.07916667
,213405,Gigamon,New field needs an update,"Team, this issue is related to case no - 00210765.
The new columns added for Month1, Month 2, and Month 3 work as expected. However  under the months, fields 'Forecast' and 'Best Case' should be editable such that sales manager can enter a forecast or best case value. screenshot attached.","We have changed the ""Forecast' and 'Best Case'  column to a forecast(Manual entry field) column as requested",Low,Amanda DeLuise,Sahiba Babbar,"2/18/2025, 1:24 PM",3,Configuration,Forecast - Update,74,49.8875
,213424,"Infor (US), LLC",Forecast Config Update,"Two filter changes - 

In GPS Bookings Forecast Tab and IMS Forecast Tab, add filter to all columns: Record Type = ICS

In IMS Forecast tab, change opportunity filter per attached description - https://docs.google.com/document/d/1OpfgJ5knVuY67D6LzgzQ9hW7mnsjWFmdfaWLPhg1cLc/edit?usp=sharing",We have updated all the changes as requested .,Low,Stephanie Ervin,Stephanie Ervin,"2/18/2025, 4:20 PM",1,Configuration,Forecast - Update,22,13.75222222
,213427,"Celigo, Inc.",Add a column in Forecast - Pipe Gen,"Hello, 

We want to add a column for forecast entry in the Pipeline Generation forecasting module. Please see the attached details.
Let us know if any questions. 

Thanks,
Shivani Gortekar
Sales Operations
Celigo Inc.",We have added the new columns according to the requirements provided,Low,Sarah Fagan,Sales Integration,"2/18/2025, 4:39 PM",1,Configuration,Forecast - Update,21,13.42916667
,213449,"Yext, Inc.",Update YTD Tab,"Hi There,

Our ""YTD"" forecasting tab is displaying our last fiscal year's close numbers. Can we please get this updated to reflect our new fiscal year that we are in? February 1st, 2025 - January 31, 2026. 

Thank you,
Brandon","We have updated the filters under the YTD Tab  to point to  February 1st, 2025 - January 31, 2026. as requested",Low,Marina Addonizio,Brandon Peters,"2/19/2025, 1:22 AM",0,Configuration,Forecast - Update,4,3.155
,213452,Immersive Labs Corporation,Pipe Generation Forecast Section,"Hi there,

I'd like to add in a new section into our forecast covering pipeline generation. I've attached a file with the respective details. Essentially we should have:
- a quota vs actuals Columns
- Marketing Pipe Generation (& % of Total Pipe Generated to date)
- SDR Pipe Generation (& % of Total Pipe Generated to date)
- Partner Pipe Generation (& % of Total Pipe Generated to date)
- Sales Pipe Generation (& % of Total Pipe Generated to date)",We have provided the access for the new tab similar to the New+Upsell forecast access,P3,Caroline McCarthy,Frederick Knowlton,"2/19/2025, 1:51 AM",5,Configuration,Forecast - Update,135,63.15305556
,213453,Checkmarx,Updates to Renewal tab,"Hello, please make the following changes to Renewals tab:
1. Add column, after Estimated ORR: ""Total Churn"" = Lost - Downsell from Won
2. edit formula: Estimated Orr = Realistic + Won Before 2024 / Expected Renewal Total (remove Early Won w/Downsell)
3. edit formula: Actual Orr = Closed + Won Before 2024 / Expected Renewal Total (remove Early Won w/Downsell)

Thank you!","created the new **Total Churn** column and updated the configurations for the **Estimated ORR** and **Actual ORR** columns in the **Renewals** tab as requested.
And In the calculation of the Estimated ORR column, the ""Realistic"" value is currently reflec",Low,Toni Pang,Lala Djafarov,"2/19/2025, 2:01 AM",1,Configuration,Forecast - Update,27,18.65611111
,213508,Samsara Inc. (fka Samsara Networks Inc.),Forecast not appearing in pulse/trend,Forecast selection dropdown is not appearing in pulse/trend. Can we please investigate and determine why?,"Since the forecast columns (Commit, Forecast & Upside) in the New ACV Forecast tab were configured without a formula and amount field, the tab was not appearing in Pulse and Trend.",Low,Andrew Seymour,Andrew Fuoco,"2/19/2025, 8:53 AM",13,Configuration,Analytics - Update,320,151.8494444
,213513,ContentSquare,New Field added to Hotjar Salesforce,"Hi Team, 

We have added a new ACV Growth field into Hotjar Salesforce. Can you help us create a new forecast tab into the Hotjar Clari equal to ""Quarterly Forecast - ARR"" but instead of using ARR field use the ACV Growth field recently created?

Thank you in advance","We have created the new tab under the Hotjar Clari (org id 2757) which is a duplicate of the existing Quarterly Forecast - ARR but changing the aggregation field to be the new ""ACV Growth"".",Low,Toni Pang,Vilmos Szabo,"2/19/2025, 9:08 AM",2,Configuration,Forecast - Update,54,38.13333333
,213620,"Workday, Inc.",Update SD Forecast and SD Deal Motion Forecast Tabs,"Tomorrow night (Feb 20th) we will be updating any reference of ""CSD"" value to ""SD"" in Salesforce as part of a rebrand for this team. With that change, we will also need to adjust Clari. Please help us update any reference of ""Role = CSD"" to ""Role = SD"" OR ""Role = CSD FINs"" to ""Role = SD FINs"" on the SD Forecast and SD Deal Motion tabs in Clari. 

Please kindly make this change around 8pm PST the evening of Feb 20th (once changes are in Salesforce).

thank you!",update the filter value for Role = CSD to “SD” and Role = CSD FINS to “SD FINS” on the SD Forecast and SD Deal Motion tabs,Low,Mike Riggs,Christine Lau,"2/19/2025, 3:26 PM",1,Configuration,Forecast - Update,30,18.56638889
,213599,"Equinix, Inc.",Forecast filter update,"We want to exclude any opportunity where the reference field = $0.00 

 In the example below:

logged in as Ross Katz (rkatz@equinix.com)

Quota Bookings Forecast > Clicked on Price Decrease Forecast
Opportunity detail is showing opportunities with a $0.00 amount

The Request is to exclude those records and only show the records that make up the amount on the Price Decrease Forecast (in this example).
The exclusion of the $0.00 records should be done for the respective fields associated in the Price Increase Forecast, Price Decrease Forecast, and Churn Forecast columns within the Quota Bookings Forecast tab.","updated the formula for the ""Price Increase Forecast"", ""Price Decrease Forecast"" and ""Churn Forecast"" columns in the ""Quota Bookings Forecast"" tab.
Updated the formula for the ""Price Increase Forecast"", ""Price Decrease Forecast"" and ""Churn Forecast"" colu",Low,Liz LeDoux Tajonar,Cody Babcock,"2/19/2025, 1:37 PM",12,Configuration,Forecast - Update,296,132.3688889
,213612,Lucid Software,Remove Column from Forecast Module,"Hi Clari Support Team,

We would like to remove the ""Expected Remaining Price Increase"" column from our ""Forecast Walk Up"" forecast tab. In addition, we have a calculated field in this same forecast tab that includes ""Expected Remaining Price Increase"". We would like to remove the ""Expected Remaining Price Increase"" field from that calculated column. The calculated column is called ""Closed Won + Pending + Deals Committed + Expected Remaining Price Increase + IPP"". We'd like to keep that column in the forecast module, but it will now just be ""Closed Won + Pending + Deals Committed + IPP"".

Please let me know if you have any questions. Thank you!

Michael Gibbs","We have removed the ""Expected Remaining Price Increase"" column from our ""Forecast Walk Up"" forecast tab
And we have even Removed it from the calculator column as requested",Low,Alison Quartironi,Michael Gibbs,"2/19/2025, 2:35 PM",1,Configuration,Forecast - Update,18,9.842777778
,213642,Synopsys Inc.,Synopsys GTM Clari - production org 2622 - change Forecast Configuration - file provided,"Hello Clari Support,

For GTM Clari Production (org id 2622), we would like help implementing the attached Forecast Configuration file (file attached - clari_forecasting_config_02_025.xlsx).

We need to change the mention of field opportunity.total_cq_revenue_usd1__c to new value opportunity.revenue_forecast_usd__c. 

I have highlighted the changes needed in yellow on the attached file.

The changes affect the following tabs:
forecastId=summary
forecastId=fsa_drawdowns
forecastId=fc_summary_rev

Please let me know if any questions.  We would like this change on 2/21/2025 12:00 AM - PST timezone (local California time). 

Question before you implement - once we move to this new field, can we port the historical data from the existing field (opportunity.total_cq_revenue_usd1__c) to this new field (opportunity.revenue_forecast_usd__c) as well after?  This is just a question we would like answer to see what our choices are. 

Thank you in advance for the assistance.
-Carol","As requested, I am closing this case since the changes are scheduled to take place in **Salesforce** in **March**.",P3,Marina Addonizio,Carol Cabezas,"2/19/2025, 5:03 PM",1,Configuration,Forecast - Update,29,16.95
,213643,Atlassian Pty Ltd,"Edits to SDR Tabs - ""MQL"" & ""Pipe Gen SDR""","Please see attached file. We are looking to add columns to the ""Meetings"" & ""Pipe Gen SDR"" tabs. 

Current Versions: MQLs Clari Configuration & Pipegen Clari Configuration
Updated Versions: Q3 MQLs Clari Configuration & Q3 Pipegen Clari Configuration

Happy to jump on Zoom to clarify any changes.

Thanks so much.","1) We have updated the tab ""Pipe Gen SDR"" similar to the mapping of the 
columns that was provided for the MQL Tab.",Low,Chris Hughes,Daniel Kohutanycz,"2/19/2025, 5:06 PM",16,Configuration,Forecast - Update,383,191.0691667
,213671,REMOTE EUROPE HOLDING B.V.,"Hide the ""Inbound"" and ""Outbound"" Columns from the Pipeline Generation Tab","Hide the ""Inbound"" and ""Outbound"" Columns from the Pipeline Generation Tab","hidden the Inbound (#), Outbound (#), Inbound ($), and Outbound ($) columns from the Pipeline Generation tab.",P3,Said Mussa,Hind Zerrouki,"2/20/2025, 1:24 AM",0,Configuration,Forecast - Update,1,0.322777778
,213681,Phrase,Request to Update Renewal Forecast Section,"Hi,

As requested by Vinay, I’ve created a sheet with a new tab called ""New Renewal Tab"" for you to make the necessary changes to our Forecast Renewal Forecast section. Additionally, we can hide the ""Churn Forecast"" tab for now.

Please find the attached Excel file with all the requested changes.

Let me know if you need any further information, and let me know when you expect this to be ready.

Thanks.","updated the Renewal Forecast tab as per the sheet and created the Total Churn, Close Lost Churn, and Contraction ARR columns in the Renewal Forecast tab

Along with above changes hidden the ""Expected Renewals"" and ""Churn Forecast"" columns, created a new",P3,Pooled CSM,Manuel Passanha,"2/20/2025, 2:25 AM",4,Configuration,Forecast - Update,100,36.13916667
,213730,"Dataiku, Inc.",Forecasting tabs configuration,"Hello Clari team! Could you please make the following updates on the Forecasting tab? The screenshot with the table attached.
Please update the filter conditions for the following fields:

Gross New Low (Initial+Upsell Declarative)
Declarative (Initial+Upsell Declarative)
Gross New High (Initial+Upsell Declarative)
Initial Declarative (Initial + Upsell Breakdown)
Upsell Declarative (Initial + Upsell Breakdown)

The condition should be updated to the following - add the 'Goal' to the Stage Excluded: 
STAGE (EXCLUDED) = Disqualified, Lost, Sales Accepted Lead, Goal


Thank you,
Inna",added the 'Goal' value to the Stage filter across all the given columns in the specified tabs.,Low,Lyuda Rogers,Inna Logunova,"2/20/2025, 7:13 AM",3,Configuration,Forecast - Update,83,26.77833333
,213712,Chainalysis,Forecasting Logic Issue,"We have the logic ""'Commissionable SW Non ACV' is not ""> 0"""" used throughout our Forecasting Tab ""SW Forecast"" and noticed that it is not evaluating deals with a null value as 0 for this field, thus excluding them from the aggregated metrics. 

Can you help us update the logic so that it is specifying Opportunities where Commissionable SW Non ACV is not greater than 0 but can include both 0 and null values?",We observed that 'Commissionable SW Non ACV' >0  is pulling values only  0 and null values as expected,Low,Andrew Seymour,Maxwell Davison,"2/20/2025, 6:24 AM",1,Configuration,Forecast - Update,33,24.87444444
,213708,Check Point,RE: Change in the forecast cell formula - 00211898,"Hi Satyajit,

1. Please change the column's name to: ""Forecast vs. Target""
2. Currently, the bottom number in the formula (I highlighted in yellow) shows the numerator in the formula. Can it be changed so that it shows the denominator? That is, instead of showing FCST Call with Secured, which is a figure we already have explicitly in another column, it shows CQ Target (Core) + CQ Secured Bookings (Core)?
3. Please change the text I highlighted in green. It should read:
""This formula calculates the % of the Forecast with secured and OSOF out of the secured target"".
And at the top, only the column name should appear.

After you implement these requests in the sandbox, please implement this column in production.","updated the label of the ""FCST Call with Secured / CQ Target (Core) + CQ Secured Bookings (Core)"" column to ""Forecast vs. Target"" and modified its description as requested in Sandbox. Additionally, I have created the ""Forecast vs. Target"" column in Produc",P3,Toni Pang,Idan Saranga,"2/20/2025, 6:14 AM",4,Configuration,Forecast - Update,94,30.23944444
,213724,Worksoft,Request for new forecast tabs,"We would like to begin working on building out these new forecast tabs.   Attached are the full specifications.
-New Logo
-Expansion
-Nxt Qtr Pipeline
-Pipeline Gen
-Partners
-Churn
-Net Retention
-Customer Health (requirements tbd)
-","Created the following tabs:
New Logo
-Expansion
-Nxt Qtr Pipeline
-Pipeline Gen
-Partners
-Churn
-Net Retention

Removed the ""Churn"" and ""Net Retention"" tabs. and told customer to create a new case for the new requirement.

Have updated the ""Ne",Low,Pooled CSM,Renee Daugherty,"2/20/2025, 7:06 AM",18,Configuration,Forecast - Update,444,202.8891667
,213735,"Dataiku, Inc.",Forecasting tab,"Hello Clari team! Could you please add the following column on the Pipeline Generation tab:
- Name 'Number of Evals' and located at the very end after all columns
- Rollup of Opportunity IDs
- Filters:
OPPORTUNITY TYPE
Initial DSS (and roll-out services), Upsell DSS (and attached services), Renew DSS (and attached services)

ARR TYPE
Initial, Upsell

First time evaluation or above date = Corresponding Dataiku Quarter 

Thank you!","created the new ""Number of Evals"" column in the Pipeline Generation tab",Low,Lyuda Rogers,Inna Logunova,"2/20/2025, 7:22 AM",10,Configuration,Forecast - Update,250,106.6322222
,213731,Honeycomb,Please add 2 New forecast columns,"Hi - can we please add 3 new forecast fields/columns into our Forecast module? The fields fields should be in the New/Exp Tab. 2 of these should be input only (reps, managers, etc input these numbers but they do not tie directly to a salesforce field). These should be ""Forecast - New"" and ""Forecast - Exp"". The third field should be a rollup of these 2 input fields and be labeled ""Forecast - New/Exp""

Please note I did try to create these myself but I do not have an option to add columns in Forecast configuration.",We have created the 3 new column as requested under the New/Exp Forecast tab,P3,Pooled CSM,Laura Krieger,"2/20/2025, 7:14 AM",1,Configuration,Forecast - Update,32,24.01138889
,213749,Coachhub GmbH,Implement 3 more TABS in forecasting view,"Hi,
we would need your support to add new views to our forecasting grid. I will share a detailed file via email so you have all info but to give you context we would need to build 3 TABS (on top of the one we already have)
- One called ""Existing business""
- One called ""New Business""
- One called ""Pipeline generation""

Please let me know in case of any doubts. We can have a call to review all details together.
Thanks a lot for your help here",We have updated all the changes as requested,Low,Caroline McCarthy,Andrea Cenni,"2/20/2025, 7:42 AM",31,Configuration,Forecast - Update,745,346.2836111
,213765,"Riverbed Technology, Inc.","Hide ""Commit"" column from Account Owner Forecast","Hi there,

Riverbed would like the ""Commit"" column hidden on the ""Account Owner Forecast"" tab. We tried to do this in Forecast Config, but it's a default column that we were unable to remove.","We have hidden the Commit"" column on the ""Account Owner Forecast"" tab as requested",Low,Ari Henck,Ari Henck,"2/20/2025, 8:27 AM",1,Configuration,Forecast - Update,31,22.78944444
,213757,Scale AI,Removing ENT columns in BU Level Forecast Tab,Customer is requesting to remove columns from Jon Wilfong's BU Level Forecast Tab as the Enterprise Team has a separate rollup,We have removed the columns under the BU Level Tab as requested,Low,Pooled CSM,Leo Polonsky,"2/20/2025, 8:01 AM",1,Configuration,Forecast - Update,31,23.22277778
,213805,Virtana,Update Forecast Tabs,"I met with my CSM Rohit and came up with the changes to some of our Forecast Tabs in the below linked sheet .  This is time-sensitive and needs to be done no later than Tuesday next week (February 25th).

https://docs.google.com/spreadsheets/d/15A6Ci9FeoWExN_Z8yuR-ZiAni0_lqpfHXnsXN3r0cJ4/edit?usp=sharing",We have updated all the changes as highlighted in the spreadsheet shared,Low,Pooled CSM,Dana DeForge-Skrabak,"2/20/2025, 11:02 AM",7,Configuration,Forecast - Update,174,86.28972222
,213818,"Sumo Logic, Inc.","Add New Forecast Columns to ""New ACV"" Forecast Tab","Hi Clari Support,

Please help me create 4 new forecast columns. These columns will all be under the “New ACV” forecast tab.

1. Column Name: Gap to Forecast
Location: Directly to the right of the “Best Case” column
Filters/Query: The query for this column will be the same as the “Gap to Quota” column.
Formula: The amount of this column will be the amount of the “Closed” column subtracted by the amount of the “Forecast” column (Closed - Forecast)


2. Column Name: Open Pipe S1-S3
	Location: Directly to the right of the “Open Pipeline” column
	Filters/Query: Please use the same query as the “Open Pipeline” column and then add an additional filter for Stage = Stage 1: SDR Meeting Scheduled, Stage 2: Sales Accepted Lead (SAL), Stage 3: Discovery

3. Column Name: Open Pipe S4-S5
Location: Directly to the right of the newly created “Open Pipe S1-S3” column
	Filters/Query: Please use the same query as the “Open Pipeline” column and then add an additional filter for Stage = Stage 4: Demo, Sta",We have created all the 4 new columns according to the filter criteria provided .,Low,Andrew Seymour,Hieu Huynh,"2/20/2025, 11:52 AM",4,Configuration,Forecast - Update,101,37.26027778
,213825,GitLab,Question - Filtering,"Hi Team,

Question for. you.

Trying to filter out 0s and NULLs in the Renewal ARR tab and RM Forecast tab. What's the query logic to do that? We tried this: ""not in [""= 0"", ""Value Not Assigned""]"" but it seemed to break the whole column we were trying to update.","added the following filter conditions to the specified columns in the Renewal ARR and RM Forecast tabs:

FORECASTED CHURN (FOR CLARI) (EXCLUDED) = 0, Value Not Assigned
(MOST LIKELY) FORECASTED CHURN (EXCLUDED) = 0, Value Not Assigned",Low,Lizzie Rupp,David Estko,"2/20/2025, 12:08 PM",5,Configuration,Forecast - Update,127,53.85611111
,213824,"ConnectWise, LLC",Forecast Config,"Hi Team, we need to update these tabs with this one filter. See below.

Add opportunity.cws_salesmotion__c = Acquisition Sales to all columns in the ACQUISITION FORECAST tab. 

Add opportunity.cws_salesmotion__c = Expansion Sales to all columns in the EXPANSION FORECAST tab. 

Add opportunity.cws_salesmotion__c = Growth - AM Sales, Growth Partner Initiated Transcription, Growth - Sales Led, Growth - SEC Sales to all columns in the GROWTH FORECAST tab. 

Add opportunity.cws_salesmotion__c = Digital Sales to all columns in the DIGITAL FORECAST tab.","We have updated all the changes as requested 
Added opportunity.cws_salesmotion__c = Acquisition Sales to all columns in the ACQUISITION FORECAST tab. 

Added opportunity.cws_salesmotion__c = Expansion Sales to all columns in the EXPANSION FORECAST tab",Low,Nico Alvarez,Nico Alvarez,"2/20/2025, 12:07 PM",1,Configuration,Forecast - Update,27,19.12861111
,213846,Planet,New columns,"1. Tab Name - Forecast
add a new YTD Quota and Closed column
mode = opportunity
""fiscalPeriodType"": ""YEAR""

Filters:

('Deal Status' in [""Closed-Won""] OR Stage in [""S6 – Sales Closed Won""]) AND Scope in [""00E360000016hYhEAI""] AND 'Record Type Name' in [""Internal"", ""External"", ""External_with_products"", ""Deal Reg""] AND 'Close Date' in [""__CLARI_FORMULA_DATE_RANGE__""] AND Stage not in [""S0 - Stage Zero"", ""Closed Lost""]

Remove the existing Quarterly Quota + closed
add a new read-only column 
Closed Net ACV
Use the same filters as ""Closed Net ACV""

2. 1. Tab Name - Forecast (N+E)
add a new YTD Quota and Closed column
mode = opportunity
""fiscalPeriodType"": ""YEAR""

Filters:

('Deal Status' in [""Closed-Won""] OR Stage in [""S6 – Sales Closed Won""]) AND 'Deal Type' in [""Net New Logo"", ""Expansion"", ""Renewal + Expansion""] AND Scope in [""00E360000016hYhEAI""] AND 'Record Type Name' in [""Internal"", ""External"", ""External_with_products"", ""Deal Reg""] AND 'Close Date' in [""__CLARI_FO","created  the Yearly Quota and quarterly readonly Closed columns across all tabs as requested.

For now, I have hidden the Quarterly Quota columns instead of removing them to preserve the manual entry values.",Low,Elizabeth Stoughton,Janhavi Wagle,"2/20/2025, 1:46 PM",7,Configuration,Forecast - Update,174,84.22027778
,213981,Engageware,Forecasting Tab,"Hi, I was wondering if it is possible to add a calculated column to the forecast view. I.e. a calculation like: Quota minus Closed Won minus Commit?  Thanks!",-,Low,Pooled CSM,Danielle Day,"2/21/2025, 11:31 AM",7,Configuration,Forecast - Update,174,85.95361111
,213987,FloQast,Request to Update Stage Mapping in Clari,"Hello Clari Support Team,

We have recently updated our opportunity stage names in Salesforce and would like to ensure that these changes are properly mapped and reflected in Clari. Per our discussion with Janhavi, I am submitting this request for your team to update the mappings and historical data in the Analyze module.

Below is the mapping of our old stage names to the new stage names:

Stage (OLD)	Stage (NEW)
Stage 0 - Demo Pending	>>     Stage 0 - Lead Generation
Stage 1 - Demo Scheduled		>>     Stage 1 - Discover
Stage 2 - Demo Performed	>>     Stage 2 - Engage
Stage 3 - Sales Qualified Lead	>>     Stage 3 - Need Validated (SQO)
Stage 4 - Setup & Pricing Completed	>>     Stage 4 - Evaluation
Stage 5 - Champion Verbally Approved	>>     Stage 5 - Technically Selected
Stage 6 - Decision Maker Verbally Approved	>>     Stage 6 - Contracting


Please proceed with updating these mappings and ensuring the historical data is properly adjusted in the Analyze module.

Additionally, we are ","Updated the mapping of the old stage names to the new stage names as requested. Additionally, I have checked the forecasting tabs and observed the columns are mapped with the new stage values.",Low,Matthew Mcginley,Casey Scurich,"2/21/2025, 12:38 PM",3,Configuration,Other,80,21.35527778
,213978,Adobe Inc.,"Add ""Value Not Assigned"" as a picklist value for multi-select fields","In Clari today, we can't filter the multi-select picklist fields for null values as Clari does not have any out of box filter such as ""Contains no data"" or field = """" (blank).
Need an enhancement where Clari can introduce ""Value Not Assigned"" as a picklist option for multi-select picklist fields so that users can filter the opportunities in the Inspect Mode where such fields are not populated and are blank.
Example fields in Clari today:
 - Application Sales Tactic
 - Strategic Sales Play


Please reach out to me in case of any further clarifications needed.","For multi-picklist fields, the options flow directly from your Salesforce, and it's not possible to configure an option for it in Clari. 

So in the case that you want deals where no option is chosen, you would need to configure a new value for the fiel",Low,Dov Markowitz,Radhika Khetan,"2/21/2025, 11:09 AM",5,Configuration,Field Config - Update,126,53.87472222
,214000,LegitScript,Reorder Tabs in Forecast,"Hi Team,

Can you please reorder the forecast tabs to this order:
New Business
Upsell 
Expansion
SSC
SSFG 
Renewals
Churn
Total Bookings
Summary 

Thanks!",We have reorder the tab as requested,Low,Pooled CSM,Sarah Michelle Smith,"2/21/2025, 1:39 PM",3,Configuration,Forecast - Update,75,19.30472222
,213997,"Claroty, Inc.","""Tech Sales"" Forecast Tab","Hi - We would like the ability to have a new tab/view called ""Tech Sales in our Forecast.  This would be in addition to the current 3 we have (New ARR, Renewals, Churn).

This will read data that is already being synced inside Clari instance via our Technical Sales object.

Please add to Forecast Configuration.

Please let us know if you need any additional information.

Thanks in advance!
Jayson",NA,Low,Christopher Williams,Jayson Karen,"2/21/2025, 1:22 PM",10,Configuration,Forecast - Update,246,100.6219444
,214004,LegitScript,Read Only Tabs,"Hi Team - for the tabs: Expansion, SSC, SSFG - can you please make those calls ""read only"" so that they will still update when new opportunities fit the criteria but will not require anyone to make a call or update? Thanks!","We have changed all the forecast columns under the Expansion, SSC, SSFG to readonly columns as confirmed",Low,Pooled CSM,Sarah Michelle Smith,"2/21/2025, 1:45 PM",21,Configuration,Forecast - Update,508,244.2408333
,214018,Cohesity,"Urgent: Update Geo, Area,Region,District,Territory Values","Hi Clari Team,  
Can you bulk update Geo, Area,Region,District,Territory picklist values?
See the field API names below. Data is in the file attached. 

1. Split_GEO__c - Column A
2. Split_Sales_Area__c - Column B
3. Split_Sales_Region__C - Column C
4. Split_Sales_District__c - Column D
5. Split_Region__c - Column E","updated the filter values for the following fields as per the provided sheet:

Split_GEO__c
Split_Sales_Area__c
Split_Sales_Region__c
Split_Sales_District__c
Split_Region__c",Low,Chris Hughes,Harpreet Singh,"2/21/2025, 3:26 PM",9,Configuration,Field Config - Update,218,82.5525
,214013,Chainalysis,Forecasting Query Error,"We added a new field recently, ""Renewed Opp Service End +1"".I am trying to use the following logic in our ""(Total) Renewals"" Forecasting Tab's ""Extended Service"" column but it isn't working:
""'Renewed Opp Service End +1' is ""< This Quarter""

I am still seeing instances in that column where Opportunities with a Renewed Opp Service End +1 is greater than this Quarter (See examples in screenshot)",-,Low,Andrew Seymour,Maxwell Davison,"2/21/2025, 2:52 PM",5,Forecasting,Config Discrepancy,111,39.16
,214032,"Cloudinary, Inc. and Affiliates",Forecast tab missing value,"Hi in the forecast tab can you make sure judgment upside includes all the following manager forecast categories: upside, forecast, commit and won. we are currently missing the forecast one as can be seen in the image. please make sure it is inculded for monthly and quarterly views. thanks","updated the configuration of  judgment upside column of Forecast tab and now it's  includes ""Forecast"" value in manager forecast categories field.",Low,Pooled CSM,Shir Marcus,"2/23/2025, 6:51 AM",1,Configuration,Forecast - Update,18,0
,214037,"ConnectWise, LLC",Forecast Config,"Hi Team - requesting to make a few changes to existing tabs. Here is the requirements doc https://docs.google.com/document/d/1uRYLNt8Ank0DC-OfcnHvFTiPXE0TadQJMVUa4sxHVNc/edit?tab=t.0

Please include customer contact Natali Barze in any email updates/communications.","removed the ""Stretch"" forecast columns and added the ""Forecast Gap to Go"" column next to the forecast columns as requested and updated the display format to Multiplier, which will now show the X coverage of the gap to quota..
Also updated the Closed form",High,Nico Alvarez,Nico Alvarez,"2/23/2025, 5:58 PM",4,Configuration,Forecast - Update,98,64
,214050,"Fortinet, Inc.",Add new Value in Created Date filter,"HiTeam, 

Can you please add a new Value in the Created date filter to have the last 4 quarters or the last 365 days
or last year. 
Thanks",created the Last 365 Days range filter value for creted date field,Low,Lizzie Rupp,Muhammad Majeed,"2/24/2025, 1:39 AM",6,Configuration,Field Config - Update,160,80
,214101,Phrase,Update Churn Columns and add Expansion,"Hello,

I would like to make some changes to the Renewal Forecasting section. I found a better way to track churn and will also need to track expansion.

I have attached an Excel file with the changes I want to make. Please use the ""New Renewal tab"" to see the updates that need to be made.

Satyajit was very helpful last time and is already familiar with our environment, so I would be happy to work with him again.

Thank you.",updated the Renewal Forecast tab as requested in the sheet .,P3,Pooled CSM,Manuel Passanha,"2/24/2025, 7:53 AM",3,Configuration,Forecast - Update,84,58.10277778
,214125,Rapid7,Create new Quota column in All ARR Forecast,"Hi, could someone create a new quota forecast in the All ARR forecast. You can duplicate the Goal column that is there today and name it ""User Quota"". Please place to the right of Goal.

Thank You!",We have created the new quota column under All ARR Tabs as requested .,Low,Alison Quartironi,Connor Rosenstein,"2/24/2025, 8:47 AM",3,Configuration,Forecast - Update,81,56.55416667
,214166,"GoAnimate, Inc. (d/b/a Vyond)",Forecast config updates,I'm going to need to make some significant updates to the way that my Forecast is built out. Can you please send me the excel sheet that powers my forecast tab so that I can make the necessary changes? Thank you!,"created three new tabs: Direct, Partnerships, and International.
also created the yearly quota column in Partnerships
tab.
Along with above  updated the scope and mode from Splits Mode to Opportunity Mode and changed the amount field from opportunitysp",Low,Pooled CSM,Joanna Schrank,"2/24/2025, 11:51 AM",8,Configuration,Forecast - Update,196,100.4686111
,214156,"Imperva, Inc.",Add column to Forecast tab,"Hello! On the Split TCV forecast tab, can you please add a new column, in between the Closed and Forecast columns. 
Column Name: Backlog
Field: Split Amount (TCV)
Criteria: Opp Opportunities, Stage = 6. Booking

Please let me know if you have any questions.",created a new column 'Backlog' in the 'Split TCV' tab.,P3,Lizzie Rupp,Julia Galletto,"2/24/2025, 11:18 AM",4,Configuration,Forecast - Update,106,70.685
,214179,"Couchbase, Inc.",Delete forecast tabs,"Hi,

We will no longer be using these forecast tabs. Can you please delete all 4 of these tabs today?
1.New Logo Insights
2. CQ New Logos Summary
3. CQ ARR Waterfall (beta)
4. CQ Capella Summary",We have deleted all the 4 tabs as requested,Low,Alex Ertel,Emily Nguyen,"2/24/2025, 12:40 PM",3,Configuration,Forecast - Update,77,52.67638889
,214171,"Sprinklr, Inc.",New column - Forecasting - Renewals,"Please add a new column to the renewals tab in forecast 
Name - Total Closed Won
Location - To the right of ""Closed Won - Splis""
Logic - ""Closed Won - In Quarter"" + ""Closed Won - Slips""",We have created the new calculation column as requested under the renewals tab,Low,Cortney Fickey,Annika Kallestad,"2/24/2025, 12:19 PM",0,Configuration,Forecast - Update,8,5.6675
,214201,Zendesk,Clari Default Forecasting Change Request,"Hi Clari Team - we are looking to make some adjustments to our default forecast module within Clari. We are looking to remove 3 columns and add 2 new columns. Ive attached the document covering the changes we are looking to be made. The red columns are the ones to remove with green being the new columns to add. I've also noted in red the logic that is to be changed from other/previous columns. 

Let me know if you have any questions - thank you!","created the ""Closed + VP Commit + Most Likely"" and ""New Business Pipeline"" columns and removed the three specified columns from the Forecast tab as per the sheet",Low,Chris Hughes,Maya Wensloff,"2/24/2025, 2:08 PM",2,Configuration,Forecast - Update,52,35.86527778
,214234,"AlphaSense, Inc.",Enterprise Intelligence Tab_2/24 updates,"Hi there,

AlphaSense would like to update the modes on 4 columns on their Enterprise Intelligence tab. All of the changes are highlighted in BLUE on the linked requirements sheet.","Updated the mode, amount field, and filters for the Quota and Best Case columns for both monthly and quarterly duration in the Enterprise Intelligence tab",Low,Andrew Pohlen,Ari Henck,"2/24/2025, 5:12 PM",1,Configuration,Forecast - Update,30,16.79361111
,214371,LegitScript,Closed Opportunities Listed for the Open Radio Button,"On the Enterprise Churn tab, when I select Churn Enteprise in the left side navigation, and select the OPEN Opportunities radio button, the query is including closed lost opportunities.  I looked in Studio but cannot find where those ""Total"", ""Open"", ""Closed"" radio buttons are configured.  Please advise.  See Screenshot.","Excluded the 'Close Lost' from 'Open' in the ""Churn Enterprise"" column under the ""Churn"" tab.",Low,Pooled CSM,Drew Keenan,"2/25/2025, 10:53 AM",8,Configuration,Forecast - Update,200,103.115
,214453,Augury,Augury - Duplicate Land and Expand Tab,"Hey team - Augury is requesting that we duplicate their land and expand tab but add an additional filter. They are requesting that the new tab be named 'Process Health' and that we add a filter that says 'Process health included' is checked. 

Can we create this for them? 

See snippet below:

https://copilot.clari.com/guest/sharedCall/67bec6c128722a055568d759
Password: Ci'<Nh=M>Q",We have created the new tab as requested,Low,Christopher Williams,Christopher Williams,"2/25/2025, 11:46 PM",3,Configuration,Forecast - Update,66,47.45833333
,214450,Augury,Augury - Land and Expand,"Augury is requesting that they can see the option to forecast yearly in their 'Land and Expand' tab within forecasting. Their CSM forecast tab is already set up this way for example. (Including screenshots)

Let me know if anything is needed on my end to complete this ask! 

Thank you,",We have created the quota column under the Land and Expand tab in the yearly duration similar to the CSM Tab,Low,Christopher Williams,Christopher Williams,"2/25/2025, 11:37 PM",3,Configuration,Forecast - Update,66,47.45527778
,214451,Augury,Augury - Yearly column within forecast,Hey team - Augury wants confirmation on if they can add a column to their forecasting tab for a yearly forecast. Is this possible and what are the next steps?,"Yes we can add yearly duration columns under any forecast tab

But below are the points to be noted for yearly columns

1) We can only create a quota and read only columns under yearly duration

2) We will not be able to create a forecast column and",Low,Christopher Williams,Christopher Williams,"2/25/2025, 11:39 PM",2,Configuration,Forecast - Update,42,31.34583333
,214474,Access UK Ltd.,Amending the formula in a field,"Hello! 
In the Compliance Forecast view - can the closed won formula include Revenue & Overlay please? Its currently just looking at Overlay! 

Thanks",Under the Compliance Forecast view - we have updated the  closed won formula to include Revenue & Overlay as requested .,Low,Toni Pang,Helen Boffy,"2/26/2025, 5:20 AM",1,Configuration,Forecast - Update,21,12.6825
,214500,Camunda,New Column request under Pipeline generation tab,"Hi Team,
We would like to add a new column to show the pipeline generation amount.
Could we please add under a new column named ”CQ  under:
 “Forecast”  —> “Pipeline Generation” tab
This column should be the third column right next to the ”CQ ACTUALS”.
Instead of the deal count, this field should show the amount.
Let me know if you need further details.
Thanks
Seba","created the new ""CQ ACTUALS"" column in the Pipeline Generation tab and added the  EXPANSION SUBTYPE (EXCLUDED) =
Price Increase, Contractually Agreed filter conditions in the CQ ACTUALS column",Low,Caroline McCarthy,Seba Seba,"2/26/2025, 7:29 AM",8,Configuration,Forecast - Update,189,92.68138889
,214491,Logpoint,Consumption-WIP forecast,"Hi Rohit, 

I have been updating the Consumption-WIP forecast and need some support as it looks lkike Clari administrators are still unable to add new fields or change the purpose of existing fields:

Can you add a new field 'Quota' which is a standard Quota field and must be manually entered
I have an existing field called 'Net Growth' where the value of this field must be derived from the columns 'Booked' minus 'Baseline' and it appears that Clari admin users are unable to change the purpose of fields. We need to change the field type to a Calculation field.
This has been raised under case","We have created the quota column as confirmed 
And we have made the 'booked' field in the 'Consumption - WIP' forecast view as the attainment column as confirmed .",Low,Rohit Agarwal,Mark Wilson,"2/26/2025, 6:51 AM",2,Configuration,Forecast - Update,59,42.60972222
,214530,WekaIO,Weka - Renewals Forecast,"Please remove the monthly 'Forecast' call fields from the ""Renewals"" forecast tab","We have removed the monthly 'Forecast' call fields from the ""Renewals"" forecast tab as requested",Low,Erin Martinez,Erin Martinez,"2/26/2025, 9:20 AM",1,Configuration,Forecast - Update,32,24.00222222
,214556,"Cyera US, Inc",Add Forecast tab column,"Hello, 
I don't see a way to add a forecast tab column myself in the Forecast Configuration part of Studio, so let me know if I'm missing it somewhere. Can someone please replace our Quota Coverage column with a new ""Commit Coverage"" column? The Commit Coverage column is the same exact thing as our existing Pipeline Coverage column, except change the Forecast Category filter to only include ""Commit"". Everything else should be exactly the same. Once created, the Commit Coverage should take the place of our Quota Coverage column and go to the right of our Pipeline Coverage column. Thanks and let me know if I can clarify anything","We have replaced Quota Coverage column with a new ""Commit Coverage"" column with the same exact filter criteria as the existing Pipeline Coverage column, except change the Forecast Category filter to only include ""Commit"" as requested",Low,Jason Parawan,Nathaniel Sintros,"2/26/2025, 10:20 AM",1,Configuration,Forecast - Update,20,12.39222222
,214575,Corelight,Corelight - Adding ARR as filterable for all Analyze,"Corelight has the below question about setting up a new filter for Analyze. Let me know if it is possible, and if so, please build.

Are we able to add this field as a filter for all Analyze widgets (waterfall, pulse, etc)?  It's an amount field and I want to be able to filter based on buckets, the exact same functionality as when you filter as ""Deal Size"".

Thank you,",We observed that the ARR field is already a filterable option under all the Analyze  module,Low,Christopher Williams,Christopher Williams,"2/26/2025, 12:17 PM",1,Configuration,Field Config - Update,29,21.06555556
,214674,Phrase,Adjustment Request: Change Forecasting endDayOfWeek to Tuesday,"Hello,

I recently requested a change in the forecasting endDayOfWeek to be Wednesday, but after further internal discussions, we have decided that it should be set to Tuesday instead.

Can you please make this adjustment?

Thank you.",updated the Forecasting endDayOfWeek to Tuesday,P3,Pooled CSM,Manuel Passanha,"2/27/2025, 7:09 AM",1,Configuration,Forecast - Update,18,10.845
,214667,"ConnectWise, LLC",Pipeline Coverage,"Pipeline coverage is not showing up as a multiplier despite the settings set to that. 
Also, the Total Forecast column is not showing the sum value as it should.","The Pipeline Coverage column configuration in the Summary tab is correct. However, since no quota value has been entered, the multiplier is not displaying. Once the quota value is entered, it will function as expected.

The Total Forecast calculation co",Low,Nico Alvarez,Natali Barze,"2/27/2025, 6:39 AM",5,Configuration,Forecast - Update,130,58.02333333
,214732,"Imperva, Inc.",Need to Add Stage 6 to Forecasting,"Hi there, I need to add Stage 6 opps field to Forecasting view.  The Specific views are Renewals and Renewals YTD/QTD Attainment.",-,Low,Lizzie Rupp,Brent Zakaryan,"2/27/2025, 11:04 AM",4,Configuration,Forecast - Update,102,38.03805556
,214741,"Algolia, Inc.",New Forecast Tab Changes,"Hello! 

I am working on a new forecast tab for my CEO. The tab is currently called [DRAFT Internal Operating Metrics] I need a few additional reference tabs that I am not able to do myslef in the forecast configuration for some reason.

The following are reference columns I need added.
They all are referenced from the C&C Global Forecast tab 

1. C&C Best Case Forecast
2. C&C Best Case Rate

These two columns will need to be created. They are both calculation fields.
1. Calculation: C&C Commit/Entering CARR  - Please title this column C&C Commit Rate
2. Calculation: C&C Best Case Forecast/ Entering CARR- Please title this column C&C Best Case Rate

Please let me know if you have an questions. thank you","Referred to the 'C&C Best Case Forecast' and 'C&C Best Case Rate' calculation columns from the 'C&C Global Forecast' tab and added them to the 'DRAFT Internal Operating Metrics' tab.
Additionally,  I created the 'C&C Commit Rate' and 'C&C Best Case Rate'",Low,Lizzie Rupp,Jazmine Rogers,"2/27/2025, 11:26 AM",4,Configuration,Forecast - Update,104,38.55888889
,214759,"Dataiku, Inc.",Forecasting tabs configuration,"Hello Clari team! Could you please add the following column to the 'D&C' tab - it should show the difference in Number of Opportunities:

if Quarter of Opportunity's ID Closed Date  IS DIFFERENT from Quarter of Opportunity's ID ARR Start Date THEN COUNT Opportunity ID

The name should be 'Nb of opps (Closed vs ARR Start dates)', please add it at the very end.","Created the ""Nb of opps (Closed vs ARR Start dates)"" column in the 'D&C' tab and asked customer for the clarification.
Updated the amount field and the formula filter for the 'Nb of Opps (Closed vs ARR Start Dates)' column in the 'D&C TEST TAB' tab.

u",Low,Lyuda Rogers,Inna Logunova,"2/27/2025, 12:49 PM",14,Configuration,Forecast - Update,343,165.1783333
,214760,Impact,Delete Forecast Columns,"Hi team, can you please delete the columns ""Total Planned Capacity"" and ""Gap to Capacity"" both in the quarterly and monthly sections from all tabs EXCEPT the Forecast Summary tab.","removed the columns ""Total Planned Capacity"" and ""Gap to Capacity"" both in the quarterly and monthly sections from all tabs EXCEPT the Forecast Summary tab",Low,Sarah Fagan,Sarah Fagan,"2/27/2025, 12:49 PM",6,Configuration,Forecast - Update,132,53.17611111
,214773,Recorded Future,Changing Net New Performance tab column 'Summed Churn' to adjust by selected quarter,"Hello,

Right now we have our 'Summed Churn' column on the Net New Performance tab using a date criteria of ARR Start date = This Quarter. I would like that instead to conform to the Quarters being selected in the 'This Quarter' dropdown (see screenshot). I tried adding ""__CLARI_FORMULA_DATE_RANGE__"" instead of ARR Start Date = ""This Quarter"" but it seemed to pull funny results that were way more than expectations. I'm assuming I did something wrong.

Can I get some guidance here?

 Brian","We have updated the  'Summed Churn' column on the Net New Performance tab to use  a date criteria of ARR Start date = ""__CLARI_FORMULA_DATE_RANGE__"" instead of ARR Start Date = ""This Quarter"" as requested",Low,Andrew Seymour,Brian Maher,"2/27/2025, 1:43 PM",1,Configuration,Forecast - Update,28,19.74194444
,214774,Forter,New Forecast Tab Creation,"Hi Clari,
Can we please have assistance in the creation of a new forecast tab? This can be found in the linked workbook under the title ""New Tab - YTD"". I worked with Janhavi Wagle to define requirements and build out this template. I'm unsure of the SLA for the creation of this new tab, so I've set the date at March 7, 2025. If possible, can you help me understand what the turnaround time for this ask will be? I I just want to communicate this timeline with leadership, but I recognize this may take longer.",created the new YTD Forecast tab,P3,Elizabeth Stoughton,Gabby Upson,"2/27/2025, 1:49 PM",6,Configuration,Forecast - Update,131,52.17861111
,214783,Chainalysis,"Forecasting Edit for ""Contraction"" Columns","In the ""(Total) Renewals"", ""(Public) Renewals"", ""(Private) Renewals"", and ""(Total) Renewals **UAT**"" Forecasting Tabs, we would like the ""Contraction"" column to exclude all Opportunities with Close Dates prior to February 1st 2025.

Additionally, I noticed that in the ""(Total) Renewals **UAT**"" we need a fix applied so that, similar to the solution in Case 00214013, the following statements in our query operates correctly. Support previously manually helped us correct the filter behavior:
'Close Date' is ""Clari Formula Date Range+"" 
'Renewed Opp Service End +1' is ""< This Quarter""","Applied the filter to the 'Contraction' column in the '(Total) Renewals', '(Public) Renewals', '(Private) Renewals', and '(Total) Renewals **UAT**' tabs. 
Additionally,  I have updated the 'Clari Formula Date Range+' and '< This Quarter' filter values in",Low,Andrew Seymour,Maxwell Davison,"2/27/2025, 2:18 PM",4,Configuration,Forecast - Update,101,35.69527778
,214835,"SUSE, LLC",Custom pipeline coverage table,"Hi team,

We had begun work with our CSM Toni Pang on a custom pipeline coverage tabe in forecasting. Unfortunately Toni is out sick and we need to continue progress on this initiative.

Please see below on what had been requested:

We wanted to create two custom tables in Clari (Forecast section): 

1. Show pipeline coverage by taking 4RQP vs 4RQ target and 4RQP (prior 7 days) vs 4RQP (current week) and delta between LW and CW. Please see the attached file ""dash 1""

2. Create a multiplier that shows how much pipeline we need to achieve the target vs how much pipeline we have. For this table, we need to get the pipeline number at the beginning of each quarter vs actuals (booked) in the same quarter. Multiplier (CQ SD ARM) will be the pipeline's average from each quarter vs actuals. In the last call with Toni, we agreed that we would need to input the number or upload it into Clari manually, and Clari would calculate the KPIs as per attachment ""dash 2"".

Toni and the team have already s",Created the new columns in the CQ Pipeline and NQ Pipeline tabs and updated the formula for the Coverage Calculation column in the 'Pipeline Coverage' tab.,Low,Toni Pang,Cathal Griffin,"2/28/2025, 2:51 AM",24,Configuration,Forecast - Update,574,255.1372222
,214840,Phrase,Changes to Renewal Forecast Tab in Clari (28/02/2025),"Hi,

I need to make some changes to the Renewal Forecast Tab in our forecasting environment. Please prioritize this request as it is time-sensitive.

Required Changes:

1. New Column: ""Current Renewal ARR Attainment""
Calculation: ""Won"" / ""Up for Renewal""
This should be displayed as a percentage.

2. New Column: ""Churn Risk""
Logic: Sum of all open renewals where CSM Sentiment Score is ? 10.

3. New Column: ""Expected Renewal ARR""
Calculation: ""Won + All Open Renewals"" - ""Churn Risk"" (Churn Risk is the new column from point 2).

4. New Column: ""Expected Renewal ARR Attainment""
Calculation: ""Expected Renewal ARR"" / ""Up for Renewal""
Displayed as a percentage.

Let me know if you have any questions

Best,
Manuel","created the following new columns in the Renewal Forecast tab as requested:

Current Renewal ARR Attainment
Churn Risk
Expected Renewal ARR
Expected Renewal ARR Attainment",P3,Pooled CSM,Manuel Passanha,"2/28/2025, 4:02 AM",3,Configuration,Forecast - Update,86,29.77694444
,214846,CluePoints S.A.,forecast column,"Within the BD QoQ ARR 2025 - please delete the forecast call column. We will only be using this tab for tracking against quota, not making forecast calls.",We have removed the forecast call column from the BD QoQ ARR_2025 tab as requested .,Low,Pooled CSM,Patrick Socaciu,"2/28/2025, 5:04 AM",3,Configuration,Forecast - Update,84,28.00833333
,214883,"Equinix, Inc.",Split role filter in forecast page not complete...,"Hi Team,
Looking at the Quota Bookings Attainment column in the Quota Bookings Forecast tab, it looks like the Split Role filter might be missing some selections.  We have 53 options but the filter only has 49 selected.  The expected behavior is to have 51 of the 53 options selected.  The two options that should be excluded are AE-A Former Rep - commission only and Supporting Sales Rep - commission only.  Please see screenshot.

Thanks
Ed",The Quota Bookings Attainment column in the Quota Bookings Forecast tab includes all values except AE-A Former Rep - Commission Only and Supporting Sales Rep - Commission Only for Split Role filter .,Low,Liz LeDoux Tajonar,Ed Hernandez,"2/28/2025, 8:12 AM",11,Configuration,Forecast - Update,257,105.7902778
,214884,Phrase,"Request to Hide ""Renewal Target"" and ""Closed"" in Customer Health Forecasting Tab","Hello,

Can you please hide the ""Renewal Target"" and ""Closed"" from the ""Customer Health"" Forecasting tab?

Thank you.","We have hidden the ""Renewal Target"" and ""Closed"" from the ""Customer Health"" Forecasting tab as requested",P3,Pooled CSM,Manuel Passanha,"2/28/2025, 8:13 AM",3,Configuration,Forecast - Update,73,16.58611111
,214875,Immersive Labs Corporation,New Calculation field in New + Upsell Forecast Tab,"Hi there,

I was hoping to get a new column within the Qtr section of our New+Upsell Forecast tab. 

What I would like to create is a metric called Actual Win Rate as a %. With the formula = Closed / (Closed + Closed Lost)

Many thanks
Freddie",We have created the new calculation field  under the New + Upsell Forecast Tab as requested,Low,Caroline McCarthy,Frederick Knowlton,"2/28/2025, 7:38 AM",3,Configuration,Forecast - Update,81,25.44888889
,214907,Fastly,Remove opportunities from all Clari query with a certain field value?,"Hi - I'd like to omit all opportunities from Clari Forecasting and analysis overall where the Opportunity Field ""Sales Process"" has a value of ""Non-Profit"". 
I'd also like to exclude all data coming from accounts where the account name includes ""Test"". Please let know how I can achieve this.",Clari is designed to pull all the data from salesforce and then users can apply filters on the inspect module to see relevant data and exclude any kind of opportunities that they don’t want to see.,Low,Amanda DeLuise,Rob Killian,"2/28/2025, 9:54 AM",10,Configuration,Field Config - Update,247,104.0913889
,214906,Enverus,"Add Column to Inspect - ""Price Increase %""","Hello,

We would like to request a calculated column for Inspect titled ""Price Increase %""

This would be a calculation based on the following opportunity fields:

Net Change on Account/Renewal Base ARR

opportunity.net_change_on_account__c/opportunity.renewal_base_arr__c

Since this only impacts Net ARR Type = Price Increase, could we please build logic to leave other Net ARR Types (Upgrade/New Business/Conversion/etc.) that are NOT Price Increase blank?

Happy to jump on a call to clarify. Thank you!","A calculation column can't be created under the inspect section, it can only be created in the tab using the columns available under the tab.",P3,Amanda DeLuise,Collin Fritz,"2/28/2025, 9:39 AM",7,Configuration,Forecast - Update,163,74.76777778
,214943,BNamericas,Add Calculation field for NRR in 2025 Renewals Tab,"Hello we need a calculation field added for BN Americas in their 2025 Renewals tab.

The math will look like this

Gross Renewal Rate + (Positive Price Increase + Negative Price Increase) / Retention Target

Please let me know if you have any questions on this.

Thanks,

Matt",n/a,Low,Matthew Mcginley,Matthew Mcginley,"2/28/2025, 11:46 AM",7,Configuration,Forecast - Update,172,84.33777778
,214967,Advarra,Can forecasting account for indirect deals to align to quota attainment,"Hello,

Advarra is asking if it is possible to align quota attainment to indirect deals. The best way to explain what they are looking for is to show the clip from the call.

https://copilot.clari.com/guest/sharedCall/67c22e10852ffe1685a3bb11",The CSM will open a new case during their meeting next week.,Low,Matthew Mcginley,Matthew Mcginley,"2/28/2025, 1:45 PM",9,Configuration,Forecast - Update,220,84.24222222
,214985,"AlphaSense, Inc.",New Test Tab,"AlphaSense would like to create a net new tab to test a new forecast configuration. 

The linked requirements doc is very detailed. The most complex columns are column C and P which are calculation columns to combined the standard Quota Closed Won amount with the Manager Closed Holdovers column. I was told we could use the ""showCalculationParams"": true to show the % value attainment in this column compared to the quota.

Please let me know if you have any questions about the requirements sheet.",Created the new TEST TAB tab,Low,Andrew Pohlen,Ari Henck,"2/28/2025, 3:03 PM",6,Configuration,Forecast - Update,141,60.54555556
,215096,Deque Systems,Rollback Time Machine in Waterfall,"Customer Requesting to see opp grid in the side bar of their Waterfall, instead of Time Machine. Rollback in Internal Notes.",n/a,Low,Pooled CSM,Leo Polonsky,"3/3/2025, 11:16 AM",4,Configuration,Analytics - Update,101,68.83944444
,215121,OutSystems Inc.,Renewals Timing Configuration,"Hi team, please include Sonia, the customer in your response!

Need some guidance on a filtering issue our customer OutSystems is experiencing. Here's the context:
They have a Renewals Timing tab that tracks when contracts are actually renewing vs. when opportunities are closing. Here's how it works:

Each renewal opportunity has:
A Close Date (when the deal is expected to close)
A Contract End Date (when the existing contract actually expires)
A Renewal Amount

They use this to track three scenarios for quarterly renewals:
Pushed deals (renewals from past quarters now closing this quarter)
On-time deals (contracts ending this quarter and closing this quarter)
Pulled-in deals (future quarter renewals being closed early this quarter)

The Issue:

They have a ""Total"" column showing all opportunities with close dates in the current quarter
However, some opportunities are missing the Contract End Date field
Sonia tried to create a filter only to show opportunities where ",Created a filter with the value 'Contract End Date = No Date Assigned' and applied it to the 'Total Renewable ARR CQ' column in the 'Renewal Timing' tab.,Low,Caitlin Stone,Caitlin Stone,"3/3/2025, 12:50 PM",4,Configuration,Forecast - Update,86,54.05666667
,215115,Bugcrowd Inc.,Summary Tab,"Hi Team,

We currently have our reps entering their forecasts on the new business and renewal tab and then myself and my team need to manually populate the summary tab. Is it possible to have the summary tab calculate/auto populate based on what is on the new business and renewals forecast tab. I believe in the past our Clari rep said that we could do that but it would be reference fields that we cannot edit, if that is the case we are ok to move forward with reference fields.

Thanks!","referenced the Commit, Best Case, and Most Likely columns from the New Business and Renewals Forecast tabs and made them hidden. These hidden columns are then used as composites for the Commit, Best Case, and Most Likely columns in the Summary Forecast ta",Low,Sarah Fagan,Libby Gorfine,"3/3/2025, 12:31 PM",9,Configuration,Forecast - Update,222,117.4780556
,215132,Cognite AS,Advanced Filters,"Hi! 

Would it be possible to add an or statement to the filters? We need to add a filter to our existing pipeline generation tab that would count any first sale deal type towards pipeline generation, but would only count upsell deal types if they were in stage 2+.",The customer implemented the changes independently.,Low,Said Mussa,Kharina Pineda,"3/3/2025, 1:29 PM",6,Configuration,Forecast - Update,132,68.51083333
,215138,"Lakeside Software, LLC",Partner Manager Tab Issue,"Referencing case 00211815

Need to change the Partner Manager tab to ""Partner Manager"" Mode instead of the Products Mode. Customer wants Partner Manager tab to be able to show all opportunities, regardless of owner, who roll up to certain partner managers.",Updated the 'Partner Manager' mode for the 'Partner Manager' tab and used the 'opportunity.acv_amount_new__c' (ACV Amount) as the amount field for all the columns in the tab.,Low,Tyler Jass,Tyler Jass,"3/3/2025, 2:19 PM",2,Configuration,Forecast - Update,53,35.68055556
,215144,Brightly Software,Integrations to Establish,"Hello!
We need to complete the integrations to Clari from the following tools:

Salesloft
Chorus.ai
Marketo

I was told to submit a ticket to get this started & completed. I have CC'd our Sales Operations Program Manager to assist in this request. Thank you!",We have created the Chorus.ai & Salesloft. according to the screenshot shared,Low,Said Mussa,Ashley Moralez,"3/3/2025, 3:45 PM",29,Configuration,Signals - Update,698,338.24
,215191,"Intercom, Inc.",New Column and Tabs,"Hi Team,

Can I please have one new column and 2 new tabs created?

- New Column: create a new column named as ""New Logo Actual"" in the current AE tab, as highlighted as red in the excel file attached.
- AE Fin: create a new Clari tab named as AE Fin, as per ""AE Fin -To Clari tab"" in the file attached, please leave the green columns as blank because we'll need those data to come from Snowflake.
- RM FIn: create a new Clari tab named as RMFin, as per ""RM Fin -To Clari tab"" in the file attached, please leave the green columns as blank because we'll need those data to come from Snowflake.

Please note, for the new tabs created, can you please make it visible to only Sales Ops profile users?

Regards,
Leo","Created the 'New Logo Actual' column in the 'AE' tab and also created the 'AE Fin' and 'RM Fin' tabs as per the attached sheet.
Provided access to the new tabs for Dard Hunter, Calvin Hu, Felix Gubert Sarda, Eva Abbott, Lakshika Eaton, and you as well.",Low,Tyler Jass,Leo Zhang,"3/4/2025, 3:24 AM",3,Configuration,Forecast - Update,89,62.58638889
,215205,"Medallia, Inc.",Update PSS Forecast tabs,"Hello,
following a change in our leadership I would need your support in the following:
- updating the columns in the existing PSS forecast tab (see attachment 1)
- creating a new tab under the PSS Forecast page called - Forecast Test (see attachment 2)
Happy to jump on a call to clarify requirements.
Thanks!","updated the PSS Forecast tab and created the new Forecast Test tab in S1 - Medallia Sandbox.

However, we are unable to validate the changes as we are not able to impersonate the sandbox.",Low,Ari Henck,Filippo Rocchi,"3/4/2025, 5:44 AM",7,Configuration,Forecast - Update,163,76.26083333
,215213,"Dataiku, Inc.",Change columns,"Hello Clari team! Could you please add the following condition to the column 'Number of Champions w/o NBM>20K' on the 'Pipeline Generation' tab: 
NBM Booked = NOT CHECKED

Thank you!",added NBM Booked = NOT CHECKED filter conditions to 'Number of Champions w/o NBM>20K' column on the 'Pipeline Generation' tab,Low,Lyuda Rogers,Inna Logunova,"3/4/2025, 6:53 AM",5,Configuration,Forecast - Update,115,59.11277778
,215249,Virtana,Need to Combine New and Expansion Tabs to align with FY26 GTM,"I need to combine the New and Expansion tabs to align with our FY26 GTM.  I was just made aware of this request yesterday, sorry for short notice but I would like someone to show me how to make this change ASAP this week.   Screenshot attached showing which tabs.","created  New & Expansion,New & Expansion Annual,
New & Expansion - TCV and New & Expansion Annual - TCV which combines the New and Expansion tabs. and hidden the individual New and Expansion tabs for each group.",Low,Pooled CSM,Dana DeForge-Skrabak,"3/4/2025, 8:36 AM",2,Configuration,Forecast - Update,58,41.38361111
,215271,Alight Solutions,Error with new custom Last Year to Date filter,"Hi, I need help with a new custom filter I created. For the field Created Date, I need to be able to select ""last year to date."" For example, on March 4, 2025, selecting this filter would show me opportunities that were created between Jan 1 and March 4, 2024 (through this time last year). In Clari Studio, I went to Field Configuration and edited the Created Date field. I added a Custom Option named ""Last Year to Date"" and gave it the criteria ""is Last Year"" AND ""is before 1 year ago"". I saved and published the change. I thought this would work, but when I choose it as a Filter, I see the ""There was an error loading this page"" error. Can you help?",Updated the filter 'Created Date = Last Year to Date'.,Low,Liz LeDoux Tajonar,Peggy Sue Marlin,"3/4/2025, 9:31 AM",6,Configuration,Forecast - Update,143,64.16444444
,215285,Atlassian Pty Ltd,Loom SSE Tab - Target Column Mode Change,"Hello, in our Clari Forecast configuration, we noticed on the 'Loom - SSE' tab that the 'Target' column's mode is ""Account Owner with Products,"" but it needs to be ""EA Credit Owner Products"". Can we update the Mode to be ""EA Credit Owner Products""?

Thank you,
Andy",Updated the mode of the 'Target' column in the Loom SSE Tab from 'Account Owner with Products' to 'EA Credit Owner Products.,Low,Chris Hughes,Andy Coffman,"3/4/2025, 10:21 AM",2,Configuration,Forecast - Update,44,28.20694444
,215293,"Databricks, Inc.",Add a quota field to the renewals forecast tab,"Please add a quota field to the renewals forecast page, a quota column","We have created the new quota column as requested with the amount field provided .Please find the screenshot below 
Note:
1) Quota and closed columns are associated by default and we will not be able to remove are more the closed column away from the qu",Low,Dov Markowitz,Efrén Chacón,"3/4/2025, 10:57 AM",3,Configuration,Forecast - Update,77,53.20444444
,215312,"Censys, Inc.",Moving Forecast to Opportunity Splits,"Hi,

I'd like to move our Clari Forecast to use opportunity splits. Is there someone that can help me start this process?

Thank you,
Kristin",created a new Splits mode to pull the data from OpportunitySplit object,Low,Pooled CSM,Kristin Houghtaling,"3/4/2025, 12:20 PM",12,Configuration,Forecast - Update,284,133.6622222
,215309,1E,Forecasting Changes: Churn Forecast Tab,"Hi, I'd like to make two changes to the Churn Forecast tab in our Clari Forecasting configuration.

1) the Churn Call formula is currently = ( Churn Forecast (pending delete) – CPI )

I would like to change this formula to = ( Retention Forecast - Renewal Quota + CPI)

We are not able to change this query directly.

2) Can we please delete the two fields renamed to include (Pending Delete). 

The Renewal Low field can't be deleted as it's the default field, and it would be better to have Retention Forecast as the default forecast field.
The Churn Forecast field cannot be deleted as it's being used in the Churn Call query.

Thank you","Updated the formula for the 'Churn Call' column, removed the 'Churn Forecast (pending delete)' and 'Renewal Low (pending delete)' columns, and made 'Retention Forecast' as a default column  in the 'Churn' tab.",Low,Toni Pang,Justin Rogers,"3/4/2025, 12:11 PM",2,Configuration,Forecast - Update,47,31.43138889
,215303,Nutanix,Update Total Port% New-ACV Formula & Add NAI to PP Call Calculation,"Hi Team,

Could you please add NAI Call to PP Call Calculation?

= ( NDB Call + NCM Call + NUS Call + NKP Call + NAI Call )

Also, please help update ""Total Port% New-ACV"" forecast tab formula to include the NAI quota closed.

The formula should be:
Total Port% New-ACV = ( NDB Quota + NCM Quota + NUS Quota + NKP Quota + NAI Quota ) / New SW ACV Closed

Attached is a snapshot for reference and let me know if you have any questions. 

Thanks,
Samson R",updated the calculation formula for the Port% New-ACV and PP Call columns in the Portfolio Products tab,Low,Cortney Fickey,Samson R,"3/4/2025, 11:53 AM",3,Configuration,Forecast - Update,69,45.25611111
,215337,Flexera,Making Changes to the Flexera Forecast Tab,Can we hide the CRO-Total Commit (Flexera Products) and the CRO-Total Commit (Snow Products) columns in the Flexera Forecast forecasting tab? See attached screenshot for details.,We have hidden the CRO-Total Commit (Flexera Products) and the CRO-Total Commit (Snow Products) columns (Monthly and quarterly duration )in the Flexera Forecast forecasting tab as requested,Low,Nico Alvarez,Joseph Wnukowski,"3/4/2025, 2:25 PM",1,Configuration,Forecast - Update,27,19.03277778
,215332,"Dataiku, Inc.",Columns updates,"Hello team! Could you please update the below on the tab 'Initial + Upsell Declarative' for columns 'Commit', 'Expected', 'Best Case', 'MGT Weighted NNARR' , 'AE Exepcted' add the filters below:

STAGE (EXCLUDED) = Disqualified, Lost, Sales Accepted Lead, Goal


Thank you!","Under the tab 'Initial + Upsell Declarative' for columns 'Commit', 'Expected', 'Best Case', 'MGT Weighted NNARR' , 'AE Exepcted' we have add the filters below as requested :

STAGE (EXCLUDED) = Disqualified, Lost, Sales Accepted Lead, Goal",Low,Lyuda Rogers,Inna Logunova,"3/4/2025, 1:50 PM",3,Configuration,Forecast - Update,74,50.28444444
,215342,Eptura,Create Activity Signal - Seismic,"Seismic is creating tasks within SFDC that we would like to bring into Clari for both the opportunity module and the accounts module. Task example attached; but subject line always starts with ""[Seismic]""","The ""Seismic"" signal is showing up under both the opportunity module and the accounts module",P3,Sarah Fagan,Aaron Richardson,"3/4/2025, 2:51 PM",6,Configuration,Signals - Update,146,67.14222222
,215340,Medrio,Medrio - 3 New Forecast Tabs,"Hello,

Our account Medrio would like 2 new forecast tabs for Pipeline Goal Monthly, and Pipeline Goal Quarterly.

Then they also have adjustments to be made for the Bookings Goal tab. The adjustments will be for specific calls for Renewals, Upsells, and Change Orders, the changes/additions will come from columns H-V.

Please let me know if you have any questions",n/a,Low,Matthew Mcginley,Matthew Mcginley,"3/4/2025, 2:38 PM",3,Configuration,Forecast - Update,78,51.35833333
,215348,Flexera,Hiding Columns in the Revenera New Business Forecast tab,"Hello, there are 2 parts to this request.

1. In the Revenera New Business Forecast tab, there are two forecast fields, High Current Projection and Low Current Projection. Can we hide these fields so that they no longer require the users to update weekly?

2. Can we also hide the columns Cloud Pipeline, Subscription Pipeline and Perpetual Pipeline from this forecast tab?

See screenshots for clarification.
Let me know if there are any questions. Thank you","We have hidden High Current Projection, Low Current Projection ,Cloud Pipeline, Subscription Pipeline and Perpetual Pipeline columns from Revenera New Business Forecast tab as requested .",P3,Nico Alvarez,Joseph Wnukowski,"3/4/2025, 3:03 PM",1,Configuration,Forecast - Update,26,18.39305556
,215358,REMOTE EUROPE HOLDING B.V.,"Please Change ""Most Likely""to ""Commit""","Please Change ""Most Likely""to ""Commit"" everywhere in the configuration, across ALL Tabs.
We are no longer using ""Most Likely"", we are now using ""Commit"" as a value instead of ""Most Likely""
There are various formulas and fields that are filtered on ""Most Likely"" or using ""Most Likely"" - please update to ""Commit"" instead.

Thank you","updated the forecast category filter across all tabs by replacing ""Most Likely"" with ""Commit""",P3,Said Mussa,Hind Zerrouki,"3/4/2025, 4:53 PM",10,Configuration,Forecast - Update,225,113.8877778
,215355,REMOTE EUROPE HOLDING B.V.,Delete Tabs,"Please delete the following tabs:
- OLD-Summary
- OLD-New Business
- OLD-Expansion Business
- OLD-Product
- EOR Splits","We have deleted the following tabs as requested :
- OLD-Summary
- OLD-New Business
- OLD-Expansion Business
- OLD-Product
- EOR Splits",P3,Said Mussa,Hind Zerrouki,"3/4/2025, 4:45 PM",1,Configuration,Forecast - Update,25,16.70861111
,215360,Sysdig,NACV forecast tab,"Please change the format to show the dollar amount instead of the percentage for these two columns
1. Gap to commit
2. Gap to best case","We have changed the format to show the dollar amount instead of the percentage for these two columns

1. Gap to commit

2. Gap to best case as requested",Low,Elizabeth Stoughton,Janhavi Wagle,"3/4/2025, 7:10 PM",1,Configuration,Forecast - Update,22,15.46083333
,215412,Corsearch,Update formula field,"Hi there, 
Under the Brand Protection Forecast Tab please can you update the Total Closed - ARR + Price Increase calculation so it also includes values from Non ARR Closed. Query should look like: = ( Quota + Price Increase Closed + Non ARR Closed). If there is a way forme to do this myself, please let me know. 
Also, this combination field, could that then be used to calculate Gap to Quota? 
Thank you Binti",Updated the formula for the 'Total Closed - ARR + Price Increase' calculation column in the 'Brand Protection Forecast' tab.,Low,Matthew Mcginley,Binti McEvaddy,"3/5/2025, 4:33 AM",15,Configuration,Forecast - Update,375,189.4441667
,215417,"Censys, Inc.",Add Opp Splits to Forecast,"Hi,

In case # 00215312, ""Split Mode"" was enabled for my org. The next step is to show splits within our Forecast. I only need splits for ""New Business,"" but I'm hoping we can add splits to a new forecast tab while we're in testing phase. Can someone please assist me with applying split mode to our Forecast view? We currently use ""Net New Bookings"" as our forecast field for New Business, so I'd like to use the ""Net New Bookings"" opportunity split moving forward (field name = ""label"").

Thank you,
Kristin","created the new New Business Test tab which have  Opportunity Split Type = ""Net New Bookings"" filter in  all the columns in the new tab.

All users who have access to the New Business tab now also have access to the New Business Test tab.",Low,Pooled CSM,Kristin Houghtaling,"3/5/2025, 5:59 AM",12,Configuration,Forecast - Update,304,140.0022222
,215429,"Sage Intacct, Inc.",Create a New Forecasting Tab,"Hi-could you please build me a new forecasting tab called US NCA Channel - Intacct. I would essentially want to duplicate the NB Forecast and update the Mode from Default to VAR. Then update anytime it says opportunity.custtype__c =Direct to opportunity.custtype__c = VAR. I would also need to add a filter that says CRE OPPORTUNITY = Not Checked.  
Not Checked.  

I have exported the NB Forecast changed the mode and athe channel to var but was unsure how to add teh CRE Opportunity = Not checked. It also includes a tab that says Filters which includes the filters that are needed in the new tab.  

Thanks!","Created the new tab ""US NCA Channel - Intacct"". which is the clone of the  NB Forecast tab and updated the mode and formula filter as per the attached sheet.

 Updated the 'stage = Disqualified: CPQ Converted' in the new ""US NCA Channel - Intacct"" tab.",P3,Said Mussa,Jackie Lickus,"3/5/2025, 6:58 AM",6,Configuration,Forecast - Update,156,75.02694444
,215453,"Sage Intacct, Inc.",Modification Canada NB Forecast & Canada NB VAR Forecast,"Could you please change the Canada NB Forecast & Canada NB VAR Forecast current coverate field to ""Coverage to Quota"" and then create a column called ""Coverage to Pipeline"" Which for example would the the Commit/Forecast/Upside call / the value in their pipeline. Attached are the specific two forecasts i am inquiring about.","Removed, updated, and created columns for both monthly and quarterly durations in the ""Canada NB Forecast"" and ""Canada NB VAR Forecast"" tabs, as per the attached document.",P3,Said Mussa,Jackie Lickus,"3/5/2025, 8:17 AM",6,Configuration,Forecast - Update,155,73.70583333
,215452,Recorded Future,Please Replace Instances of Amount Roll-ups using 'Renewal ARR' field for 'Original ARR' field,"Hello,

We have some views and forecast columns using Renewal ARR (api name - opportunity.renewal_arr__c) as an amount roll up, we'd like to replace all those instances with our Original ARR amount field (api name - opportunity.original_contract_amount__c)

Can we do this en mass?",Replaced the roll-up field from 'Opportunity.Renewal_ARR__c' (Renewal ARR) to 'Opportunity.Original_Contract_Amount__c' (Original ARR Amount) from the views and forecast.,Low,Andrew Seymour,Brian Maher,"3/5/2025, 8:16 AM",7,Configuration,Forecast - Update,164,77.39722222
,215450,Modulr Technology Ltd,Quota is getting changed for both upsell and renewal tabs,"Hi team,

Hope all is well with you.

We had recently created a tab to the Forecast to capture renewals and upsells. The ""Quota"" column for Upsell should be different from the ""Quota"" column for Renewal. However, each time i am manually changing the one of them, the change will flow into the other.

Can we please change that so i can have different values to quotas for renewal and upsells?

Many Thanks",created a new Quota column  for the Renewal tab and hidden the old quota column from all Individual Contributors and Managers.,Low,Pooled CSM,Christina Andreou,"3/5/2025, 8:14 AM",5,Configuration,Forecast - Update,114,43.24611111
,215490,Archer Technologies LLC,Modify Forecast Module,"Hello Clari team, we just updated a few fields in SF and we want to adjust the filters we used in the forecast module","Have updated the Realistic to Upside and Best Case to Stretch in the opportunity mode, forecast and analytics.

Created the Stretch,  New Business,Stretch,  Expansion and Stretch columns and updated the lable of columns in ""New Business + Expansion"" tab",Low,Andrew Pohlen,Eileen Chen,"3/5/2025, 10:44 AM",7,Configuration,Forecast - Update,178,87.25888889
,215500,"Cribl, Inc.",Set up Product Level Forecasting,"Hello,
We are interested in setting up Product Level Forecasting in our Clari instance. We have included the necessary information outlined in the webinar below. We are also interested to know our options for having multiple filtered and aggregated amounts. 

Relavent Filter: Product_Code__c
Relavant Amount: New_ARR__c

Please let us know what the next steps are for this.
Thank you,
Liz",Jason helped customer to create the new tab,Low,Jason Parawan,Elizabeth Mantione,"3/5/2025, 11:20 AM",5,Configuration,Forecast - Update,127,54.6625
,215520,GitLab,Urgent - Updated Closed option in Forecast column of v2 WIP New Logo tab,"Hi Team, please update the Closed option in the Forecast column to the following configuration:

'FO New Logo #' in [""1"", ""-1""] AND 'FP&A Master Bookings Flag' is ""Checked""

This would be a custom formula that we need updated exactly as stated. The Total configuration should stay as is.",updated the Closed formula for the New Logo Forecast column in the V2 WIP New Logo tab.,P3,Lizzie Rupp,Kathleen Rintelman-Betances,"3/5/2025, 12:49 PM",1,Configuration,Forecast - Update,19,11.16972222
,215535,"Lakeside Software, LLC",Graph API Question,"Kim is still seeing the pop-up in Studio that the Graph API migration hasn't happened. She believes she has done it. Can someone please check to make sure they have done everything they need to do? And if so, can that pop-up be cleared? Thank you!",n/a,Low,Tyler Jass,Tyler Jass,"3/5/2025, 1:44 PM",12,Configuration,Other,276,116.5972222
,215540,"Tipalti, Inc.",Remove Chorus Momentum button,"Hi - can we please have the Chorus Momentum button removed from our Clari instance? (Example in the attached screenshot)
We've implemented Copilot and would like that to not show for users. Thanks!",We have Removed open Chorus Momentum button as requested,Low,Nico Alvarez,Katie Nelson,"3/5/2025, 2:19 PM",2,Configuration,Field Config - Update,50,33.80583333
,215546,"Infor (US), LLC",Forecast Filter add,"For all columns in the GPS Bookings Forecast Tab please add filter to exclude opportunity type: ""Carefor Renewals""","exclude opportunity type: ""Carefor Renewals"" filter For all columns in the GPS Bookings Forecast Tab",Low,Stephanie Ervin,Stephanie Ervin,"3/5/2025, 3:27 PM",4,Configuration,Forecast - Update,83,34.54972222
,215569,Cohesity,Unable to Enter Forecast entry for Call for Dalton Powell,Unable to Enter Forecast entry for Call for Dalton Powell,"We observed that Dalton Powell is able to Enter Forecast entry for low ,hight and call (monthly) column 
But Call Quarterly column is a strict composite of the monthly call so we are not able to entry the forecast amount",Low,Chris Hughes,Uday Bodduna,"3/5/2025, 8:16 PM",3,Configuration,Forecast - Update,72,32
,215614,Logpoint,Totasl-WIP forecast view,"We have 4 fields in the Total-WIP forecast view 'New Pledge', 'New Best Case', 'Renewal Pledge' and 'Renewal Best case'. Can they be read-only and take the data automatically from the corresponding forecast views, following this logic:

TOTAL-WIP.New Pledge takes the data from New Business-WIP.Pledge
TOTAL-WIP.New Best Case takes the data from New Business-WIP.Best Case
TOTAL-WIP.Renewal Pledge takes the data from Renewal-WIP.Pledge
TOTAL-WIP.Renewal Best case takes the data from Renewal-WIP.Best Case",NA,Low,Rohit Agarwal,Mark Wilson,"3/6/2025, 5:43 AM",5,Configuration,Forecast - Update,116,44.94361111
,215628,Fivetran Inc.,Update to Incremental Booking Forecast field,"Hi team - As discussed with our CSM team, we are planning to update our Incremental Booking Forecast field.

For Open opportunities, this field matches Incremental Bookings unless Incremental Bookings Forecast Override field is populated, in which case it will match Incremental Bookings Forecast Override. 

For closed opportunities, this value will be set to Incremental Bookings. 

The official formula is: 
IF( IsClosed = true,
Incremental_Bookings__c,
IF( ISBLANK( Incremental_Bookings_Forecast_Override__c ),
Incremental_Bookings__c,
Incremental_Bookings_Forecast_Override__c
)
)",NA,Low,Andrew Seymour,Mackenzie Iemma,"3/6/2025, 6:56 AM",13,Configuration,Forecast - Update,324,155.0522222
,215661,"Claroty, Inc.",Need help setting up new forecast tab,"Hey Clari support team,

I would like to set up a new Renewal forecast tab that shows data a little differently than the current one.  Are you able to copy the existing ""Renewals"" forecast tab and change all filters to pull data in by Renewal Date instead of Close Date?  As for the name, let's call it Renewals (Renewal Date) for now.",We have created the new tab as requested,Low,Christopher Williams,Lance Werling,"3/6/2025, 8:54 AM",1,Configuration,Forecast - Update,31,23.19305556
,215715,strongDM,Update Filters in Column of Forecasting Tab,"Hi - I need help altering a filter in my forecast tab. The Column needing the filter adjusted is ""SFDC Pipeline Created"". I just need the following added to the existing filters: 
- Type <> ""Renewal""","I have added the filter **Type <> ""Renewal""** to the **""SFDC Pipeline Created""** column in the **""New Business + Expansion""** tab as requested.",Low,Pooled CSM,Allison Meyer,"3/6/2025, 11:58 AM",1,Configuration,Forecast - Update,18,10.16083333
,215754,Calabrio,Sales Stage Changes,"Hi Team - Calabrio is relabeling its stages, removing ""Closed Not Now"", and adding a new stage of ""2-Qualify"". I've attached a screenshot of the mappings to this case. These changes are expected to go live in SFDC this Saturday. Can we pplease update all saved views, forecasting (if necessary) and historical value mapping in Clari to ensure that we're reflecting the new changes by Monday? Please include myself and the customer contacts below in any communication of updates to this case.

James.Villarreal@calabrio.com
corin.single@calabrio.com",customer WONT be making the sales stage changes.,Low,Nico Alvarez,Nico Alvarez,"3/6/2025, 2:16 PM",3,Configuration,Other,60,19.72666667
,215781,"NetDocuments Software, Inc.",Accounts Module add another column,"Talked to Jason our CSM and he said this was possible but to submit a ticket. What we want to do is add another column to the accounts module when looking at accounts engaged. Alongside Accounts owned, accounts with meetings accounts with emails and accounts with files we would like to add Accounts with Salesloft Activity. We already show Salesloft as an option in insights when looking at individual opportunities so we just want to pull that over to the accounts engaged view as well. Can you do this?","Raised a support case for this issue with the case number 00216168.

Salesloft signal is now displayed in both the Insights panel and the account grid in the Accounts module.",Low,Jason Parawan,Cameron Romine,"3/6/2025, 4:33 PM",7,Configuration,Other,169,81.44555556
,215788,Planful,Issues with self serve column creation for Planful,"Hello,

I worked with a Planful rep yesterday to try to have them create a self serve column for their NET RETENTION tab

I worked with them to create Uplift Goal (New Try) as they are trying to get the opportunities that are open that have uplift ARR associated.

Essentially I want to use the same filters as the Uplift Goal saved view in inspect.

Stage - exclude signed and 7b. churned
Opp type - Existing Business Renewal, MPM - Existing Business - Renewal
Planned Renewal Date - Clari formula date range
And NR0 is not checked
Uplift ARR is > 0

However no matter what I do I can't get any opps to show up.

They should have about 25 deals worth 134k planned to close this quarter and I keep getting 0 despite multiple tries and no obvious errors in the logic.

Hoping you can help us out here.",We have fixed the issue with the Uplift Goal (New Try) column under the NET RETENTION tab .,Low,Pooled CSM,Matthew Mcginley,"3/6/2025, 7:05 PM",1,Configuration,Forecast - Update,21,14.1225
,215823,UserTesting,Calculated Forecasting Fields,"Hi Clari Team,

I have created a new forecasting tab called ""WIP Do Not Use"" (loving this new feature!). However, I am currently unable to create or amend formula-based columns, so I need assistance with the following amendments and new columns:

Amendments to Existing Fields

1. QTD Renewal Rate (Actual):
- This field currently references the 'Total Won' column however, 'Total Won' is already covered under the attainment field in the 'Booking Plan' quota field. Is it possible to reference the attainment field directly so the formula effectively becomes ""Attainment / ATR""?

2. Weighted Renewal FC:
Similar to the above, I’d like to remove 'Total Won' is possible. Additionally, I need some formula adjustments:
- Preferred formula: Bookings Attainment + (Commit * 0.95) + (Upside * 0.8)
- Alternative (if attainment cannot be referenced): Total Won + (Commit * 0.95) + (Upside * 0.8)
- Help text: ""Closed Won + 95% of Commit renewal call + 80% of Upside Renewal Call""

3. QTD Churn (Actual):
-",We have updated all the changes as requested,Low,Cortney Fickey,Kelly Ahearne,"3/7/2025, 5:19 AM",3,Configuration,Forecast - Update,67,12.67583333
,215836,Phrase,"Request for Bulk Query Update in ""Customer Health"" Tab","Hi,

I need to update all the queries on the ""Customer Health"" tab to use ""Renewal Score"" instead of ""CS Sentiment Score."" Since this is a bulk change, I was advised to submit a support ticket so it can be routed to the configuration team.

I attempted the change myself but encountered an error, specifically in the ""Churn Confirmed (0)"" column. The current formula is left as is for review.

Could you please assist with this update? Let me know if any additional details are needed.

Thank you.","We have updated all the queries on the ""Customer Health"" tab to use ""Renewal Score"" instead of ""CS Sentiment Score.""
Except for the Up For Renewal as we didn’t have any CS Sentiment Score."" filter under it",P3,Pooled CSM,Manuel Passanha,"3/7/2025, 6:47 AM",3,Configuration,Forecast - Update,72,17.11
,215878,"iCIMS, Inc.",Adding Fields or Column,"Please add a CALCULATION column within the RENEWALS FORECAST with the query as follows:

= OPEN Projected to Renew SFDC + All Won UFR (Full & Downsell) 

Time Period = Quartter
Data Format = Aggregation

I can edit Description once published.","We have created the new calculation column as requested
As the name of the column was not provided we have named it as OPEN Projected to Renew SFDC + All Won UFR (Full & Downsell)",Low,Tyler Jass,Daniel Atkins,"3/7/2025, 9:07 AM",3,Configuration,Forecast - Update,70,14.76972222
,215936,Aqueduct Technologies,New Forecast Tab - Re-Ticket 00213168,"Hi Support,

We want to proceed with creating the 4th Forecast tab as 'Category.' This will be based on Product Mode. I have already added a field as 'Product Category' (opportunitylineitem.finance_forecast_category__c) to the Product mode. Each category has a weekly and quarterly goal. We want to see how the Sales Rep forecast looks for these Categories. Columns will be the same as the Forecast Tab. Let me know if you want me to share Quota. To start with, please assign permission for the new tab to me only. Please let me know if you have any questions for me.

Note: This tab quote is separate from the forecast tab quota. These 2 shouldn't be mixed up.","created the new Category tab and
created two new quota (month/quarter) for the Sales Only tab with a unique name, distinct from the Forecast tab.

Along with above updated the Aggregation field from List Price to Total Product Revenue in all columns of",Low,Pooled CSM,Ruby Paul,"3/7/2025, 1:04 PM",20,Configuration,Forecast - Update,469,214.4936111
,215923,OPSWAT,Change to Split Mode from Opportunity Mode Forecasting,"Opswat wants to change the opportunity. forecast mode to opportunity.split mode forecasting.  The new sheet will be on tab 2. Essentially what they are looking for is we will need the second tab of this sheet (NEW TCV Forecast Split) to be opportunitysplit.splitamount to either replace the TCV forecast opporunity.amount for the whole tab while keeping the historical TCV forecast history. Keeping the original TCV forecast calls is the most important part of this!

If it is easier you could create this as a new tab that takes the historical TCV forecast calls and has that mapped over. Whichever is more preferred / best practice for this

We also would want the opportunitysplit.split amount and added to the analyze modules for their historical tracking / mapping.

Please let me know if this makes sense or if you have any questions.

Thanks,

Matt

https://docs.google.com/spreadsheets/d/1KIoghrVU0OGjL1OsCo6YIEya_QMmN8c_H04BDeWg97g/edit?gid=635954067#gid=635954067","We have updated the Current TCV Forecast tab as below

1) Changed the mode of all the columns to Spilts

2) Changed the Amount field of the tab to opportunitysplit.splitamount

3) Added opportunitysplit.splittype.masterlabel = Commissionable TCV to ",Low,Matthew Mcginley,Matthew Mcginley,"3/7/2025, 12:24 PM",6,Configuration,Forecast - Update,147,67.72444444
,215926,Barracuda,Barracuda | Forecasting Changes (MSP),"Barracuda requires modifications to their forecasting setup in Clari, primarily around MSP (Managed Service Provider) billing and forecasting. These changes are needed to better track, predict, and visualize billing forecasts for their partner managers.
Detailed Requirements
1. Tab Modifications

Remove MSP Calculations from Summary Views:

MSP Growth and MSP Total should be removed from Summary calculation
These tabs should also be removed from Year-to-Date and Board views
MSP Total should be hidden entirely but kept in the background
MSP Growth should remain visible but not be included in the forecast totals



2. New MSP Billing Tab

Create a new standalone tab called ""MSP Billing"" with the following columns:

Last Month Bill (data from Databricks)
Last Month Install (data from Databricks)
Base Price for non-built partners (data from Databricks)
Overages for non-built partners (data from Databricks)
Expected new revenue from opportunities (ACV/12, data from Data","MSP Growth calculations from the Summary, Pipe Creation, and Board tabs.

 

I have also removed the opt-in access for the MSP Total tab, so it remains in the backend but is no longer accessible to any user.",Low,Chris Hughes,Chris Hughes,"3/7/2025, 12:27 PM",17,Configuration,Forecast - Update,398,167.4997222
,215948,Boomi LP,Sales Renewal Forecast -New Column,"Hey team,

Need to add a new column to the Sales Renewal Forecast Tab.  

The new column will just be a calculation of the Renewal Commit column/Baseline Up for Renewal column.  Column Name - Commit/Baseline.",We have created the new calculation column as requested .,Low,Jason Parawan,Michael Harris,"3/7/2025, 2:43 PM",3,Configuration,Forecast - Update,74,19.28277778
,215974,Zendesk,Pipeline Generation Forecast Change,"Hi Clari Team, 

Can we please make changes to the configuration logic for our pipeline generation tab? We need to include logic for test account and non-commissionable under forecast entry tab as highlighted in the spreadsheet and screenshot attached. Please let me know if any questions - thank you!",updated the configuration for the Pipe Gen Forecast column in the Pipe Generation tab.,Low,Chris Hughes,Maya Wensloff,"3/9/2025, 9:16 PM",1,Configuration,Forecast - Update,22,16
,215977,UserTesting,More New Forecasting Columns,"Hi Clari Team,

I have created a new forecasting tab called ""WIP Do Not Use (RM)"" , however, I am currently unable to create or amend formula-based columns, so I need assistance with the following amendments and new columns:

Amendments to Existing Fields

1. QTD Renewal Rate (Actual):
- This field currently references the 'Total Won' column - please can you replace ""Total Won"" with ""Booking Plan""

2. QTD Churn (Actual):
- Help text should read: ""Actual churn QTD, including Closed Lost and Downsell.""

3. DELETE:
- I am unable to delete this field as it says it is the default column. It is a reference field that I no longer need

4. Max Renewal Rate
- This field currently references the 'Total Won' column - please can you replace ""Total Won"" with ""Booking Plan""

New Columns

1. QTD Churn % (Actual):
- Formula: QTD Churn (Actual) / ATR
- Help text: ""% of ATR that has been Closed Lost or Downsold""

2. Weighted Renewal FC:
- Formula: Bookings Plan + (Commit * 0.95) + (Upside * 0.8)
- Alter","Updated and created the new columns in the 'WIP Do Not Use (RM)' tab and also updates in the 'WIP Do Not Use' tab.

Updated the formula for the QTD Renewal Rate (Actual) and Max Renewal Rate calculation columns in the 'WIP Do Not Use (RM)' tab, as well ",Low,Cortney Fickey,Kelly Ahearne,"3/9/2025, 11:56 PM",5,Configuration,Forecast - Update,118,80
,215999,Sage Global Services Limited,Integrations to Establish,"Team,

Can we please help jackie.lickus@sage.com with creating the chorus iframe integration into Clari?",We have enabled the chorus iframe integration into Clari as requested,Low,Said Mussa,Said Mussa,"3/10/2025, 6:00 AM",2,Configuration,Signals - Update,61,43.99777778
,216014,"iCIMS, Inc.",Edit Column within Forecast,"Within 'Renewal Forecast' edit the Query for 'Actual Gross Renewal Rate%' and make it:
= Projected to Renew Actual+Fcst / All UFR","We have updated the Query for 'Actual Gross Renewal Rate%' and made it:
= Projected to Renew Actual+Fcst / All UFR as requested",Low,Tyler Jass,Daniel Atkins,"3/10/2025, 7:25 AM",2,Configuration,Forecast - Update,59,42.57888889
,216033,"Dataiku, Inc.",Forecasting new columns,"Hello Clari team! Could you please unhide 2  fields on the 'Pipeline Generation tab':
1, Number of SALs
2. Number of Goals

They should be located before Number of Evals. 

Thank you!
Inna",We have unhidden the  Number of SALs and Number of Goals column and placed it before Number of Evals column,Low,Lyuda Rogers,Inna Logunova,"3/10/2025, 8:25 AM",2,Configuration,Forecast - Update,58,41.5775
,216044,Aqueduct Technologies,Urgent: Forecast Tab Closed Column,"HiS upport,

Can you please review the Closed column on the  Forecast tab? It seems it's not showing the opps as per the query. We want to see any opportunities with type as 'New' or 'Talent delivery' or Renewable opp Type as 'Takeover'. It seems it is missing the Renewable opp Type as 'Takeover' opportunities.",NA,Low,Pooled CSM,Ruby Paul,"3/10/2025, 8:57 AM",3,Configuration,Forecast - Update,73,49.24805556
,216041,"Trellix (Musarubra US, LLC)",Monthly New Biz Forecast Tab - Please update close dates for new columns,"Hello!

Same request as a previous Case - 00214791. I need the Close Date, alphanumeric id replaced in the forecast configuration query for the 'Monthly New Biz Forecast' tab. I created six new tabs, C+C M1, C+C M2, C+C M3, Total Qualified Pipe M1, Total Qualified Pipe M2, Total Qualified Pipe M3.","replaced the close date value with an alphanumeric ID for the **C+C M1, C+C M2, C+C M3, Total Qualified Pipe M1, Total Qualified Pipe M2,** and **Total Qualified Pipe M3** columns in the **Monthly New Biz Forecast** tab.",Low,Whitney Drazovich,Kim Grant,"3/10/2025, 8:48 AM",10,Configuration,Forecast - Update,236,123.54
,216070,Verkada,Update metrics shown in forecast submission modal,"When users submit a Forecast, they would like to see the Sum of the Monthly submissions below the Quarterly Rollup. 

Can we please add this back in on the tab titled ""Forecast"" in all Forecast entry columns? I have added screenshots in the case posts.",add composite to quarterly NEX Bookings Gut column in forecast tab,Low,Ari Henck,Ari Henck,"3/10/2025, 10:23 AM",1,Configuration,Forecast - Update,21,12.90805556
,216077,Mutiny,Update Filter for Closed + Pipeline Coverage,"Hi Team, can you please add in Role ID = Account Executive for the Closed + Pipeline Coverage filters for Mutiny - thank you! Once added, can you confirm that data will populate?",We have added in Role ID = Account Executive for the Closed + Pipeline Coverage filters as requested and the date is populating now,Low,Pooled CSM,Sarah Michelle Smith,"3/10/2025, 10:42 AM",2,Configuration,Forecast - Update,56,39.28527778
,216096,Augury,"Update to ""Partnerships Forecast (Channel)"" forecast","Can we add an additional filter to our forecast ""Partnerships Forecast (Channel)""?  The API Name of the field is ""Opportunity_Registered_By__c"".

We would like to set the filter to EXCLUDE ""Baker Hughes"".","added OPPORTUNITY REGISTERED BY (EXCLUDED) = ""Baker Hughes"" filter in all columns of the Partnerships Forecast (Channel) tab.",Low,Christopher Williams,Jason Mitchell,"3/10/2025, 12:06 PM",0,Configuration,Forecast - Update,7,5.888333333
,216118,"Sage Intacct, Inc.",Update Owner of Mode - VAR,The owner field in the var mode is Account Owner. I am unable to update it to the Owner -opportunity.owner. Could you please make that chagne for me?,"Changing the VAR Mode Owner field to opportunity.owner would make its configuration identical to that of Channel Mode, which is why Clari does not allow this update.",Low,Said Mussa,Jackie Lickus,"3/10/2025, 1:39 PM",6,Configuration,Field Config - Update,140,68.33833333
,216124,"Modernizing Medicine, Inc.","New Forecast Tab - ""RWD""","Requesting a new Forecast tab to be created, named ""RWD"".
For simplicity, it will largely follow the same structure of our ""Klara"" tab. 
The important difference is the driving factor for the RWD tab should be leveraging the field ""Opportunity Subsidiary"" = ""Real World Data"", instead of the ""opportunity subsidiary"" field that the Klara tab leverages.
So essentially, it is just copying the Klara tab, and swapping the filter from Opportunity subsidiary to Opportunity segment = ""Real World Data"". The rest of the logic can remain.

The second piece to this is Add this new RWD Tab into the rollup of CARR Summary and CAxR summary","Created a new 'RWD' tab, which is a replica of the existing 'Klara' tab, and used the 'Opportunity Segment = Real World Data' filter instead of the 'Opportunity Subsidiary' filter.

 used the composite rollup of the Commit, Latest Estimate, and Best Cas",Low,Lyuda Rogers,Nick Schnable,"3/10/2025, 2:10 PM",3,Configuration,Forecast - Update,68,44.06527778
,216143,REMOTE EUROPE HOLDING B.V.,Create New Tab,"Create new tab for ""HRIS"" - Duplicate ""EOR"" Tab and set ""Product family added"" to ""HRIS"" instead of ""EOR"".

DO NOT ALTER 'EOR' EXISTING TAB.","Created a new 'HRIS' tab, which is a replica of the 'EOR' tab, and applied the filter 'Product Family = HRIS'.",P3,Said Mussa,Hind Zerrouki,"3/10/2025, 5:55 PM",3,Configuration,Forecast - Update,72,48.0725
,216145,EnterpriseDB Corporation,Clari changes,"1) Change the Name of the ""In quarter SA Renewal ARR"" tab  name to ""In quarter SA Renewal ARR (Don't Forecast)
2) Is it possible to add the fields ""Regional Director Forecast"" and ""Manager Forecast"" and show the total in the summary (applicable for all the tabs)","renamed the ""In quarter SA Renewal ARR"" tab to ""In quarter SA Renewal ARR (Don't Forecast)"".and hidden the current Forecast column (type = Forecast) and created a new Forecast column with the (type = READONLY)",Low,Alex Ertel,Archana Ranjan,"3/10/2025, 7:41 PM",10,Configuration,Forecast - Update,228,117.3013889
,216187,"Smartsheet, Inc.",Forecast Config Update,"Please add a filter to all the columns in the ""ESR Gross Bookings"" and ""Brandfolder Gross Bookings"" Forecast tabs to exclude ""opportunity team member status"" = inactive",Excluded the 'Opportunity Team Member Status = Inactive' for all the columns in the 'ESR Gross Bookings' and 'Brandfolder Gross Bookings' tabs.,Low,Stephanie Ervin,Stephanie Ervin,"3/11/2025, 6:08 AM",6,Configuration,Forecast - Update,143,62.56361111
,216235,Affinity co.,Affinity Co - Request for additional Analyze filters,"Hey team - Affinity is hoping to report on the below metrics. For number 1 can we achieve this by adding filters for each request? For number two I am not sure but can yuou confirm if this is attainable today?

Thank you!

1. Want to see accurate conversion rates by Segment & by Rep for NB & Upsell 
2. See the ratio of total closed won deals / total number of deals that made it to each stage 

Stages:
New Business
Validation -> Closed Won
Negotiation -> Closed Won
Closing -> Closed Won
Upsell
Engaging -> Closed Won",n/a,Low,Christopher Williams,Christopher Williams,"3/11/2025, 8:59 AM",9,Configuration,Forecast - Update,227,121.0030556
,216266,"Aptean, Inc.",Forecast Rollup Issues for Scott Shearouse,"I am showing different Done numbers in the ""QTD Won"" column versus the ""Done"" subtotal in all 4 of Scott's standard Forecast tabs (screenshots attached). Though the totals will not be equal across each of the 4 tabs, the Done number WITHIN a tab should be consistent. Please troubleshoot what is causing this rollup issue","removed the Product Line filter from ""RAD Software (SE)"", ""Rep Software (SE)"", ""RAD Services"", and ""Rep Services"" tabs.",Low,Nico Alvarez,Collin Rhea,"3/11/2025, 10:41 AM",6,Configuration,Forecast - Update,156,71.315
,216267,"Medallia, Inc.",Update PSS Forecast tabs /see issue 00215205,"Hello, please see issue 00215205 and direct this ticket to Satyajit (Estuate). 
The correct Sandbox to be used for updates is s3-medallia.com - I apologise for the confusion. The S3 sandbox is correctly connected to our SFDC sandbox via the integration user.
Let's proceed with the PSS forecast updates there.",updated the PSS Forecast tab and created the New Forecast Test tab in S3 sandbox.,Low,Ari Henck,Filippo Rocchi,"3/11/2025, 10:58 AM",7,Configuration,Forecast - Update,175,86.84194444
,216303,Optimizely North America Inc.,Update to Clari Closed Lost Column,"Hi Clari Support, can we please update the Amount field on the Renewals Forecasting Module, to switch from Renewal Final Amount to Renewal Baseline from SFDC. I've attached a screenshot to show exactly what I am talking about.","We have updated the Amount field on the Renewals Forecasting Module, to switch from Renewal Final Amount to Renewal Baseline for the Closed lost column as requested .",Low,Andrew Seymour,Drew Elston,"3/11/2025, 1:00 PM",1,Configuration,Forecast - Update,17,9.4575
,216300,LiveView Technologies,Add Column to Forecast Tab: LVT Renewal Forecast (All),"On the LVT Renewal Forecast (All) tab, can we please add another column. The column title should be Quarter Up for Renewal. It should be a grand total of Quarterly Quota + Pipeline + Quarterly Close Lost. If you look at the column Commit Call GRR % it is the same value as the denominator in that equation.

Please add the column to the left of Quarterly Quota in the Quarter section of the tab.",We have created the new calculation column under the LVT Renewal Forecast (All) tab as requested,Low,Christopher Williams,Sam Bowley,"3/11/2025, 12:54 PM",1,Configuration,Forecast - Update,29,21.0875
,216302,"Workday, Inc.",Update Extended Forecast & Extended YTD Forecast Tabs,Please help us update the Extended Forecast& Extended YTD Forecast tabs to EXCLUDE deals where Segment = Corporate. Please apply changes to all columns under these two forecast tabs. thank you!,"We have added the EXCLUDE deals where Segment = Corporate for all the columns under the  Extended Forecast& Extended YTD tabs as requested

We have REMOVE that filter exclude (Segment = Corporate) and instead apply a filter for exclude(Opportunity) Type",Low,Mike Riggs,Christine Lau,"3/11/2025, 12:57 PM",2,Configuration,Forecast - Update,51,35.16166667
,216339,Eightfold Ai Inc.,Add forecast role for AVP and Head of Sales  to the following Columns in the Renewals WIP tab plz,"Building Renewals WIP tab and have a few fields where i need to add forecast role for AVP and Head of Sales forecast manager to these Columns in the Renewal WIP tab please:

1. No Risk column
2. Low Risk Column
3. Medium Risk Column
4. High Risk Column
5. Churn Notice Column
6. Expansion Column
7. Renewal Avg ACV [Quote] column
8. Active Contract Avg ACV column","both AVP and Head of Sales can view the following columns on the Renewals WIP tab:

No Risk, Low Risk, Medium Risk, High Risk, Churn Notice, Expansion Renewal Avg ACV [Quote], and Active Contract Avg ACV.",Low,Alex Ertel,Yukti Singh,"3/11/2025, 3:39 PM",2,Configuration,Forecast - Update,51,34.33694444
,216357,Exabeam,Forecast Config Error,"Below is the error I received again. This is not the first time this has happened, any assistance on how to resolve this issue?

There is a misconfiguration with your Forecast setup that is preventing you from editing. Please contact support to resolve the issue.","Thanks for the confirmation 
We have removed the ""Exceptions"", column form the ""Global Sales (ACV-E)Forecast"" tabs as confirmed 
Now the forecasting error is not showing up",Low,Sarah Fagan,David Messerli,"3/11/2025, 6:45 PM",2,Configuration,Forecast - Update,45,30.125
,216452,"Imperva, Inc.",Calculated Field Creation,"Hi there, I'm requesting a calculated filed to be created.  I would like to have a new field called TCV / ACV Ratio.  We really want this to be on the dashboard, but it may need to be added to the opp and the forecast modules.  The calculation is going to be = Split TCV / Split ACV.  Is there a way to have this field accessible across multiple modes? Let me know if you have additional questions.","Opportunity Module – Direct calculations aren’t supported in the Opportunity module. To display the calculation, you would need to create a formula field in SFDC using Split TCV / Split ACV. Once that’s set up, we can pull the field into Clari.

Forecas",Low,Lizzie Rupp,Brent Zakaryan,"3/12/2025, 9:35 AM",11,Configuration,Forecast - Update,278,120.4041667
,216495,"Blackline Systems, Inc.",New Pipeline Generation Tab,"Place this new tab to the right of ""Last Year Attainment""","created the ""Pipeline Generation"" tab.

created a new column ""Open Pipeline,"" in the yearly duration of the Pipeline Generation tab and also provided user access to the Pipeline Generation tab similar to the Forecast tab.
 
Updated the formula filter ",Low,Caitlin Stone,Caitlin Stone,"3/12/2025, 2:42 PM",20,Configuration,Forecast - Update,486,227.2888889
,216504,Chainalysis,Forecasting Logic Update,"In the ""(Total) Renewals **UAT**"" Forecasting tab, we'd like to implement a new string of logic (please see screenshot for details on placement).  

Text from screenshot, for reference:

     (""'Renewed Opp Service End +1' is ""__CLARI_FORMULA_DATE_RANGE__"" OR ((Opportunity name Contains ""Hexagate, Alterya"") AND (Service Start Date is This Fiscal Quarter)))

We'd like this to be added in the same place (with ""'Renewed Opp Service End +1' is ""__CLARI_FORMULA_DATE_RANGE__"") on the following columns:

Plan
Renewal Baseline
Open Green 
Contraction 
Churn 
Contraction Risk 
Churn Risk

On the Extended column, we'd like a slightly different string to be used instead (uses ""<"" instead of ""is"" for Service Start Date):

(""'Renewed Opp Service End +1' is ""__CLARI_FORMULA_DATE_RANGE__"" OR ((Opportunity name Contains ""Hexagate, Alterya"") AND (Service Start Date < This Fiscal Quarter)))",I have updated the configuration for the specified column in the **(Total) Renewals UAT** forecasting tab as requested.,Low,Andrew Seymour,Maxwell Davison,"3/12/2025, 3:10 PM",7,Configuration,Forecast - Update,163,74.72416667
,216521,Level Access,Level Access - Account Commitment Forecast Tab,"Hello,

I tried to create this tab self serve in Clari Studio but I guess we can only create forecasting tabs based on Opp mode. We need this tab based on Account Commitment mode.

I have attached the sheet here but please reach out if you have any questions

https://docs.google.com/spreadsheets/d/1Cus8Cq4oz2NnYGpz38o6sfDO9hyjNzqF/edit?gid=2009801459#gid=2009801459","Created the new 'Account Commitments' tab. Now, The forecast columns have been configured under the Quarter duration, and 'readonly' has been configured under the Year duration.",Low,Matthew Mcginley,Matthew Mcginley,"3/12/2025, 5:08 PM",6,Configuration,Forecast - Update,151,64.85361111
,216526,REMOTE EUROPE HOLDING B.V.,Overlay Mode,"I see that the Overlay Mode is still active. I had made a request to have it deleted. Please Delete.
Please make sure you do not alter or impact the Overlay Tab, this is something different.
Overlay Mode to be deleted as not used anywhere. Overlay Tab To remain.",Removed the Overlay Mode.,P3,Said Mussa,Hind Zerrouki,"3/12/2025, 7:25 PM",6,Configuration,Field Config - Update,148,64
,216538,Corelight,ARR Field Update Request,Hey team - Can we track the historical changes of ARR field like we do in their Deal Amount field? (Meaning when you hover over it we want to see the most recent change made) See image for example,"To view the historical changes for a field, the customer needs to enable **Set History Tracking** in **SFDC**.  

Once this is enabled for the **ARR** field, the historical changes will be visible.",Low,Christopher Williams,Christopher Williams,"3/12/2025, 10:03 PM",4,Configuration,Field Config - Update,83,32
,216536,Affinity Solutions,Manager Setup Question - Affinty Sol,"Hey team - Is there a way for Cody & Casey, our Sr. Sales Managers to be able to see Mid Market & Strategic Business together in Clari ?

Please refer to this loom - https://www.loom.com/share/76127ec38abd4c228b1ebf22bd60b512?sid=a65102ea-6545-43c7-955a-db890661127a","Clari always displays users in the forecast based on their role or hierarchy. This behavior cannot be configured directly within Clari.

Customer need to update the hierarchy in Salesforce. Once the hierarchy is updated in Salesforce, it will reflect ac",Low,Christopher Williams,Christopher Williams,"3/12/2025, 9:39 PM",4,Configuration,Forecast - Update,98,32
,216577,"SUSE, LLC",Request to change filtering on Forecast Tabs,"Hi Team,

We need to make the changes to the filtering on our forecast tabs as per the attached pdf document.

These changes need to be completed on Tuesday 18th March, no earlier please!

Toni, I am out Friday and Monday, could you please help ensure that these changes are scheduled for completion on Tuesday and that resources are scheduled accordingly?

Thanks, 
Cathal","updated the column configuration for the following tabs as requested:

RTM Forecast Call
RTM - End User
Hyperscaler IP
RTM - MSP
RTM - IHV
RTM - Embedded",Low,Toni Pang,Cathal Griffin,"3/13/2025, 6:50 AM",7,Configuration,Forecast - Update,166,78.0075
,216585,Check Point,Hide the blue bar shown in the Fcst Call cell,"Hi team,
The blue bar showed up out of nowhere in the forecast tab. It wasn’t there yesterday. We requested to hide it, and it came back again. Please remove it, and let us know why it was brought back again","the Fcst Call  was linked to the Non-Secured CQ Target (Core) quota field, which was causing the blue bar to appear.

I have removed the associated quota, and the blue bar is no longer visible.",P3,Toni Pang,Idan Saranga,"3/13/2025, 7:20 AM",4,Configuration,Forecast - Update,111,42.66083333
,216601,"SailPoint Technologies, Inc.",Forecast updates,"Hi team,

Can we please add a calculation column in the ""Monthly Linearity Forecast"" tab:
Quarterly period only
Formula: ""Forecast - Call"" - ""Forecast Call Rollup"" 

Thank you!","we have created the new calculation column ""Forecast Call vs Rollup Gap"" as requested under the ""Monthly Linearity Forecast"" tab.",Low,Lyuda Rogers,Lyuda Rogers,"3/13/2025, 8:22 AM",1,Configuration,Forecast - Update,35,25.61972222
,216615,Infoblox,Closed Won last quarter inaccurate,"Hey team,

For the Expansion tab, under 'Closed won last year', can you please update the 'Time Period' from Quarter to Quarter(-4)?

Thank you!!","For the Expansion tab, under 'Closed won last year',  updated the 'Time Period' from Quarter to Quarter(-4)?",Low,Lyuda Rogers,Mitchell Habryle,"3/13/2025, 9:02 AM",0,Configuration,Forecast - Update,9,8.965277778
,216697,Calabrio,"New Column in ""Forecast"" tab","Hi Team - can we create a new column in the ""Forecast tab. See details below. Please send ticket updates to Corin.single@calabrio.com and include nalvarez@clari.com as well. thank you!

Column Name: ""Next Week Forecast""
Placement: In between ""Upside"" and ""Late Stage Pipeline Coverage""
Column Type: Forecast Submission
Mode: Opportunity
Filters:
-Close Date = Next Week 
-Forecast = Commit, Most Likely, Closed
-Estimated Bookings (Excluded) = 0
-Account ID (Excluded) = Split Rock Partners, LLC, Split Rock Partners, LLC (Partner Test), Split Rock
-Record Type ID (Excluded) = Cloud Subscription Renewal, CPH Renewal, 2.0 On-Prem Renewal, Support Renewal
-Test Account - Clari = Not Checked",Created the new 'Next Week Forecast' columns in the 'Forecast' tab,Low,Nico Alvarez,Nico Alvarez,"3/13/2025, 1:51 PM",4,Configuration,Forecast - Update,103,36.14805556
,216666,Exiger,Whitelist & Create First User - Exiger,"This new logo account has just signed. Please check Subscription Start Date ""March 15, 2025"" and if within 2 weeks of todays date, proceed with whitelisting the account domain, update Clari org ID field under Clari Adoption snapshot in SFDC, and confirm whether they have already been added based on POC. If Subscription Start Date is greater than 2 weeks, then update the Requested Completion date to 2 weeks prior to Subscription Start Date. New logo account website for domain is ""www.exiger.com""",We observed that we already have the domain whitelisted and the users created,Low,Katie Schratz,Dawn Perkins,"3/13/2025, 12:14 PM",4,Configuration,Other,84,21.75305556
,216705,Zuora,Forecast Column Config,"Hi Team,

Within the ""Renewals"" Forecast tab can we adjust the ""Comp Plan ATR 96%"" column calculation to replace .96 with .92. Also please replace the ""96%"" part of the column name to 92% and in the description as well. Thank you!",We have update the changes as requested,Low,Nico Alvarez,Nico Alvarez,"3/13/2025, 2:21 PM",1,Configuration,Forecast - Update,29,19.6375
,216700,Nuvolo,Update YTD Tab,"Hi Team, for Nuvolo's YTD Tab, they would like to have a column for annual attainment (the one that currently reads quarter). Next to the annual, they'd like to see a quarterly break out. Can you add this in? Thanks!",created a new quota column under the yearly duration.,Low,Pooled CSM,Sarah Michelle Smith,"3/13/2025, 2:09 PM",8,Configuration,Forecast - Update,202,99.84388889
,216737,Cohesity,Update M1 Forecast Call Numbers to match with Close Month Column on Month 1 in Cohesity Sales ACV tab,Please Update M1 Forecast Call Numbers to match with Close Month Column on Month 1 in Cohesity Sales ACV tab. Refer this case 00215957,This changes are already handled by Anil under the case-00216534,Low,Chris Hughes,Uday Bodduna,"3/13/2025, 7:20 PM",11,Configuration,Forecast - Update,248,97.75083333
,216766,Mutiny,Follow-up on Case 00216077,"Hi Team, this is a follow-up to this case: https://clari.lightning.force.com/lightning/r/Case/500Vq00000IyF0GIAV/view

Can you please add in Role ID = Account Executive for the Closed + Pipeline Coverage filters for Mutiny, the closed and pipeline coverage are not populating on the MONTHLY view Once added, can you confirm that data will populate?",We have added in Role ID = Account Executive for the Closed + Pipeline Coverage filters as requested and the date is populating for the monthly section too,Low,Pooled CSM,Sarah Michelle Smith,"3/14/2025, 5:21 AM",0,Configuration,Forecast - Update,14,12.64833333
,216755,Emplifi Czech Republic a.s.,New Forecast Tab Configuration,"Hi there,

We would like to incorporate a new tab into the forecast module related to retention and net retention. We have designed a sketch of how it could look like.
Can we discuss this with our CSM or would it be directly here through your support channel?

Thank you.

Pedro Tomé","Currently, there is no dedicated CSM for Emplifi Czech Republic a.s. organization.

You can raise a support request to have a CSM assigned. Once the request is raised, a CSM will be assigned to you.",Low,Pooled CSM,Pedro Tome,"3/14/2025, 3:12 AM",4,Configuration,Forecast - Update,97,33.06083333
,216776,"Rocket Software, Inc.",Blue Cow Opportunities in Forecasting,"Hello, 
I believe we should have logic built in to the columns in our forecast module to exclude certain account names, being Blue Cow Software, Test, and Rocket Software. Please could you update this to additionally exclude 'Blue Cow Software VM Test' in this logic as well. 
Thanks
Matt",-,Low,Elizabeth Stoughton,Matt Bailey,"3/14/2025, 7:16 AM",9,Configuration,Forecast - Update,218,90.73138889
,216794,Optimizely North America Inc.,Changes to Forecasting Module,"Hi Clari Team -

I would like the following changes to happen to our Forecasting module (Renewals Tab):
1. Remove the following Columns
-Forecasted Net-Retention Rate
-Net Retention Rate
-Upsells Closed Won

2. Add the Following Columns to our Clari Renewals Tab:
1. Downgrade - Criteria for this is:
-SCOPE Customer Executive
RENEWAL CONTRACT START DATE
Jan 01, 2025 - Mar 31, 2025 (Current Quarter)
OPPORTUNITY TYPE
Renewal - Downgrade
STAGE
Closed Won
EXCLUDE FROM CS PIPELINE
No, Value Not Assigned
Amount Field = Renewal Baseline MINUS renewal Final Amount 

2. Add Total Loss Column - this is to take the Closed Lost Column + Downgrade Column = Total Loss 

3. Add a Churn Target Column (Quota Column), which is tied to Total Loss 

From a Column Order perspective heres how the Renewal Tab should Look:
1. Baseline Calculated SFDC
2. CsOps Baseline
3. Closed Won
4. Churn Target
5. Total Loss
6. Closed Lost
7. Downgrade
8. Open Renewals
9. Commit
10.Baseline minus Commit
11. Churn Best Case
",We have updated all the changes as requested .,Low,Andrew Seymour,Drew Elston,"3/14/2025, 9:26 AM",21,Configuration,Forecast - Update,513,248.5544444
,216848,Atlassian Pty Ltd,"Add tab ""Cloud - TWC"" to Outlook Calculations on Total Cloud & Total Forecast tabs","Can we add the ""Cloud - TWC"" Outlooks (Total Outlook, New Outlook, Migration Outlook, Exp/Upgrade Outlook) to the Outlook calculations on the Total Cloud & Total Forecast tabs?

See attached screenshot. 

Thanks!","We have updated all the change’s as requested

As observed from the request under this case, the requirement was to include the ""Cloud - TWC"" Outlooks (Total Outlook, New Outlook, Migration Outlook, and Expansion/Upgrade Outlook) in the Outlook calculat",P3,Chris Hughes,Daniel Kohutanycz,"3/16/2025, 12:44 PM",40,Configuration,Forecast - Update,965,479.7213889
,216851,Medrio,add picklist values to field in forecast tab,"Hi there,

Your team has been helping us create 3 new tabs in the forecast module - this is related to case 00215975 - and I noticed that the field 'opportunity.commission_type__c' is missing some additional values that I've been trying to add but can't find where to add it (been looking in field configuration, forecast settings etc in clari studio but can't find any documentation on where to modify this field specifically for the forecast tab. That said, please make sure that the commisison type field has the following values:
- New Business
- First Year Upsell
- CRO: Upsell/Cross-Sell
- Direct: Upsell/Cross-Sell
- Renewal/Upgrade
- Study Extension

I want to make sure these values exist for all forecast tabs (bookings goal (quarterly), pipeline goal (quarterly), pipeline goal (monthly) so I can modify the queries within.","created the following filter values for the opportunity.commission_type__c field

- New Business
- First Year Upsell
- CRO: Upsell/Cross-Sell
- Direct: Upsell/Cross-Sell
- Renewal/Upgrade
- Study Extension",Low,Matthew Mcginley,Gabriel Westerlund,"3/16/2025, 5:04 PM",4,Configuration,Forecast - Update,83,50.38527778
,216864,Bynder,"Delete default ""churn forecast"" column","Hi team,

I want to delete the ""churn forecast"" column on all tabs where it's currently referenced, but I get the error saying it is the default column.
Can you please change the ""best case"" to be the default? And delete the churn forecast column everywhere? This is extremely confusing.
Also, is there a way we can change the default columns ourselves?
Thank you",Removed the 'Churn Forecast' column from all the tabs and set the default to the 'Best Case' column.,Low,Rohit Agarwal,Mandy Van Rijn,"3/17/2025, 4:16 AM",3,Configuration,Forecast - Update,88,61.725
,216867,Logpoint,New field: Renewal forecast,"Can you create a new field as follows:

Forecast Name: Renewal - WIP

New Field Name: Open Renewals ATR Start in QTR

Field Logic:
'Opportunity Type' in [""Recurring Sale"", ""Monetary Commitment""] AND 'Deal Status' in [""Open""] AND Scope is ""Owned By Me"" AND 'Subscription Start Date' is ""__CLARI_FORMULA_DATE_RANGE__""


'Opportunity Type' in [""Recurring Sale"", ""Monetary Commitment""] AND 'Deal Status' in [""Open""] AND Scope is ""My Reports"" AND 'Subscription Start Date' is ""__CLARI_FORMULA_DATE_RANGE__""","Created a new column, ""Open Renewals ATR Start in QTR,"" in the ""Renewal - WIP"" tab and used ""Renewal & Retention"" as the amount field in it.",Low,Rohit Agarwal,Mark Wilson,"3/17/2025, 4:31 AM",1,Configuration,Forecast - Update,29,21.23777778
,216899,Guild Education,Updates to Attainment Bookings Tab,"We only want the following columns on the Attainment Bookings Forecast Tab: Quota, Closed, and Gap to Go.  I am unable to remove Yearly Commit within Clari and it asked me to reach out to support.",Removed the Yearly Commit column from the Annual Forecast (Attainment Bookings) tab.,Low,Andrew Pohlen,Andrew Pohlen,"3/17/2025, 8:22 AM",2,Configuration,Forecast - Update,60,41.62861111
,216946,SecurID,Clari Forecast Tab Configuration,"Hi,
Attached is the forecast tab configuration that I am requesting changes for. The edits are all in yellow. Let me know if you have questions or can set up time to review.

Thank you!","created the new forecast columns in Total Forecast New, SecurID New, G&L New and ID Plus New tabs",Low,Amanda DeLuise,Cristina Lawler,"3/17/2025, 10:33 AM",7,Configuration,Forecast - Update,176,87.4475
,217013,Poppulo Inc,Poppulo - removing fields from Clari,"Hi team,

Our admin is removing these fields from Clari and wants to ensure nothing will break in their Clari configuration after removal of these fields.

Can you please look at the following fields. Also once they delete the fields in Clari, they can remove the fields from SFDC without seeing the red bars correct?

API Name

To be deleted in Clari Account

 

account_priority__c

account_priority__c

 

poppulo_customer__c

poppulo_customer__c

 

sales_segmentation_formula__c

sales_segmentation_formula__c

 

sales_vertical__c

sales_vertical__c

 

target_account_tier__c

target_account_tier__c

 

API Name

To be Deleted in Clari Oppty

audience__c

audience__c

fwi_executive_sponsor__c

fwi_executive_sponsor__c

legal_rep_assigned_for_engagement__c

legal_rep_assigned_for_engagement__c

market__c

market__c

msa_in_place__c

msa_in_place__c

order_generated__c

order_generated__c

seller_accepted_date__c

se",-,Low,Matthew Mcginley,Matthew Mcginley,"3/17/2025, 3:26 PM",4,Configuration,Field Config - Update,84,51.72861111
,217032,Thermo Fisher Scientific,Update to Quarterly Summary Tab,"Is it possible to remove the attainment columns in the Quarterly Summary Tab from reference columns?

I wasn't sure if it was possible without affecting the columns in the other tabs? If it's possible, can you please remove the attainment columns for the following reference columns:
-Commercial Quota
-AOP Quota
-AIG Quota
-Product Quota
-Service Quota
-Support Quota

As a quick side note: I was trying to make updates to this tab, but every time I click to publish, it seems that the tab remains in draft state in Forecast Config and says that changes will show up in Clari soon.","equest is to remove both the Closed and Gap to Go columns, we can remove the Gap to Go column; however, the Closed column cannot be removed.",Low,Ari Henck,Ari Henck,"3/17/2025, 7:24 PM",1,Configuration,Forecast - Update,22,15.82611111
,217046,Siteimprove,Pipeline forecast Tab,Can you pls use each quarter quota * 4 = Pipeline quota? pls see picture,NA,Low,Caitlin Stone,Carmen Wong,"3/18/2025, 2:09 AM",1,Configuration,Forecast - Update,31,22.87805556
,217165,Invicti Security Corp,Investigate Trend AI Projection,Discrepancy with Trend AI projection in Monthly vs. Quarterly view. Customer is experiencing inaccuracies with Trend and needs it looked into / sorted.,"The case mentions that the customer is facing a discrepancy with Trend AI projection between the Monthly and Quarterly views.

Could you please provide more details, along with any relevant screenshots or recordings, so that we can investigate this furt",Low,Pooled CSM,Pearce Alexander,"3/18/2025, 2:01 PM",6,Configuration,Analytics - Update,134,54.44972222
,217195,"Intercom, Inc.",Fin Tab Updates,"Hi Team,

2 requests here:

1. on both AE Fin and RM Fin tabs, can you please update the Fin pipeline field to be Read-only and have them show up a total value?

2. In the RM Fin Tab, open Pipe column filters, can you please remove "" AND 'Estimated Fin Resolution Qty' is "">0"" ""?","hidden the existing Fin Pipeline column and created a new column with the type set to Read-only.

Additionally, I have removed the filter condition 'Estimated Fin Resolution Qty' > 0 from the Open Pipe column of the RM Fin tab.",Low,Tyler Jass,Leo Zhang,"3/18/2025, 11:08 PM",7,Configuration,Forecast - Update,150,67.045
,217298,OPSWAT,Changing YTD Attainment Tab from Opportunity to Splits Mode,"Hello,

Recently we changed the TCV Forecast tab for Opswat from opportunity to split mode.

Opswat is now requesting we change the YTD forecast from opportunity.amount to opportunitysplit.splitamount for the fields in the YTD forecast.

They want to ensure that we also keep all of the forecast history in the tab as well.

Please let me know if you have any questions on what is needed to make this change.",Changed the mode from Opportunity to Splits in the YTD Attainment tab.,Low,Matthew Mcginley,Matthew Mcginley,"3/19/2025, 10:12 AM",5,Configuration,Forecast - Update,117,44.51361111
,217291,Chainalysis,Follow-up from Case 00216504,"Recently the Clari Support team helped us push updates to the ""(Total) Renewals **UAT**"" Forecasting Tab. We want the configuration for that tab to be copied to a few other Forecasting Tabs as we use that one as a Sandbox before releasing to our field-reps. 

We would like to copy the exact logic of all of ""(Total) Renewals **UAT**"" to our Forecasting Tab ""(Total) Renewals"" so that the 2 Forecasting Tabs match completely. 

We would like to copy the exact logic of all of ""(Total) Renewals **UAT**"" to the ""(Public) Renewals"" Forecasting Tab with one additional filter across all columns for  Sector is ""Public"".

We would like to copy the exact logic of all of ""(Total) Renewals **UAT**"" to the ""(Private) Renewals"" Forecasting Tab with one additional filter across all columns for  Sector is ""Private""","updated the configuration of the ""(Total) Renewals,"" ""(Public) Renewals,"" and ""(Private) Renewals"" tabs:

The ""(Total) Renewals"" tab configuration matches the ""(Total) Renewals **UAT**"" tab.
The ""(Public) Renewals"" tab configuration is based on the ""(T",Low,Andrew Seymour,Maxwell Davison,"3/19/2025, 9:55 AM",1,Configuration,Forecast - Update,21,13.40972222
,217316,"Sage Intacct, Inc.",Update Pipeline Coverage Calculation,Hi- Can you please update the Pipeline Coverage formula to Coverage/(Quota-Closed) ?,Created the 'Pipeline Coverage' calculation column for both monthly and quarterly in the 'US NCA Channel - Intacct' tab.,Low,Said Mussa,Jackie Lickus,"3/19/2025, 11:05 AM",2,Configuration,Forecast - Update,61,38.91277778
,217323,Stack Overflow,Update Forecast Filter,"Hi Support,
We would like to update the closed filter on the Forecast column for these Forecasting tabs: Ads, Employer Branding, Teams - New and Upsell, Teams - Renewals.

Please remove 'Commit' and 'Current Quarter Upside' values from 'Sales Forecast'. It should only include 'Closed Won' when selecting the 'Closed' radio dial filter. (I included a screenshot to help). How can I make these changes in Studio? I tried to update the filter view for closed opportunities but it seemed to only display the total view.

We noticed that the revenue platform experienced an outage twice over the last two weeks. I have my manager, Britt, CC'd, and we would like to schedule a call to discuss the stability of the platform.

Thank you,","updated the Closed formula for the ""Forecast"" column in the Ads, Employer Branding, Teams – New and Upsell, Teams – Renewals,""Knowledge Solutions - New and Upsell"" and ""Knowledge Solutions - Renewals"" tabs.",Low,Matthew Mcginley,Nick Danalis,"3/19/2025, 11:35 AM",6,Configuration,Forecast - Update,137,57.44111111
,217395,"Aptean, Inc.",Create New Mode and ForecastingTab,"Hi,

Please could you help me set up a new opportunity mode where the ownership is based on the opportunity.account.ownerid?

I would like to use this mode to create a duplicate of the Cross-Sell (SE) forecast tab.

Please let me know if you need any other information to set the mode up.

Thanks,
Laura",Created a new mode 'Opportunity New' and also created a new tab 'Cross Sell (SE) WIP'. which is a clone of the existing 'Cross-Sell (SE)' tab under the 'Opportunity New' mode.,Low,Nico Alvarez,Laura Day,"3/20/2025, 3:22 AM",5,Configuration,Forecast - Update,121,49.28083333
,217457,"Sumo Logic, Inc.",Add new forecast calculation column,"Hi Clari Support,

Could you please help me add a new column to the ""Renewals (CSM)"" forecast tab? This needs to be a calculation column with the below formula.

Column Name: Worst Case %
Field Type: Calculation
Data Formar: Percent
Time Period: Quarter

= (Commit - Downside) / Available to Renew","added the new **Worst Case %** column to the **""Renewals (CSM)""** forecast tab as requested.",Low,Andrew Seymour,Hieu Huynh,"3/20/2025, 9:04 AM",3,Configuration,Forecast - Update,81,24.92694444
,217480,Pearson,Update Forecast Tab location,Is there a way to update the location of a forecast tab so that it appears higher up in the order? First screenshot is where the forecast is currently located. I want it moved up so the summary is prior to all the corresponding tabs.,Closing the case due to no response received.,Low,Said Mussa,Michael Barnes,"3/20/2025, 10:32 AM",5,Configuration,Forecast - Update,133,55.46472222
,217509,Druva,Question RE: Ability to create a new forecast tab using contains operator?,"We essentially have 2 forecasts in Clari:  The regular ""forecast"" tab is based off of our custom object (TD: transaction details) and the Churn/Downsell Forecast tab is based off the oppty level.
We want to create additional forecast tabs to be based off a field on oppty (the field doesn't exist yet).
In Clari query editor, is it possible to use the ""Contains"" operator? We have a field in SFDC that concatenates various values, such as ""Endpoints"". Is it possible to have a condition in Clari query editor that uses ""Field CONTAINS Endpoints""?","Clari does not natively support the ""Contains"" functionality in filters. However, if the new field is a string, we can create a custom filter option and define conditions to pull only specific values (e.g., ""Endpoints""). This filter can then be used in Cl",Low,Asante Muhammad,Adrienne De Santis,"3/20/2025, 1:38 PM",19,Configuration,Forecast - Update,446,198.3263889
,217534,Twist Bioscience,Filter changes needed on QTD closed in revenue forecast,"Hi Team,

We need to reference a new Amount Field on the QTD Closed column in the revenue forecast. The current Amount Field (Revenue Amount & SH) needs to be replaced with Revenue Amount & SH USD (API Name: Revenue_Amount_SH_USD__c)

Can you please assist with making this change?

Thank you,
Sam","Resolution:
The amount field changes from ""Revenue Amount & SH"" to ""Revenue Amount & SH USD"" field in the ""Revenue Forecast"" tab.",Low,Jason Parawan,Sam Ajram,"3/20/2025, 5:51 PM",26,Configuration,Forecast - Update,627,288.1411111
,217588,CommerceIQ,Add new coulmn to forecast pipeline,"In the 'Pipeline' tab of the Forecast module execute the following changes:
- REMOVE the first 3 columns related to S1 Pipeline
- ADD 3 new columns that break out the total S2+ Pipe Gen so we have 4 columns: S2+ from Sales, Marketing, Partner, Other. If possible I'd also like to see these as a % of total Pipe Gen but not sure if we can do that.",Opportunity Source (Group) field is now available for use in Clari.,Low,Pooled CSM,Janani K,"3/21/2025, 8:03 AM",11,Configuration,Forecast - Update,259,106.6108333
,217628,Tealium,Forecast - Annual Plan v2 - Add New Column,"Hi, can we please add a new column to the Annual Plan v2 tab? Attached is the file with the requirements - this will be the last column in the tab. Please let me know if you have any questions. 

Column Name: Eligible Revenue (YTD)",-,Low,Amanda DeLuise,Ruth Manuel,"3/21/2025, 10:39 AM",5,Configuration,Forecast - Update,128,55.33416667
,217642,WSC Sports Technologies,URGENT - Forecast Tab Changes,"URGENT - Forecast Tab Changes - please review. This is a churn save, we're almost there -- we just need their filtersets tweaked as they are going to have a forecasting call soon","Updated the formula for the 'FORECAST' and 'Closed + Best Case + Commit' columns in the 'Bizdev Forecast - ARR' tab.

Updated the formula for the 'Closed + Best Case + Commit' column.",Low,Pooled CSM,Samuel Lee,"3/21/2025, 12:19 PM",6,Configuration,Forecast - Update,150,69.67222222
,217664,Scale AI,Enterprise team from Monthly to Quarterly,Customer has requested that the monthly breakdown be removed from Julio's Enterprise team Clari Forecast tab and replaced with a quarterly view. Please update the display settings accordingly and coordinate with Customer to confirm that the new configuration meets their reporting needs.,"Removed the monthly 'Closed', 'Commit', 'Most Likely', 'Best Case', and 'Pipeline Coverage' columns from the monthly duration in the Forecast tab.",Low,Pooled CSM,Leo Polonsky,"3/21/2025, 5:22 PM",14,Configuration,Forecast - Update,342,160.6288889
,217670,Cato Networks Ltd.,UI enhancements to the “Forecasted” field,"Hi,
Forecast Module UI Updates: In our Forecast module, we would like to add the same UI enhancements to the “Forecasted” field as we have for the “Judgment” field. Specifically, we would like to include the week-over-week change logos and color, as well as the progress bar showing the amount out of the quarterly target. can you please assist? screenshots example attached",We observed that the Forecasted is a readonly column and we will only be able to  add the attainment % bar to a forecast column (Manual entry column ) and not for the readonly column,Low,Caroline McCarthy,Dotan Zamen,"3/23/2025, 3:23 AM",7,Configuration,Forecast - Update,185,80
,217688,AppViewX,Need to add/remove fields in Clari Forecast,"Hi, We need support for the below items. 

1. In the Forecast, We have a tab called 'New Business' in that remove the months column.
 'Month 1 Feb'25', 'Month 2 Feb'25', and 'Month 3 Feb'25' should be removed. We need to see only the Quarterly numbers. Please remove all the months in all the quarters. 

2. Add a new column in Forecast 'New Business' tab, 
Column Name - Build
Values in 'Build' should be calculated using the formula 'Quarterly Best Case call + Quarterly Commit call'

3. 'Build' column should have 'Coverage' and 'Number'
'Build' coverage formula is 'Build/Quota'

Above three points should be done only in the 'New Business' tab. In case of any queries, Please do let me know.",Removed the composite and monthly column from the New Business tab and also Created the Build calculation column,Low,Jason Parawan,Vinesh Kannan,"3/24/2025, 2:24 AM",1,Configuration,Field Config - Update,42,31.58888889
,217714,"Dataiku, Inc.",Aggregated field,"Hi,
I'd like to use the field GNARR at Champion Stage as the Aggregation field but it doesn't appear, although it is available in other pages. Can you please help?",We can now see the 'opportunity.gnarr_at_champion_stage__c' (GNARR at Champion Stage) field in the 'Pipe Target (Champion+)' column.,P3,Lyuda Rogers,Mong-Tuyet Nguyen,"3/24/2025, 7:13 AM",3,Configuration,Forecast - Update,84,58.77055556
,217779,"HYCU, Inc.",Have monthly and Qtr quotas enabled for editing and tracking.,"How can we see and update monthly quotas besides our Qtr targets?

Monthly targets are locked, and we would like to update them with our values.",we can not update the value of forecast/quota columns for past month/quarters,Low,Pooled CSM,Predrag Simonovic,"3/24/2025, 12:10 PM",9,Configuration,Forecast - Update,225,117.8169444
,217783,Alight Solutions,Please delete Forecast column,"On our ""Pipeline Gen"" Forecast tab, please delete the column named ""DELETE THIS COLUMN"".

When I try to delete it, Clari pops the error message: ""DELETE THIS COLUMN is the default column within Pipeline Gen tab and cannot be deleted. Contact Clari support for help."" Screenshot attached.","Since ""DELETE THIS COLUMN"" was the default column in the Pipeline Gen tab, it couldn't be deleted.

I have now set ""Quarterly Quota"" as the default column and was able to remove ""DELETE THIS COLUMN"" successfully.",P3,Liz LeDoux Tajonar,Peggy Sue Marlin,"3/24/2025, 12:28 PM",1,Configuration,Forecast - Update,31,21.53222222
,217793,"HashiCorp, Inc.",Remove the (WIP) From the tab FLEX Annualized Commit,"Hello Clari Team,

Can you please remove the  (WIP) from the new forecasting tab  ""FLEX Annualized Commit"", we reviewed the numbers and everything looks good!, we are ready to share this with the rest of the team but we want to remove the WIP.

Please proceed with this asap.

Regards,
Marianela Araya.","As the  request to proceed with the changes as soon as possible, I have updated the tab name",Low,Lizzie Rupp,Marianela Araya,"3/24/2025, 1:09 PM",1,Configuration,Forecast - Update,33,20.84111111
,217807,GitLab,Custom User Role,"Hi Team, I know we've created custom user roles in the past. We have a use case where we need a custom user role for an Exec because we need a column in the Forecast tab to be filtered differently for that executive. Would this be possible? Thank you!","Created a custom forecast role ""SMB VP,"" and applied it to all columns and include the filter 'Stamped Opp Owner User Geo' is ""SMB"" and 'Base Prospect Account' is ""Checked"" in the ""New Logo"" tab.",Low,Lizzie Rupp,Kathleen Rintelman-Betances,"3/24/2025, 2:20 PM",17,Configuration,Forecast - Update,397,197.2675
,217826,SafetyCulture,Keep past months forecast commit in forecast tab,"Hello,

Our account would like to see their commits / closed from all their months in the quarter. They realize when it turns to month 3 in the quarter both month 1 and month 2's numbers disappear. They would still like to see how much was commited & closed for month 1 and month 2 for reporting purposes.

Is this something we can toggle inside Clari?

Thanks,

Matt","Once the month is closed the closed number will be pulled in

As of now we observed that the closed number is Zero for the filters that is used to create this forecast column",Low,Matthew Mcginley,Matthew Mcginley,"3/24/2025, 5:20 PM",1,Configuration,Forecast - Update,25,16.65083333
,217833,Flexera,Add SVP-Total Commit Column to 3 Forecast Tabs,"Hello, 

We need a new column called 'SVP-Total Commit' added to 3 different forecast tabs (Flexera Forecast, Flexera IBM Forecast, Flexera Upgrades)

In the Flexera Forecast tab this new column should have the exact same filters as the CRO-TOTAL COMMIT column except that it should use the 'SVP Forecasted' field instead of the CRO Forecasted field. 

In the Flexera IBM Forecasted tab, this new column should have the same filters and function the same way as the CRO-Total Commit column, but should use the SVP Forecasted field instead of the CRO Forecasted field. 

In the Flexera Upgrades tab the new SVP-Total Commit column should have the same filters as the CRO-Total Commit column except that it should be using the SVP Forecasted field. 

I am including screenshot of the location this new column should be located on each forecast tab. 

Please let me know if there are any questions. 
Thanks for the help","created the new **'SVP-Total Commit'** column in the **Flexera Forecast, Flexera IBM Forecast, and Flexera Upgrades**, Flexera Partners tabs. This column utilizes the **'SVP Forecasted'** field instead of the **'CRO Forecasted'** field.",P3,Nico Alvarez,Joseph Wnukowski,"3/24/2025, 9:50 PM",6,Configuration,Forecast - Update,146,64
,217835,Synopsys Inc.,Synopsys GTM Clari Sandbox - Org ID 2749 - Change mode of FSA Drawdowns tab and FSA Drawdowns Revenue (hidden) columns,"Hello Clari Support,

In GTM Clari Sandbox - Org ID 2749, we have created a new mode - Opportunity_FSA.   We are doing this change so we are able to have another Forecasting Expanded Grid setting for FSA Drawdowns tabs that differ from the other tabs. 

We would like to change the Mode of the existing FSA Drawdowns tab (forecastId=fsa_drawdowns) from Opportunity to Opportunity_FSA.    

We would like to also change FSA Drawdowns Revenue (hidden) columns in the two tabs forecastId=summary and forecastId=summary_rev IF we need to do so since we are changing the mode of FSA Drawdowns tab.  Do we? 

All the changes are highlighted in yellow on attached excel sheet.  (clari_forecasting_config_modepov.xlsx)

Question - In creating a new Opportunity_FSA mode, we had to choose Aggregation Field = Total Revenue (opportunity.total_revenue__c) instead of the same Aggregation Field that Opportunity mode was set to - Aggregation Field = Total Booking (opportunity.total_booking__c).  We get an error","updated the mode of the columns to Opportunity_FSA in the FSA Drawdowns tab, along with the columns highlighted in the sheet.",P3,Marina Addonizio,Carol Cabezas,"3/24/2025, 10:41 PM",6,Configuration,Forecast - Update,140,64
,217889,Gloat,Support Needed – Renewal Forecast (Draft) Tab,"Hi Team,

We’ve created a new tab in Clari: Renewal Forecast (Draft), and would appreciate your help with a few items:

We added a new column ""Actual Money to Renew"", but it’s not displaying as expected. We’d like it to reflect the query we set behind the column. Could you please review the query and let us know if we’re missing anything?

We also added a column ""New Exit Point Amount"", but the filter isn’t working. Similar to the above, we’d like your guidance here.

For both columns above, we’d like to use a custom date field (e.g., Renewal Date) instead of the default Close Date.

Please add shani.k@gloat.com as a support contact.

Lastly, we’d like to schedule a meeting with our CS team to review and align on our new forecasting needs.

Can you please assist?

Thanks in advance!
Omri","observed that some of the filters were not working as expected in both of the tabs.
For example, the 'Deal Status = Closed-Won' filter was incorrectly configured for the columns, and the 'OwnerId' was misconfigured in one of the columns. So, I have updat",Low,Pooled CSM,Omri Shmueli,"3/25/2025, 9:23 AM",2,Configuration,Forecast - Update,57,40.60972222
,217879,Epicor Software,Create Calculated Column in Forecast Configuration,"Please add existing calculated columns to the Services Tab in Forecast:
1. Gap to Target
2. Gap to Forecast

These calculated fields already exist in the other tabs in our Forecast view, please add to the ""Services"" Tab with the same properties.",We have added the Gap to Target and Gap to Forecast calculations column under the tab Service as requested,Low,Sarah Fagan,Traci Rauch,"3/25/2025, 8:40 AM",1,Configuration,Forecast - Update,34,25.33055556
,217923,Zendesk,Help Building Weighted Pipe Column,"Hello,

Can you please assist me in building a column ""Weighted Pipeline (Excluding Quarter in Quarter)""  This would be pipeline stage 2-6 * the probability excluding all quarter in quarter opportunities .

This column is for the partner forecast tab. Thank you!",NA,Low,Chris Hughes,Mackenzie Menotti,"3/25/2025, 11:56 AM",5,Configuration,Forecast - Update,132,54.06472222
,217978,SafetyCulture,One additional calculation field for Renewals Tab,"SafetyCulture is asking for one additional calculation field titled ""Actual GRR%""

Can you please have this calculation as a percentage

SC fields
New Calc would be: (Target ARR- Actual Churn ARR)/ Target ARR = GRR %
Example: [($7m + -1m) /7m] *100 = 85% GRR

The description would be ""(Target ARR- Actual Churn ARR)/ Target ARR = GRR %""","created the new ""Actual GRR%"" column in ""Renewals Wip"" tab",Low,Matthew Mcginley,Matthew Mcginley,"3/25/2025, 8:40 PM",5,Configuration,Forecast - Update,123,48
,218015,"Blackline Systems, Inc.",Change Mode for Forecast Tab,"the ""12C Forecast"" tab is currently configured in the opportunity mode. Can you please change it to the 12C mode?

Please copy David Brown and Erik when finished!",Changed the mode from 'Opportunity' to '12C' in the 'I2C Forecast' tab. I also observed that few columns were already configured under the '12C' mode.,Low,Caitlin Stone,Caitlin Stone,"3/26/2025, 7:08 AM",6,Configuration,Forecast - Update,158,74.85916667
,218108,"Hyland Software, Inc.",Clari - Additional forecast tabs request,"Hi. I hope this finds you doing well. We would like to add two additional tabs in our Forecast Module: 
1. Total Software ACV tab
2. Summary tab (sum of other tabs available in forecast)

Attached is a spreadsheet with our request. The first tab has the layout for each tab. the 2nd tab has the properties and query information for the Total Software ACV Tab. 

Please let me know if you have questions. Also, I am open to recommendations. 

Thank you in advance for your help.

Jay",Created the 'Summary' and 'Total Software ACV' tabs as per the attached sheet.,P3,Chris Hughes,Jason Kupcak,"3/26/2025, 2:29 PM",8,Configuration,Forecast - Update,178,83.505
,218111,Access UK Ltd.,Urgent forecast updates,"Hi Team, Please can we make the attached forecast changes for access group. These changes are needed pretty urgently for their end of month therefore if we could make them by EOD tomorrow it would be much appreciated.",updated all the columns in the specified tab as requested,Low,Toni Pang,Toni Pang,"3/26/2025, 2:45 PM",6,Configuration,Forecast - Update,132,51.94027778
,218164,Gloat,Adjustments to the forecast,"We need to make adjustments to some of our tabs in the forecast. There are some fields i cannot delete (default fields), some calculations and to remove Monthly view from one tab","Removed the 'To Delete' column from the Expand Forecast (Draft 2025) and Summary Forecast (Draft) tabs. Additionally, I created the 'Forecasted Net ARR - Commit' and 'New ARR Closed' calculation columns in the Summary Forecast (Draft) tab and removed the ",Low,Pooled CSM,Shani Kujman,"3/27/2025, 4:19 AM",3,Configuration,Forecast - Update,88,29.68166667
,218208,"Confluent, Inc.",Remove Outreach from Insights Panel,"Hello! Can ""Outreach"" please be removed from Confluent's Clari Insights Panel as the team no longer uses the platform. Thank you!","We have removed the ""Outreach"" signal from the insights panel as requested",Low,Whitney Drazovich,Whitney Drazovich,"3/27/2025, 8:17 AM",5,Configuration,Signals - Update,130,57.70416667
,218327,"Yext, Inc.",[URGENT] - Large Forecasting Config Updates,"Hi there!

We have large updates to be made to our forecasting module. One completely new tab and some small updates to an existing tab. The new functionality will be live in our Salesforce instance on Tuesday, April 1st. The config workbook for the new updates that need to be made is in progress and I will have it ready and attached to this case over the weekend.

Can we please get some time scheduled on Monday, March 31st to talk through the updates live before they are started on Tuesday? I jut want to limit as much back and forth as possible. I'm based in Germany, so it would be ideal if there is anyone on the config team in Europe. I can make myself available anytime on Monday for our call so let me know what times work best for you!

Thank you so much!
Brandon","Created Retention - WIP tab and updated Incremental ACV tab in 2 instance and  updated the configuration of the calculation column in all forecast , and it’s now working as expected.
Additionally, I’ve removed access to the “Retention - Ownership” tab fr",Low,Marina Addonizio,Brandon Peters,"3/28/2025, 6:52 AM",11,Configuration,Forecast - Update,262,110.1211111
,218322,Rapid7,Add 'Forecasted Churn' Formula Column to Renewal ARR Forecast,"Hi, I can't seem to add a column to a forecast that is just a formula. Can someone either tell me how to do that? or if I can't , add a column to the end of the forecast called 'Forecast Churn'. It should be Baseline - Forecast call.

Thank You",added the new 'Forecasted Churn' column in the Renewal ARR tab,Low,Alison Quartironi,Connor Rosenstein,"3/28/2025, 6:20 AM",10,Configuration,Forecast - Update,236,91.96861111
,218358,"Algolia, Inc.",C&C Global Forecasting Tab Changes,"Hello 

On the C&C Global Forecast Tab, there is a column called C&C Best Case Forecast. It is a formula of columns, can you please add the column Early C&C Open to this formula. The query should read, = ( In Qtr C&C Best Case + self serve rolling 3 + Early C&C Closed  + Early C&C Open)",Updated the formula for the 'C&C Best Case Forecast' calculation column in the 'C&C Global Forecast' tab.,Low,Lizzie Rupp,Jazmine Rogers,"3/28/2025, 9:30 AM",4,Configuration,Forecast - Update,109,40.48805556
,218373,Tealium,Bookings Forecast Tab - Quota Coverage Column Update,"Hi, I want to make the following updates to the Quota Coverage Column:

Tab Name: Bookings Forecast
Column Name: Quota Coverage
CHANGES:
1. Data Format: Multiplier
2. Query: = (Pipeline Coverage + Closed) / Quota",We have updated the formula  of the Quota Coverage Column under the Bookings Forecast Tab as requested .,Low,Amanda DeLuise,Ruth Manuel,"3/28/2025, 11:00 AM",4,Configuration,Forecast - Update,104,38.98638889
,218386,Redwood Software,Update new Forecast config,"Having two issues with a new config i am working on.
Tab Name == ""ALL FUNNELS""

1. Every time i click on the column ""Mgr Forecast Discrepency"" Clari errors out and tells me to reset or send to support. I am trying to delete that column and the ""MGR Deal Level Roll up"" could you please do that for me. 
2. I would like the ""Total Forecast"" column on this tab to include ALL of the reference columns that i have in the screenshot. New, SAP - Expansion, Expansion, Renewal, PS

Thanks
Picture attached for reference","We updated the ""Total Forecast"" column on ""ALL FUNNELS"" tab to include ALL of the reference columns. New, SAP - Expansion, Expansion, Renewal, PS as requested",P3,Caroline McCarthy,Alex Lowe,"3/28/2025, 11:46 AM",4,Configuration,Forecast - Update,103,38.22833333
,218419,Gloat,Adjustments to the forecast,"Hi,
I want to add few column to the 'Summary forecast (Draft).
The changes are in the draft. Please let me know if you need any additional information",created the new Total Target and Gap to Target columns in the Summary Forecast (Draft) tab.,Low,Pooled CSM,Shani Kujman,"3/30/2025, 7:37 AM",4,Configuration,Forecast - Update,107,64
,218428,Coachhub GmbH,"Dashboard for Existing business, New business and Pipeline generation TAB (Forecasting VIEW)","Hi,
would need to create a dashboard where I can show the following columns: 
1. for Existing business TAB (Forecast view) I'd need to show:
  - Q1 Baseline quota & closed
  - Q1 upsell quota & closed
2. for New business TAB (Forecast view) I'd need to show:
  - Q1 New business quota & closed
3. For Pipeline generation TAB (Forecast view) I'd need to show:
   - Q1 Pipeline gen target & generated

Right now if I create a dashboard on this I got the wrong columns and I can't change it.
Is there a way where I can chose which columns to be included in dashboard? So far I can only to this by creating a view in opportunities TAB but I dont know how to do it in Forecast view.

could you please help me? thanks a lot",We have updated all the changes as requested -,Low,Caroline McCarthy,Andrea Cenni,"3/31/2025, 2:29 AM",4,Configuration,Dashboard - Update,112,79.51444444
,218431,ContentSquare,need calculation column in our retention forecast tab,"Could you please update the forecast tan TEST - Retention forecast (Excl pre-FY24 Opt out) with 2 new columns
Churn downsell on forecast = Forecast - Previous amount
Churn Downsell on BC = Best Case - Forecast
Also could you please check why the forecast Gross Retention and the Best Case Gross Retention do not show the %?
Could you please treat it as critical as we need it to do the retention forecast.",created the 'Churn Downsell on Forecast' and 'Churn Downsell on BC' calculation columns in the TEST - Retention Forecast (Excl. pre-FY24 Opt-Out) tab.,Low,Toni Pang,Odile Rouxel,"3/31/2025, 3:40 AM",8,Configuration,Forecast - Update,209,110.3322222
,218457,Redwood Software,Switch Mode on forecast tab,"Switch the mode on forecast tab ""Renewal - xAM"" from ""Renewal Mode"" to ""xAM Renewals""","switched the mode of the ""Renewal - xAM"" tab from ""Renewal Mode"" to ""xAM Renewals""",P3,Caroline McCarthy,Alex Lowe,"3/31/2025, 7:57 AM",4,Configuration,Forecast - Update,96,63.67805556
,218451,Augury,Update Forecast Land and Expand tab,"Can we please add an additional filter to the ""Forecast Land and Expand"" tab?  We would like the field ""Process_Health_Included__c"" to be ""Not Checked"".",NA,Low,Christopher Williams,Jason Mitchell,"3/31/2025, 7:40 AM",4,Configuration,Forecast - Update,112,74.32138889
,218450,Vanta.com,Gap To Closed Column on New Business Forecast Tab,"Hello,
We have a 'Gap to Closed' column on all our monthly break-downs on our New Business Forecast tab. Would it be possible to also add this to our quarterly roll-up columns? For some reason we don't have it a column for it there.",We have added the Gap To Closed Column on New Business Forecast Tab similar to monthly gap to closed,Low,Jason Parawan,Daniel Riopelle,"3/31/2025, 7:33 AM",1,Configuration,Forecast - Update,35,26.44222222
,218474,Redwood Software,Says Contact Support to remove Amount field.,"Excel sheet attached. Please remove this field from all modules and areas. 
If it needs to be replaced where it is being used please replace it with ""Clari Software QB""

Thanks","the opportunity.amount field is currently used as the aggregation field for the Renewal mode, Clari does not allow it to be removed.",P3,Caroline McCarthy,Alex Lowe,"3/31/2025, 9:06 AM",7,Configuration,Field Config - Update,165,77.27083333
,218496,"RMG Enterprise Solutions, Inc. dba Korbyt","Whitelist & Create First User - RMG Enterprise Solutions, Inc. dba Korbyt","This new logo account has just signed. Please check Subscription Start Date ""April 1, 2025"" and if within 2 weeks of todays date, proceed with whitelisting the account domain, update Clari org ID field under Clari Adoption snapshot in SFDC, and confirm whether they have already been added based on POC. If Subscription Start Date is greater than 2 weeks, then update the Requested Completion date to 2 weeks prior to Subscription Start Date. New logo account website for domain is ""https://www.korbyt.com/""",We have whitelisted the domain provided and created the first user as required,Low,Pooled CSM,Kamil Mojzesz,"3/31/2025, 10:33 AM",1,Configuration,Other,32,23.4475
,218540,Boomi LP,Strategic Initiatives- TEST tab changes,"Team - I am trying to update the Query to change ""Division"" to ""Forecast Owner's Division"" but the apostrophe is interrupting the logic. 

Can you assist with changing the query from Division to Forecast Owner's Division?",NA,Low,Jason Parawan,Michael Harris,"3/31/2025, 1:36 PM",4,Configuration,Forecast - Update,105,68.39416667
,218560,fullcast.io,Whitelist & Create First User - fullcast.io,"This new logo account has just signed. Please check Subscription Start Date ""March 31, 2025"" and if within 2 weeks of todays date, proceed with whitelisting the account domain, update Clari org ID field under Clari Adoption snapshot in SFDC, and confirm whether they have already been added based on POC. If Subscription Start Date is greater than 2 weeks, then update the Requested Completion date to 2 weeks prior to Subscription Start Date. New logo account website for domain is ""www.fullcast.io""",We have whitelisted the domain provided and created the first user as requested,Low,Pooled CSM,Dawn Perkins,"3/31/2025, 4:33 PM",2,Configuration,Other,50,33.43805556
,218563,Revalize Inc.,Add 3rd-party signals in insights panel,Please see attached Dialpad call and sms 'task' screenshots. Customer would like to add these two Dialpad integrations as 3rd-party signals in their Inspect module insights panel.,n/a,Low,Jason Parawan,Jason Parawan,"3/31/2025, 6:02 PM",4,Configuration,Signals - Update,88,55.55083333
,218617,Recorded Future,Changes to Renewal Forecast Tab,"In accordance with our directive to simplify our Renewals Forecast tab please make the following changes:

Remove the Churn % Column
Remove the Available to Renew Column
Adjust the 'Closed' Column date filter from Clari Renewal Start Date = This Quarter to Close Date = This Quarter
Rename 'Remaining ATR' to 'Remaining Renewals Closing CQ'
Remove CQ Churn Forecast Column
Remove Reverse Churn Column

Last, please rename the column to Renewal Bookings Forecast

Thank you","removed the 'Churn %', 'CQ Churn Forecast', and 'Reverse Churn' columns and renamed the 'Remaining ATR' column to 'Remaining Renewals Closing CQ' in the Renewal Forecast tab.
renamed the column 'Remaining Renewals Closing CQ' to 'Remaining Renewals' for ",Low,Andrew Seymour,Brian Maher,"4/1/2025, 7:46 AM",3,Configuration,Forecast - Update,69,45.24111111
,218633,Exabeam,Request call to build out new columns in our Forecast tab,"I'd like to request a call to discuss building out a few additional columns in our forecast tab.

We have changed a few of our fields on how we forecast in the sales team and need this to reflect in Clari.",NA,Low,Sarah Fagan,David Messerli,"4/1/2025, 8:59 AM",6,Configuration,Forecast - Update,156,73.01555556
,218644,"Medallia, Inc.",Adding column to forecasting tab,"We are trying to create a new forecasting tab with columns that can show additional data. For this exercise, the idea is to clone an existing tab 'SWNACV',  call it 'Summary' and add two new columns to it. Column 1: PSS Commit, Column 2: Total PS Bookings. Now column 1 can be a reference field as its a forecast entry field on another tab called 'PSS Forecast'. But Column 2, is a field on the Opportunity object. How can we show column 2 within the new tab?",created a new 'Summary' tab,Low,Ari Henck,Abhirup Dutta,"4/1/2025, 9:32 AM",6,Configuration,Forecast - Update,137,56.80333333
,218650,Archer Technologies LLC,Add new tab under Forecast,"Hello Clari team, can we replicate the Churn Forecast tab but using Renewal Mode for all columns instead of CSM mode? all the fields should be able in Renewal mode",create AM Renewal tab,Low,Andrew Pohlen,Eileen Chen,"4/1/2025, 9:49 AM",8,Configuration,Forecast - Update,193,96.85083333
,218665,"Qualtrics, LLC",Updating the Hardcoded dates of M1 and M2 forecasts on the forecasting page,"We were told that the M1 and M2 views on the forecast page are hard coded dates so we would need to submit a case every quarter to get those updated to the current M1 and M2 of the quarter. Can we get those updates please? Screenshot included for reference to that page, as well as email thread with Ty Lapisnki. We'd need those M1 and M2 to be April and May Respectively for Q2. Thank you!","I have updated the **date range** for the **First Month of Current FQ** and **Second Month of Current FQ** filter values of the **Closed Date** field, where **M1** and **M2** refer to **April** and **May**, respectively, for **Q2**.",Low,Cortney Fickey,Loic Beus,"4/1/2025, 10:36 AM",7,Configuration,Forecast - Update,161,73.3675
,218684,"Mixpanel, Inc.",Mixpanel - Changes to existing FC tab,"Hi There - we worked with the customer to make changes to this new forecast tab in Clari but are not able to remove and add in these new columns

Customer has requested we have these changes by EOD Wednesday April 2nd if possible, if that is not possible please let Erin Martinez know so she can communicate this to the customer",updated the columns in the NB Upsell MGMT Plan tab,Low,Elizabeth Stoughton,Erin Martinez,"4/1/2025, 11:55 AM",1,Configuration,Forecast - Update,34,22.08
,218686,Gem,Adjust filters on retention tab in forecasting,"Can you please go into the retention tab under forecasting and filter out any opportunities that have the record type ID of 012UT000000kPufYAE? If you need the record type name, the record type name is Self-Serve.",NA,Low,Pooled CSM,Morgan Leech,"4/1/2025, 12:11 PM",7,Configuration,Forecast - Update,177,85.81277778
,218692,Dtex Systems,Gap to Commit Column,"In the ""New ACV Forecast"" tab, can we add a ""Gap to Commit"" column next to the ""Commit Forecast"" column?

Formula would be (Closed Won - Commit Forecast)","Under ""New ACV Forecast"" tab, we have added a ""Gap to Commit"" column next to the ""Commit Forecast"" column as requested",Low,Pooled CSM,Samuel Lee,"4/1/2025, 12:39 PM",2,Configuration,Forecast - Update,48,32.08694444
,218730,Clari House Account,Internal Clari Help: Received error trying to create a new forecast Tab,"Hi there!

In forecast Config, I tried to create a new tab and received an error after saving ""Error while creating a tab""","We have fixed the issue

Can you please trying creating the new tab from forecast config now?",Low,Jessica Starr,Amanda Bevilacqua,"4/1/2025, 5:18 PM",19,Configuration,Forecast - Update,458,208.6877778
,218729,Planful,Change commit in forecasting widget,"Roi wants to know if it's possible to change the commit field in their forecast widget for the planful sales tab.

They love it and want to use it on a dashboard, but they have one issue. When they go to add the widget to the dashboard they only see ""New Business Commit"" and they want to see ""Total Commit"" instead.

Is that possible to configure? I'm not sure if this was a build change or a support fix.

Sharing the snippet of what he's looking for here
https://copilot.clari.com/guest/sharedCall/67ec814338dfa26a76c19e7f","The customer would be able to see ""Total Commit"" instead of the  ""New Business Commit""",Low,Pooled CSM,Matthew Mcginley,"4/1/2025, 5:17 PM",1,Configuration,Dashboard - Update,25,16.70138889
,218759,Netskope,Netskope | Forecasting Changes,"part 1: 
Please create 2 new columns in the existing Forecast module tab ""New Recurring ACV + HW""

column 1: ""Closed New Logo Recurring ACV + HW""
location: to the right of ""Closed New Recurring ACV + HW""
logic: This is same as the ""Closed New Recurring ACV + HW"" column except it is for New Business type opptys.

column 2: ""Total Probable New Logo""
location: to the left of the column titled ""Total Probable Upsell""
logic: this column is the same as the ""Total Probable Upsell"" column except it is for New Business type oppty instead of Upgrade/Add-on or Renewal

----------

part 2 will be to create a ""dev"" tab that we'll circle back to at a later date.",Created the 'Total Probable New Logo' and 'Closed New Logo Recurring ACV + HW' columns for both quarterly and yearly durations in the 'New Recurring ACV + HW' tab.,Low,Chris Hughes,Chris Hughes,"4/2/2025, 4:11 AM",6,Configuration,Forecast - Update,161,77.80944444
,218769,Chainalysis,Forecasting Tab Column Query Broken,"The ""(Extended Service)"" Column across 4 of our Forecasting Tabs ((Total) Renewals, (Public) Renewals, (Private) Renewals, (Total) Renewals **UAT**) recently had its query logic updated to include ""(Cancel/Replace)"" in one of the statements. In doing this, it appears the custom logic/filtering we had Clari support help us build is no longer working. Can you check that ""Clari Formula Date Range+"" , ""< This Quarter"", and  ""Past quarters"" statements are being evaluated properly? We are expecting 47 records and a total SW Baseline metric of around $3.3M (file attached)",-,Low,Andrew Seymour,Maxwell Davison,"4/2/2025, 5:56 AM",7,Configuration,Forecast - Update,165,77.05972222
,218784,"FourKites, Inc.",Advanced Filter on Flow Module,"I need the following filters on a Flow:

Close Date = This Quarter AND Opportunity Type = Upsell & New Business AND Exclude from Clari = FALSE AND Exclude from Pipeline Generation = FALSE AND Deal Status (SFDC) = Open AND (Tracy (AI) ACV > $0 OR Sam (AI) ACV > $0)",We will not be able to create a advance filter under the anylitics module (Flow,Low,Sarah Fagan,Dan Cline,"4/2/2025, 6:58 AM",1,Configuration,Analytics - Update,30,21.75388889
,218818,UserTesting,"Change to Calculation: ""QTD Churn % (Actual)""","Hi all,

I need to update a calculation in forecasting as follows:

- Tabs: ""NEW Renewal Rate (RS)"" and ""NEW Renewal Rate""
- Column name: ""QTD Churn % (Actual)""
- Old formula: =( –1 * Downsell + Full Churn ) / ATR
- New Formula: =[WIP Churn] / ATR
- Change: the formula now references a tab called ""[WIP Churn]"" instead of ""Downsell"" and ""Full Churn""

Please let me know if this is unclear.
Thank you,
Kelly","We have updated the calculation for the Column name: ""QTD Churn % (Actual)"" under the Tabs: ""NEW Renewal Rate (RS)"" and ""NEW Renewal Rate"" to  New Formula: =[WIP Churn] / ATR as requested",Low,Cortney Fickey,Kelly Ahearne,"4/2/2025, 9:47 AM",1,Configuration,Forecast - Update,27,18.93611111
,218866,Zendesk,Help with ColumnQuery,"Hello,

I am wanting to create two columns on my partner forecast tab that mimic the pipeline gap to forecast and pipeline coverage of forecast but instead of pipeline it would be quota gap to forecast and quota coverage of forecast. You can see I made the columns (in draft) but the quoery wont let me edit. Can you please edit the query to replace pipeline reference with quota?","created the new Quota GAP to Forecast and Quota Coverage of Forecast calculation columns and created the new Ops Math forecast column, which does not have any query in the Partner Forecast tab",Low,Chris Hughes,Mackenzie Menotti,"4/2/2025, 1:31 PM",7,Configuration,Forecast - Update,155,68.48111111
,218904,Attentive Mobile Inc.,"Attentive - Add Filter option for ""Value Not Assigned""","Hi Support,

Can we please add a filter to look at ""Blanks/Value not Assigned"" for the following field?

Field name: Aggregate Commit Forecast (opportunity.aggregate_commit_forecast__c)",We have added the value not assigned as a filter option to the Field name: Aggregate Commit Forecast as requested .,Low,Elizabeth Stoughton,Erin Martinez,"4/2/2025, 6:23 PM",1,Configuration,Field Config - Update,18,10.75305556
,218898,"Sumo Logic, Inc.",Create New Forecast Column,"Hi Clari Support,

Please help me create a new calculation forecast column within the ""Renewals (Sales)"" forecast tab. See below.

Column Name: Worst Case %
Formula: Worst Case / Available to Renew","We have created the new calculation column worst case % under the ""Renewals (Sales)"" forecast tab as requested",Low,Andrew Seymour,Hieu Huynh,"4/2/2025, 5:04 PM",1,Configuration,Forecast - Update,20,11.65888889
,218988,"Trellix (Musarubra US, LLC)",Update FIlter Criteria for MONTHLY NEW BIZ FORECAST,"Please update each column with the new close date, respectively for M1, M2, M3:

Any Column with ""M1""
CLOSE DATE
Q2 2025 M1

Any Column with ""M2""
CLOSE DATE
Q2 2025 M2

Any Column with ""M3""
CLOSE DATE
Q2 2025 M3","In the **MONTHLY NEW BIZ FORECAST** tab, I have updated each column with the respective new close date for **M1, M2, and M3**.",Low,Whitney Drazovich,Kim Grant,"4/3/2025, 8:42 AM",1,Configuration,Forecast - Update,25,16.95916667
,219018,Neptune Software,Updates to forecast template,"Tab: Total New ARR Summary
        Can you create a new column called “Total ARR Commit Forecast” which will sum the amounts via reference to these tabs and fields
            Tab:New Subs Forecast, Field ID: fc_commit
            Tab: ESSA Forecast, Field ID: sacommitforecast
            Tab: ESSA Forecast, Field ID: escommitforecast
        Can you then make this new column the new default field with a reference to the quota field and show it before the other Closed columns
        
Can you then delete all the other fields that start with IGNORE (currently I can’t delete the column for field fc_commit_subs_forecast as it is referenced to the quota.  Note the old quota column on this tab seems to somehow be linked to the Quota field on the tab “New Subs Forecast” because changes to the query in one tab applies the same change on the other tab.  I need to delete the field from the  “Total New ARR Summary” tab but keep the field as is on the “New Subs Forecast” tab.
    
Tab: E","created a new column 'Total ARR Commit Forecast' in the 'Total New ARR Summary' tab.
removed the 'IGNORE - Old Quota' from the 'Total New ARR Summary' tab. But, I did not remove the 'IGNORE - Subs Commit Forecast' column from the 'Total New ARR Summary' ",Low,Pooled CSM,Ken Vader,"4/3/2025, 10:23 AM",7,Configuration,Forecast - Update,161,73.25972222
,219121,Feedzai Inc.,Remove a column in Forecast,"Hello,

In the tab ""Churn & Downsell"" I'm not able to delete the column ""FY Churn Confirmed"" (please see attached). Can you help?

Thank you!","removed the  ""FY Churn Confirmed"" column from ""Churn & Downsell""  tab",Low,Pooled CSM,Carlos Martins,"4/4/2025, 2:43 AM",0,Configuration,Forecast - Update,1,1.171944444
,219172,Impact,Formula column on forecast,"Hi team we would like to add a formula column on each tab whose calculation is as follows:
Name: Weighted Forecast
Formula: Closed won column + Weighted Pipeline Column
Scope: All 4 tabs in forecast suite",created the new Weighted Forecast calculation column across all four forecast tabs.,Low,Sarah Fagan,Clara Mantegazza,"4/4/2025, 8:07 AM",3,Configuration,Forecast - Update,70,14.2425
,219273,SnapLogic,Changes to Layout,"In the Opportunity grid layout - that sits behind the Renewals Forecasting tab, please can we make the following changes?

1. Remove all columns that contain MEDDPICC information. These include: MEDDPICC_Required__c MEDDPICC_Metrics__c MEDDPICC_Econ_Buyer__c MEDDPICC_Decision_Criteria__c MEDDPICC_Decision_Process__c MEDDPICC_Paper_Process__c MEDDPICC_Identified_Pain__c MEDDPICC_Champion__c MEDDPICC_Competition__c MEDDPPICC_Partner__c
2. Move ACV Avg Up for Renewal Column (ACV_Avg_Up_for_Renewal__c) to the right of the Renewal Status (Renewal_Status_2__c) column.
3. Move the ACV Renewed Column (ACV_Renewed__c) to the right of the ACV Avg Up for Renewal column (ACV_Avg_Up_for_Renewal__c).

The attachment includes a screenshot showing you where these changes should take place.",NA,Low,Pooled CSM,Chris Barton,"4/7/2025, 5:46 AM",4,Configuration,Field Config - Update,92,60.37055556
,219326,"Cybereason, Inc.",Forecast updating frequency,"Hi Team, 

Can you have our forecast tabs ""reset"" Wednesday evening? Meaning, the green check mark goes away and the team has to update their forecast?

Thanks!
Kristen",updated the end date to Wednesday to ensure that the forecast resets on Wednesday at 11:59 PM,Low,Jason Parawan,Kristen Loomis,"4/7/2025, 11:05 AM",4,Configuration,Forecast - Update,87,55.1025
,219337,Cisco Systems (AE Parent),S&C Tag assignment filter audit,"Please update the filter options for the filter S&C Tag assignment with this list, and remove all other values.",updated the filter values for the S&C Tag Assignment field in the ciscocollab instance,P3,Matthew Colangelo,Bryce Keller,"4/7/2025, 12:06 PM",3,Configuration,Field Config - Update,63,39.3975
,219338,Stack Overflow,Custom Forecast Column: Gap to Forecast,"Hi Clari,

Can you help me create a custom gap column? This should be a locked formula field.

Name: Gap to Forecast
Formula: Forecast - attainment = Gap to Forecast
Tab: New and Upsell
Position: Place the column between 'Forecast' and 'Commit'

Does this make sense? Can you complete it by Thursday (4/10/25)? Let me know how I can help. 

Thanks again,
Nick",created the new Gap to Forecast column in  New and Upsell tab,Low,Matthew Mcginley,Nick Danalis,"4/7/2025, 12:07 PM",7,Configuration,Forecast - Update,159,70.86888889
,219366,Forcepoint LLC,"Build ""Test - NGFW"" Tab","Hello, I need columns built out as seen in the attached spreadsheet for a new tab called ""Test - NGFW"".  It may be seen in a draft format, if it's still there, you can clear out any existing columns and replace it with what's in the spreadsheet.  If there is no draft present, you can start from scratch.  The main issue was that I was not able to select the Mode ""TEST - Products Mode - Line Item"" and therefor use the Aggregation and Sort fields ""ACV New - Products (opportunitylineitem.acv_new__c)"".  I'm hoping you'll be able to access those fields and build out the tab when I couldn't.  Note that I will be on PTO the rest of the week, returning on the 14th, but our CSM will be looped into the ticket.  Thanks, Jeff","Created a new tab 'Test - NGFW', as per the attached sheet.",P3,Ari Henck,Jeff Martinez,"4/7/2025, 4:33 PM",9,Configuration,Forecast - Update,220,113.4475
,219412,Pearson,"Access to ""Composite"" on a column","Is there a way that I can get access to updating/creating ""Composites"" in a column or do I need to go through y'all to get that done?","The ability to update or create ""Composites"" within a column is not currently available for customers.",Low,Said Mussa,Michael Barnes,"4/8/2025, 7:15 AM",2,Configuration,Forecast - Update,44,28.25805556
,219465,Ping Identity,Annual columns,"Hi team,

Can we please add a new quota and attainment column in the ""New ACV"" tab that is the same as ""Operating Plan QTD"" but call it ""Operating Plan YTD"" and ""Won YTD""? Keep all the same filters but date filter is ""this year""

Can we make sure that this works and shows quotas in Pulse as well?

Thank you!",n/a,Low,Lyuda Rogers,Lyuda Rogers,"4/8/2025, 11:00 AM",2,Configuration,Forecast - Update,58,38.98527778
,219457,Tungsten Automation,Add New Product Pillar tab,Can you please create a new Forecasting tab called Product Pillar with the attached settings?  I tried to create a tab but it would not allow me to change the Mode. This mode needs to be Products mode. and it has 8 different quotas.,created the new Pipeline Pillar tab as per the sheet.,P3,Caitlin Stone,Tamim Aziz,"4/8/2025, 10:34 AM",2,Configuration,Forecast - Update,57,39.42666667
,219533,"SUSE, LLC",Update Pipeline forecast tabs,"Hi Team,

Please can you make the attached configuration changes as laid out in the spreadsheet for SUSE. As we cannot change a forecast tabs mode or create calculation fields in the Clari UI yet we need your support.

Changes to be made:

1.Change the mode to Forecast Products Mode in the Pipeline Coverage, CQ Pipeline and NQ Pipeline Tabs																									

2. Change the roll up amount on all columns to be opportunitylineitem.product_new_acv__c  in the Pipeline Coverage, CQ Pipeline and NQ Pipeline Tabs
																									
3.Change the filter (opportunity.suse_route_to_market__c = Direct, Reseller) to (opportunity.route_to_market_assignment__c = Direct, Reseller, Marketplace) across al columns in the Pipeline Coverage, CQ Pipeline and NQ Pipeline Tabs
																									
4.Rename all the column titles as highlighted in yellow in the Pipeline Coverage, CQ Pipeline and NQ Pipeline Tabs																									

5.Add all the new columns as highlighted i","Updated the mode, Amount field, formula filters, renamed the columns, and created new columns in the Pipeline Coverage, CQ Pipeline, and NQ Pipeline tabs.

created the quota columns and used them in the formula for the ARM calculation columns(First 3 co",Low,Toni Pang,Toni Pang,"4/8/2025, 4:49 PM",30,Configuration,Forecast - Update,725,353.1694444
,219524,Alight Solutions,Update ARR Forecast tab,"Hi, please update 3 quarterly columns our ""ARR"" Forecast tab as follows:
1) Low Call column: set Excluded User Types = Individual Contributor
2) High Call: set Excluded User Types = Individual Contributor
3) To Go: add a new column as a Calculation = (Plan - Forecast Call). It should be a replica of the To Go column on the Forecast tab.","Excluded User Types = 'Individual Contributor' from the 'Low Call' and 'High Call' columns and created a 'To Go' calculation column, which is a replica of the 'To Go' column in the Forecast tab.",P3,Liz LeDoux Tajonar,Peggy Sue Marlin,"4/8/2025, 3:04 PM",1,Configuration,Forecast - Update,30,18.93166667
,219538,Netskope,Netskope | New Forecasting Tab,"Create a duplicate forecasting tab so we can see a mock up of adding a forecast column for new logo. We would add a column to the right of the current Forecast column and before the Stretch column called Forecast - New Logo. In this column would be all of the New Logo opportunities that are closed won, commit and probable (same as the column we have now called Total Probable New Logo). We would need this added in both the quarter and month sections.

User that requested this does not have access to make Forecast changes.","created  new tab ""New Recurring ACV + HW WIP""",Low,Chris Hughes,Chris Hughes,"4/8/2025, 5:10 PM",6,Configuration,Forecast - Update,138,58.02333333
,219606,SecurityScorecard,SecurityScorecard: Add a new column to Forecast tab and reorder columns,"Hi Clari team. In our Forecast module's ""New ARR"" tab, can we have a new column called ""Pipeline Gap to Quota"" where it is a Calculation field type and Aggregation data format with the formula ""Best - Quota""? And for the order of the columns in that tab, it should go: ""Quota"", ""Closed Won"", ""Pipeline Coverage"", ""Pipeline Gap to Quota"".

I was trying to do this in the new self serve feature in Clari Studio but it doesn't look like it's possible to create a Calculation column type yet.",Created the 'Pipeline Gap to Quota' calculation column in the 'New ARR' tab.,Low,Andrew Pohlen,Alfonso Alvarado,"4/9/2025, 8:21 AM",5,Configuration,Forecast - Update,132,57.64027778
,219635,UKG,New Formula Fields for Clari Forecast tab (Prod),We would like to get two formula fields created in Clari Forecast tab (PROD).  These are needed for 'Quarter' only.  Please see attachment.,We have created the 2 new calculation columns as requested,Low,Marina Addonizio,Maiya Vann,"4/9/2025, 10:02 AM",3,Configuration,Forecast - Update,68,39.95527778
,219637,Bishop Fox,BF - Change to forecast request,"Hey team - When you submit your forecast, you get a “green check”.  Does BF have the ability to set the day in which forecasts are required? If so, does it need to be requested to Support or is it changeable in Clari Studio?","For Bishop Fox, the current endDay is set to Monday.

If the customer would like to update this, we can certainly make the change. However, please note that at this time, there is no option to modify the endDay directly from Clari Studio.",Low,Christopher Williams,Christopher Williams,"4/9/2025, 10:11 AM",6,Configuration,Forecast - Update,153,71.80472222
,219650,"Databricks, Inc.","Add another input field calls ""Azure P3 Only Booking Forecast""","This field would operate the same way as the current Commit Forecast field, where the renewal leaders can go in and enter their own P3 forecast and submit weekly","We have add stage = closed won filter  to the closed column under the Renewals Forecast tab as confirmed

Quota and the closed column are always associated by default we will no able to remove the closed for the quota column 

We can associate a quote",Low,Dov Markowitz,Efrén Chacón,"4/9/2025, 11:31 AM",16,Configuration,Forecast - Update,390,198.1919444
,219688,OPSWAT,Changing ARR Growth and New Business TCV Forecast tabs to Splits Mode,"Hello,

Can we change the forecast tabs for ARR Growth and New Business TCV Forecast into a splits mode, and please be sure to keep all the forecast history from those forecast tabs.

This is the same as our last request for another forecast tab in case 00217298.

Please let me know if you have any questions on what needs to be updated into Splits mode.",Changed the mode from Opportunity to Splits in the ARR Growth and New Business TCV tabs.,Low,Matthew Mcginley,Matthew Mcginley,"4/9/2025, 2:53 PM",6,Configuration,Forecast - Update,150,67.10083333
,219703,"iCIMS, Inc.",Updates to Leader Forecast Tab,"1. Remove Redundant AOP $0 Column
a. The AOP column currently displays a $0 duplicate. We’d like to remove this entirely.
b. AOP for us = Quota minus Corporate Over assignment

2. Add Column: 'SVP Fcst as % AOP'
a. Placement: After SVP Forecast
b. Formula: SVP Forecast / AOP (e.g., $8.3M / $9.9M = 84%)

3. Add Two Columns After Pipeline:
a. AOP Required Conversion Rate = (AOP – Closed Won) / Remaining Pipeline
b. Fcst Required Conversion Rate = (SVP Forecast – Closed Won) / Remaining Pipeline
c. Both show the % of pipeline needed to hit the respective targets.","we have removed the YEAR (2025) columns that include AOP, Closed, and Gap to Quota as confirmed
We have updated all the changes as requested",Low,Tyler Jass,Tyler Jass,"4/9/2025, 4:46 PM",37,Configuration,Forecast - Update,890,433.2280556
,219718,OPSWAT,Update 2 formulas in a Forecast Tab Column,"Please update the 2formulas to the below - see screenshots of what they are now
GDR need to be ' = Closed Won '
GDR % need to be ' = GDR / UFR '

Thanks",updated the formula of GDR  and GDR % column of Renewals C&C Forecast tab,Low,Matthew Mcginley,Liam Emmett,"4/10/2025, 2:17 AM",0,Configuration,Forecast - Update,2,1.532777778
,219801,"Algolia, Inc.",C&C Global Forecasting Tab Changes,"Hi team, 

Can you please update the column C&C Best Case Rate. We need the formula to read = 
( 4 * In Qtr C&C Best Case + 4 * self serve rolling 3 + 4 * Early C&C Closed + 4 * Early C&C Open)
/ Entering CARR

Thank you!",We have updated the formula for the C&C Best Case Rate column under the C&C Global Forecasting Tab as requested,Low,Lizzie Rupp,Jazmine Rogers,"4/10/2025, 10:24 AM",2,Configuration,Forecast - Update,43,23.58555556
,219823,Tungsten Automation,Modify Pipeline Council Tab,"Can you please add two calculation fields to our Pipeline Council tab as defined in the attached config file?  
The new tabs are highlighted in Green
The tabs that we would like to hide (if possible) are highlighted in yellow.",Created the 'Closed % Direct' and 'Open Pipeline % Direct' calculation column in the 'Pipeline Council' tab.,P3,Caitlin Stone,Tamim Aziz,"4/10/2025, 11:51 AM",5,Configuration,Forecast - Update,112,40.11694444
,219851,"Infor (US), LLC",New Mode & Forecast Changes,"Hi team,
Could we please create a new mode called ""GPS Mode"" for Infor. It needs to be based off of the opportunity object and is simply so that we can change the forecast expanded view fields for the GPS group. Can it point to the ACV amount field instead of the current default amount since it needs an alternate amount field to work off the same Oppty object?
Once the mode is created, we need to alter the mode in every column of both the ""GPS Bookings Forecast"" and the ""IMS Forecast"" tabs. These columns should still point to the Total amount field.
Let me know if you have any questions.
Thanks!Stephanie","created a new mode named ""GPS Mode"" with ACV as the aggregation field.

Additionally, I’ve updated the mode of both the ""GPS Bookings Forecast"" and ""IMS Forecast"" tabs from Opportunity to GPS Mode.",Low,Stephanie Ervin,Stephanie Ervin,"4/10/2025, 1:19 PM",9,Configuration,Forecast - Update,226,100.6733333
,219856,Tanium,Hide Rolling 4 Qtr columns from peoples view,"Hello,

In the forecast module, pipeline Coverage tab, can you hide the rolling 4 Qtrs columns from all user types for now?

Idont want to delete them because we might bring it back later, jus want to hide he columns from peoples view for now.",Excluded the 'Rolling 4 Qtr VB+ Benchmark' and 'Rolling 4 Quarter VB+ Coverage' for all user types.,P3,Cortney Fickey,Parker Foard,"4/10/2025, 1:23 PM",0,Configuration,Forecast - Update,10,4.603888889
,219891,Tanium,Please change the Formula Field for the following Columns in Pipeline Coverage tab,"in the forecasting module, pipeline coverage tab, can you please change the calculation of of the following columns to be:

Column NQ VB+ Coverage:
NQ VB+ Benchmark / 0.4 * NQ VB+ Benchmark

Column NQ+1 VB+ Coverage:
NQ+1 VB+ Benchmark / 0.333 * NQ+1 VB+ Benchmark",Updated the formulas for the 'NQ VB+ Coverage' and 'NQ+1 VB+ Coverage' calculation columns in the 'Pipeline Coverage' tab.,Low,Cortney Fickey,Parker Foard,"4/10/2025, 10:16 PM",4,Configuration,Forecast - Update,77,17.39027778
,219979,Ardoq,Help with Pipeline Coverage Tab Changes,"Hi Team - I was trying to make these changes on my own, but I don't have the ability to edit the formulas. For the Pipeline Coverage Tab, can we please do the following:

Column 1: CQ Pipeline
Column 2: CQ Quota
Column 3: CQ Coverage (Pipeline/Quota) - Closed (closed pulled from Forecast Tab Closed)

Column 4: Next Q Pipeline
Column 5: Next Q Quota
Column 6: Next Q Coverage (Pipeline/Quota)

Column 5: Next Q + 1 Pipeline
Column 6: Next Q+ 1 Quota
Column 7: Next Q+ 1 Coverage (Pipeline/Quota)","made the changes in the 'Pipeline Coverage' tab as requested.

Updated the formula for the 'CQ Coverage', 'Next Q Coverage' and 'Next Q+1 Coverage' columns in the 'Pipeline Coverage' tab.",Low,Rohit Agarwal,Benjamin roach,"4/11/2025, 12:34 PM",5,Configuration,Forecast - Update,128,53.42222222
,219994,Coursera Inc,NARR Summary Forecast Tab Updates,"On the NARR Summary Forecasting tab, please edit the following columns to leverage the actual close number instead of the commit call. 
Columns: 
C4B NARR Quota Attainment 
C4C NARR Quota Attainment 
C4G NARR Quota Attainment 

Explanation video here: https://share.cleanshot.com/KJqLGMSf",n/a,Low,Liz LeDoux Tajonar,Liz LeDoux Tajonar,"4/11/2025, 1:59 PM",19,Configuration,Forecast - Update,464,212.0088889
,220001,Epicor Software,New Forecast Tab request,"Hi there, 
we'd like your help in creating a new forecast tab in our environment using the PSA__c field for ownership as opposed to Opportunity Owner.  Please let me know if there are any gaps in my explanation.

Create new tab called ""Services (PSA)"" 
We'll copy the format of the current ""Services"" tab. (column structure and order with the below changes)
Remove KNA, PMA, Add-on columns
Remove monthly AOP Target columns
Remove Closed + Commit monthly columns
Should be left with just three forecast fields - month 1, 2 & 3
We'll use the existing AOP target or Quota field called ""services_quota"" but if we need a new quota field, we can call it ""services-psa_quota"".  
@Tyler Jass @Erin Yzquierdo Martinez, can you confirm that we could use the existing services quota field in this new mode?  or would it be better to create a new quota field?
This tab will use the PSA field from the opportunity object for ownership.  API - PSA__c  (has been added to Clari views)
Closed value and opportunity ","Created ""Services (PSA)"" tab and The ""Total FC"" quarterly column is now displaying the sum of the monthly forecasts as expected.",Low,Sarah Fagan,Tomas Kral,"4/11/2025, 2:55 PM",9,Configuration,Forecast - Update,222,83.06722222
,220179,ContentSquare,Add columns to Forecast View,"Hi team,

We need the addition of 2 new columns to the following Forecast view: Retention Forecast
These are the formula: 
- Forecasted Retention Rate % = Retention Forecast / UFR
- BC Retention Rate % = BC Retention Forecast / UFR

Thank you",Created the Forecasted Retention Rate % and BC Retention Rate % calculation columns in the 'Retention Forecast' tab.,P3,Toni Pang,Lucas Beuvain Pacheco,"4/15/2025, 4:27 AM",14,Configuration,Forecast - Update,337,161.3277778
,220204,"Dataiku, Inc.",Forecasting tabs configuration,Hello Clari! Could you please hide the field 'Nb of opps (Closed vs ARR Start Date)' on the 'D&C TEST Tab'? Thank you!,hidden the “Nb of Opps (Closed vs ARR Start Dates)” column from the D&C TEST tab,Low,Lyuda Rogers,Inna Logunova,"4/15/2025, 7:21 AM",0,Configuration,Forecast - Update,2,1.726388889
,220214,Feedzai Inc.,Can't delete column,"Hi, I'm not able to delete a column in a forecast tab. Can you help?",removed the Current Quarter Forecast column from the Partners WIP tab,Low,Pooled CSM,Carlos Martins,"4/15/2025, 7:54 AM",5,Configuration,Forecast - Update,133,58.09666667
,220245,Nozomi Networks,unhide pipeline column from isr forecast,pipeline column currently is hidden (says exclude CRO) ...can we get it to show on JUST the ISR forecast tab? thanks!,unhidden the Pipeline column in the ISR Forecast tab for the CRO Forecast role.,Low,Sarah Fagan,Balrit Singh,"4/15/2025, 10:06 AM",0,Configuration,Forecast - Update,11,7.883611111
,220255,Amplience,Whitelist & Create First User - Amplience,"This new logo account has just signed. Please check Subscription Start Date ""April 14, 2025"" and if within 2 weeks of todays date, proceed with whitelisting the account domain, update Clari org ID field under Clari Adoption snapshot in SFDC, and confirm whether they have already been added based on POC. If Subscription Start Date is greater than 2 weeks, then update the Requested Completion date to 2 weeks prior to Subscription Start Date. New logo account website for domain is ""www.amplience.com""","We observed that we already have the provided domain whitelisted ""amplience.com"".",Low,Pooled CSM,Dawn Perkins,"4/15/2025, 10:33 AM",3,Configuration,Other,78,53.51277778
,220262,Redwood Software,'Renewal -xAM' remove forecasting from the tab.,I want this tab to be an informational tab showing attainment (CLosed Won) vs Target. I don't want anyone to have to forecast a number in this tab. Please remove that column,NA,P3,Caroline McCarthy,Alex Lowe,"4/15/2025, 10:46 AM",2,Configuration,Forecast - Update,60,39.22138889
,220307,Gamma Network Solutions Ltd.,Gamma - Forecast,"Hi team,  I need some help with why this calculation column is not showing in the ""Summary Forecast"" tab.  I am able to see it in the tab but I can see it when I look at the Forecast Config in Clari Studio.


                {
                    ""id"": ""fc_incremental_annual_percent_of_annual_closed"",
                    ""title"": ""Annual Incremental % of Annual Closed"",
                    ""description"": ""This calculates the Annual Incremental Closed as a Percent of the Annual Closed."",
                    ""fieldType"": ""CALCULATION"",
                    ""opportunityMode"": ""OPPORTUNITY_MODE"",
                    ""fiscalPeriodType"": ""QUARTER"",
                    ""isCall"": false,
                    ""isDefaultField"": false,
                    ""quotaFieldId"": ""fc_quota_qtr"",
                    ""calculation"":
                    {
                        ""type"": ""WEIGHTED_SUM_DIVISION"",
                        ""numerator"":
                        [
                     ",updated the configuration of Annual Incremental % of Annual Closed column and the column is now displaying correctly in the Summary forecast.,Low,Caroline McCarthy,Ryan Perazzelli,"4/15/2025, 6:25 PM",6,Configuration,Forecast - Update,149,64
,220299,Barracuda,Barracuda | Qtr and Monthly Commit + Closed Alignment,"When looking at the Summary tab, we can see the Commit, Closed Won, and the QTR Commit + Closed. 

The QTR Commit value is the sum of the monthly values within the quarter, which is the case:

Month Commit
0
3,207,859.9999999995
1,155,167.76
Total
4,363,027.75
Qtr Commit
4,363,027.7700000005

The QTR Closed Won value is the sum of the monthly values within the quarter, which is also the case:

Closed Won Months
21955762.62
9745192.079999998
0
Total
31,700,954.7
Closed Won Quarter
31,700,954.67

However, when looking at the QTR Commit + Closed it does not sum to the values of the of the Monthly Commit + Closed amounts. 

Can we ensure two things

1) Ensure that the monthly values for Commit, Closed Won and Commit + Closed sum up to the QTR amounts

2) I'd like to make the monthly closed + commit a readonly column instead of calculation and match the query parameters that we use for the QTR Commit + Closed

Please slack me if you have any questions.","updated the 'Monthly Closed + Commit' column to be read-only instead of a calculated field. The 'QTR Commit + Closed' column now displays the sum of the 'Monthly Closed + Commit' values.
updated the formula for the 'QTR Gap to Forecast' and 'Month Gap to",Low,Chris Hughes,Chris Hughes,"4/15/2025, 4:16 PM",2,Configuration,Forecast - Update,54,33.7175
,220348,Secure Code Warrior Limited,"Pipeline Grid Calculation Error for ""CQ Generated"" and ""YTD Generated""","We have had an org. change recently and now the CQ Generated and YTD Generated columns specifically at the President's level are not adding up correctly.  These calculations need to only add up to approximately  $10.1M and $1.5M respectively.  Would you please confirm how these values are being calculated and please adjust to only include Opportunity Types ""Land - New Business"" and ""Expand - Existing Business""?","included the filter Opportunity Types = 'Land - New Business' and 'EXPAND - Upsell Existing Business' for the 'CQ Generated' and 'YTD Generated' columns in the 'Pipeline Gen' tab.
included the filter 'Opportunity Types = Land - New Business and EXPAND - ",Low,Rohit Agarwal,Wendy Caputo,"4/16/2025, 6:56 AM",6,Configuration,Forecast - Update,158,75.055
,220462,Sysdig,Win rate Analysis forecast tab,"The ""open"" section shows closed lost deals. we have checked, and both of these stages (12 Closed Lost to Competition and 13 Closed No Decision) are configured as ""closed lost"" stages 

Do we need to update the formula?",updated the formula for the 'Expansion S3+ Won+Loss ACV' column in the 'Win Rate Analysis' tab. The Open section now excludes closed-lost deals (Stages: 12 - Closed Lost to Competition and 13 - Closed No Decision).,Low,Elizabeth Stoughton,Janhavi Wagle,"4/16/2025, 3:21 PM",1,Configuration,Forecast - Update,30,18.63444444
,220509,GitLab,New Tab - Change Mode on Columns,"Hey Team

I created a new tab called WIP Ecosystem. When I created the tab I was not able to choose the mode for the initial columns. Can you please change the mode of the Closed Won and Most Likely columns to Ecosystem Manager - Opps Mode?",We have updated the mode for the Closed Won and Most Likely columns to Ecosystem Manager - Opps Mode under the WIP Ecosystem tab,Low,Lizzie Rupp,David Estko,"4/17/2025, 6:39 AM",1,Configuration,Forecast - Update,33,25.41055556
,220554,LastPass US LP,Forecast tab change: Renewals Owner,"Hi team,
Looking for a change in the Forecasting section, specifically the Renewals tab.

For Scope (AKA Owner) we don't want to look at Opportunity Owner anymore but rather the Renewals Manager field.","created a new custom mode 'Opportunity Renewals', which is similar to the existing Opportunity mode and changed the owner field to Renewals Manager.  I have now used the new mode under the 'Renewals' tab. we will now be able to see 'Renewals Manager' as t",Low,Elizabeth Stoughton,Mark Dazey,"4/17/2025, 10:11 AM",12,Configuration,Forecast - Update,284,123.6225
,220578,Tungsten Automation,Add a field to the Pipeline Council Tab,"Hello, 
Can you please add a new field to the Pipeline Council forecast tab with the following parameters?

Field Name = Current Pipeline Coverage
Field Type = Calculation
Mode = Splits
Formula = Open Pipeline (Stages 4-9) / (Booked - Corporate Budget)
Format = Multiplier (e.g. 1.2X)

For reference, the formula is the Open Pipeline / Budget To Go, See attached screen shot.

Let me know if you have any questions.",created the 'Current Pipeline Coverage' calculation column in the 'Pipeline Council' tab.,P3,Caitlin Stone,Tamim Aziz,"4/17/2025, 12:52 PM",3,Configuration,Forecast - Update,81,21.12666667
,220602,Cisco Security & Collaboration (S&C),Update SL3 filter options,"Please update the available filter options for Sales level 3 filter to include only the options listed in the spreadsheet attached. 
Audit and remove all other selections other than what is attached. Thanks",-,P3,Matthew Colangelo,Bryce Keller,"4/17/2025, 3:00 PM",8,Configuration,Field Config - Update,180,83.83666667
,220605,"Workday, Inc.",Update Extended Forecast Criteria,"Hello! Can someone help us update the criteria for all of the columns under the Extended Forecast and Extended YTD forecast tabs to include the following:

EXTENDED ACV NOT EQUAL ""NULL"" or ""0""

thank you!","For all of the columns under the Extended Forecast and Extended YTD forecast tabs we have include the following as requested 
EXTENDED ACV NOT EQUAL ""NULL"" or ""0""",Low,Mike Riggs,Christine Lau,"4/17/2025, 3:34 PM",1,Configuration,Forecast - Update,24,16.49638889
,220610,Stack Overflow,New Renewal Tab in CSM Mode,"Hello, 

We will need a new forecasting tab in CSM Mode for Stack Overflow's renewals, as CSMs own all the renewal opportunities. It looks like we can only create new tabs in forecast config in opportunity mode so hoping we can create this tab in CSM mode.

I'm linking to the sheet below where you can find the filters needed and the renewal fields on the second tab. Please let me know if you have any questions

https://docs.google.com/spreadsheets/d/1KNtGX4ZRp6e9CtUakBM28lAx3zEwW3vq/edit?gid=2038185299#gid=2038185299

Thank you!","Created a Renewals tab

made the 'Forecast Renewal Amount' and 'Forecast Upside Amount' columns to read-only.
removed the  'Churn Amount - To Be Deleted' column from the 'Renewals - WIP' tab.",Low,Matthew Mcginley,Matthew Mcginley,"4/17/2025, 4:42 PM",21,Configuration,Forecast - Update,510,241.2922222
,220675,Cohesity,"Add Closed, Inforecast Commit and Inforecast Strong Upside Columns on Veritas Sales ACV tab","Add Closed, Inforecast Commit and Inforecast Strong Upside Columns on Veritas Sales ACV tab.

I'm available for a call anytime between 8am to 10 PM CST",made the same changes in production as in the sandbox.,Low,Chris Hughes,Uday Bodduna,"4/18/2025, 1:04 PM",24,Configuration,Forecast - Update,566,245.5313889
,220690,Twist Bioscience,Field updates,"Hi Team,

Please see the changes requested in the attached document. To avoid disrupting our forecasting submission process next week, would it be possible to schedule time next Thursday 4/24 or Friday 4/25 to perform these updates live on a call? I'm in the PST time zone.

Thank you,
Sam","updated the aggregation in the Orders Forecast tab from Opportunity.Amount to Opportunity.Amount_USD__c,
and in the Revenue Forecast tab from Revenue Amount & SH to Revenue Amount & SH USD, as requested.",Low,Jason Parawan,Sam Ajram,"4/18/2025, 4:05 PM",11,Configuration,Forecast - Update,251,98.58138889
,220713,Elastic,Forecast config - Aggregation field not available in Production,"Hi Team,
We are adding new tab in our forecast view (MY : Multi Year) in Production. (we had this tested in Sandbox and would need the same in Production). We need to aggregate the vales in this tab based on the field (Opportunity_MY__c) which is available on opportunity splits.
Can you guide us on how to get the field added as aggregation field under forecast configuration.","enabled the opportunitysplit.opportunity_my__c field in Clari, and it is now available on the Opportunity Splits object. ",Low,Lizzie Rupp,Rajesh Narayanaswamy,"4/21/2025, 2:38 AM",8,Configuration,Field Config - Update,192,96.05305556
,220731,Conga Corporation,Need help with advance filters in Clari,We got a new requirement to build partner view in Clari and it requires to build advanced filters. Can you please schedule a call with me so I can explain and we can build advanced filters for it?,-,Low,Ari Henck,Harika Sreedhar,"4/21/2025, 7:17 AM",15,Configuration,Forecast - Update,375,186.7133333
,220759,Stack Overflow,Renewals Tab,"Hi Support.

I hope you had a nice weekend.

I'm working with our CSM to configure a new tab. We submitted the configuration file to your team last Thursday, 4/17, case # 00220610. Can you provide a status update and tag me in the case?

Thanks,",NA,Low,Matthew Mcginley,Nick Danalis,"4/21/2025, 9:34 AM",0,Configuration,Forecast - Update,13,8.423333333
,220803,Tungsten Automation,Modify formula in Pipeline Council tab,"Hello,
Can you please modify the formula of the Goal Coverage field in the Pipeline Council tab to be Pipeline Target / Corporate Budget?
See attached file for example an screen shot",We have modified  the formula of the Goal Coverage field in the Pipeline Council tab to be Pipeline Target / Corporate Budget as requested,P3,Caitlin Stone,Tamim Aziz,"4/21/2025, 12:44 PM",4,Configuration,Forecast - Update,87,54.7725
,220865,Hewlett Packard Enterprise,Removal of API Tab from Forecast module,"Please remove API tab from Forecast module. Also, before removal can you please confirm if there any other functionalities in API which ROF does not have and enable them in ROF. Please refer attached mail
Please loop Stephanie Ervin <servin@clari.com> and Thompson, Beth <beth.thompson@hpe.com>.","I’ve reviewed both the API and ROF tabs, and confirmed that the ROF tab contains all the columns that were present in the API tab.
As requested, I’ve removed the API Expert tab.",Low,Stephanie Ervin,Nagaraj S,"4/22/2025, 6:04 AM",1,Configuration,Forecast - Update,19,11.92583333
,220925,Mirantis,NAO - Rep tab,"Currently, the customer is using ""Rep"" mode in this tab. Please update it to opportunity mode. Please let us know if you have any questions",Changed the mode from 'Rep' to 'Opportunity' for all the columns in the 'NAO - Rep' tab.,Low,Christopher Williams,Janhavi Wagle,"4/22/2025, 9:25 AM",1,Configuration,Field Config - Update,34,24.57777778
,220946,Fivetran Inc.,Forecast Changes,"Customer asking for assistance:

Goal: Eventually removing the New business and Existing business tabs and putting into 1 - Total tab. 

To recap:
1) copy ""Total Incremental Bookings - Read Only"" and name it ""QA Total Test""
2) Follow the excel sheet for adding in new columns and for condensing existing columns (most likely, upside, commit) to nly show totals.
3) add in a monthly view and columns similar to how it's done in ""New business incremental bookings""
4) reach out to customers for their review and confirmation.
5) Eventually once the customer approve this new tab, the current ""total incremental bookings"", ""New incremental bookings"" , ""existing incremental bookings"" will go away

The customer will then review this new QA tab and will let us know when we can remove the current tabs.

The client contacts are: sean.newell@fivetran.com; elias.tannoury@fivetran.com; mackenzie.iemma@fivetran.com; and caitlin.schneider@fivetran.com","created a new tab, 'QA Total Test', which is a copy of the 'Total Incremental Bookings - Read Only' tab. 
Added the 'Pipe Coverage vs Gap To Target' and 'Pipe Coverage vs Gap To Most Likely' calculated columns for both monthly and quarterly durations in ",Low,Andrew Seymour,Andrew Seymour,"4/22/2025, 10:37 AM",24,Configuration,Forecast - Update,576,287.6122222
,220961,"Imperva, Inc.",Filters/Changes to Pipeline Activity Tab,"Hello - can you please make the following changes to the Pipeline Activity Forecast tab?

1. Add filter to all columns to only show deals with Close Date on or after 1/1/2025. This is needed because we did a major data migration as part of an SFDC instance merge, so many opportunities we Created this year as part of the migration of historical data, but close dates are in the past.
2. Change the YTD Partner Created column label to YTD Deal Registration
3. On the YTD Partner Created column, remove the filter for Partner Created = Partner and replace with a new filter for Deal Registration = TRUE",removed the filter  Partner Created = Partner and replace with Deal Registration = TRUE in the YTD Deal Registration column.,P3,Lizzie Rupp,Julia Galletto,"4/22/2025, 12:04 PM",7,Configuration,Forecast - Update,159,70.65972222
,220972,Tealium,New Forecast Tab - CSM Annual Plan,"Hi, I want to create a new forecast tab. This will be a duplicate of the current tab called 'Annual Plan', but instead of using Opportunity mode, I want to use the CSM mode. I tried to build this out myself in Clari Studio, but it's only giving me Quarterly or Monthly options for the time period, and this tab will be a Year view. Can you help me build out the tab and I can adjust the columns/filters myself? Details are below:

Tab Name: CSM Annual Plan
Mode: CSM Mode
Time Period: Year
Columns: 1 Quota column and 3 Read Only columns (Same columns as the Annual Plan tab, but this excludes the New Logo, Expansion, Pilot, and Pre-Sales Bookings columns)
1. Quota (same filters as the current Annual Plan tab)
2. Contract Churn (same filters as the current Annual Plan tab)
3. Downsell (same filters as the current Annual Plan tab)
4. Eligible Revenue (same filters as the current Annual Plan tab)

Please let me know if you need anything else from me.","created the new CSM Annual Plan tab, configured in CSM Mode. ",Low,Amanda DeLuise,Ruth Manuel,"4/22/2025, 12:38 PM",1,Configuration,Forecast - Update,32,21.35444444
,220989,Canto,Forecast Tab is Not Showing Deals,"Hi Support, 

Our Forecast tab, PIM Upsell, is not reflecting all of the deals that we have in that record type. Can you please take a look?

The deals should be shown by the field Account Manager and the columns are pulling based on Record Type ID' is “012Sc000003oIzJIAU"". Please see attached requirements when building the tab. I have also shown a Salesforce report reflecting deals on that record type.",Megan Jacobson raised another case 00221924 with the same queries,Low,Pooled CSM,Megan Jacobson,"4/22/2025, 2:10 PM",8,Configuration,Forecast - Update,182,85.73805556
,221000,"Smartsheet, Inc.",Forecast YoY % - incorrect formula,"Hi Team,

Can you update the quarterly Forecast YoY % as it has the incorrect formula. I believe it should be =(forecast - gross bookings LY)/Gross bookings LY , but correct me if I'm wrong. The monthly calc seems to be correct.

Thanks","We have updated the formula for the  quarterly Forecast YoY % calculation column under the ""Gross Bookings"" tab as requested",Low,Stephanie Ervin,Gareth Collier,"4/22/2025, 3:55 PM",3,Configuration,Forecast - Update,74,49.79472222
,221006,Barracuda,Barracuda | Ingest SFDC Activities,"Continuation of 00218620. We have a meeting on Wednesday, April 23rd at 9:00 AM PST that we would like a member of our build/change team to join.",We have created the new signal as discussed on the call yesterday,Low,Chris Hughes,Chris Hughes,"4/22/2025, 5:04 PM",3,Configuration,Activity Migration,73,48.66194444
,221067,SecurID,Clari Forecast Tabs,"Hi,
We need to add a filter on the below forecast tabs. The filter will be CPQ Only=Not Checked. 

Total Forecast FY26
SecurID FY26
ID Plus FY26
G&L FY26",NA,Low,Amanda DeLuise,Cristina Lawler,"4/23/2025, 8:05 AM",5,Configuration,Forecast - Update,133,57.915
,221072,Harver,Whitelist & Create First User - Harver,"This new logo account has just signed. Please check Subscription Start Date ""April 23, 2025"" and if within 2 weeks of todays date, proceed with whitelisting the account domain, update Clari org ID field under Clari Adoption snapshot in SFDC, and confirm whether they have already been added based on POC. If Subscription Start Date is greater than 2 weeks, then update the Requested Completion date to 2 weeks prior to Subscription Start Date. New logo account website for domain is ""harver.com""",We have whitelisted the domain provided and created first user as requested,Low,Pooled CSM,Dawn Perkins,"4/23/2025, 8:29 AM",2,Configuration,Other,57,41.22416667
,221086,Lusha Systems Ltd.,New field creation and reorder,"We created a new Salesforce field called 'Decision Process - Notes' (opportunity.decision_process_notes__c) that should replace our old 'Decision Process' field (opportunity.decision_process__c, long text vs regular text field). (Land Mode)
We sync it to the opportunity grid and we reorder it to be in the same place where the old Decision Process field was.
What we noticed is that for saved views, people are still seeing their old configuration with the old field (we didn't delete it yet) instead of seeing the new order we created.
Is there a way to replace the field on all existing lists and not doing it manually?",updated the new field 'Decision Process - Notes' (opportunity.decision_process_notes__c) in all the saved views.,Low,Rohit Agarwal,Daniel Hakmon,"4/23/2025, 9:19 AM",12,Configuration,Forecast - Update,300,136.6827778
,221106,Temenos Headquarters S.A.,Replace Legacy Fields,"Hi - We are currently working on ramping down and removing some legacy fields in our SFDC instance. Some of these were previously set up in Clari and used for aggregations, filters, and groups. I need help getting them replaced anywhere they are used in Clari that would prevent us from removing them from Clari.

The attached file has the list. These are all on the opportunity object. Columns A and B show the label and API name of the fields we need replaced. Columns C and D show the label and API name of the field each should be replaced with. Can you please use this mapping to update for us anywhere the old ones are in use? Let me know if any questions. Thank you!","replaced all 11 old fields with the new ones in the forecast and saved views, as requested",Low,Toni Pang,Bobby Buit,"4/23/2025, 10:02 AM",6,Configuration,Forecast - Update,138,57.89833333
,221392,Paytronix Systems,Whitelist & Create First User - Paytronix Systems,"This new logo account has just signed. Please check Subscription Start Date ""May 1, 2025"" and if within 2 weeks of todays date, proceed with whitelisting the account domain, update Clari org ID field under Clari Adoption snapshot in SFDC, and confirm whether they have already been added based on POC. If Subscription Start Date is greater than 2 weeks, then update the Requested Completion date to 2 weeks prior to Subscription Start Date. New logo account website for domain is ""www.paytronix.com""",We have whitelisted the domain provided and created first user as requested .Please find the below screenshot,Low,Toni Pang,Kamil Mojzesz,"4/24/2025, 8:54 AM",1,Configuration,Other,33,24.80638889
,221419,SECURITI,Whitelist & Create First User - SECURITI,"This new logo account has just signed. Please check Subscription Start Date ""April 25, 2025"" and if within 2 weeks of todays date, proceed with whitelisting the account domain, update Clari org ID field under Clari Adoption snapshot in SFDC, and confirm whether they have already been added based on POC. If Subscription Start Date is greater than 2 weeks, then update the Requested Completion date to 2 weeks prior to Subscription Start Date. New logo account website for domain is ""www.securiti.ai""","Hi @Kamil Mojzesz? 

We have whitelisted the domain provided and created first user as requested .Please find the below screenshot",Low,Pooled CSM,Kamil Mojzesz,"4/24/2025, 10:34 AM",1,Configuration,Other,31,23.12944444
,221432,"Hyland Software, Inc.",Hyland | Total Software ACV,"Automatically sum the “Call” values (pipeline coverage figures) from the Sub & SaaS ACV and Perpetual ACV tabs into the Call column on the Total Software ACV tab.

Current Setup

Sub & SaaS ACV » Call shows coverage (e.g. $16,119,240 for Steve Baird).

Perpetual ACV » Call shows coverage (e.g. $2,550,002 for Steve Baird).

Total Software ACV » Call is entered manually and doesn’t currently sum the two.

In Total Software ACV, replace the manual Call entries with a formula or query that adds:

[Sub & SaaS ACV].[Call] + [Perpetual ACV].[Call]

Verify that the combined call figure drives any downstream coverage metrics correctly.","Previously, the Call column in the Total Software ACV tab was configured to sum the monthly Call columns within the same tab.

I’ve now updated the configuration so that it sums the Call column values from the Sub & SaaS ACV and Perpetual ACV tabs inste",Low,Chris Hughes,Chris Hughes,"4/24/2025, 11:39 AM",10,Configuration,Forecast - Update,247,102.3491667
,221480,Cisco Security & Collaboration (S&C),Create new ACVForecast tab,Can you please create a forecast tab that is an exact copy of the 'Forecast' Tab but change the amount field to Amount (ACV) (ACV_c),"created a new tab named 'ACV Forecast', which is an exact copy of the existing 'Forecast' tab and have changed the amount field to 'opportunity.acv__c' (Amount (ACV)).",P3,Matthew Colangelo,Bryce Keller,"4/24/2025, 11:18 PM",7,Configuration,Forecast - Update,148,65.75638889
,221486,Oligo Security,Whitelist & Create First User - Oligo Security,"This new logo account has just signed. Please check Subscription Start Date ""May 5, 2025"" and if within 2 weeks of todays date, proceed with whitelisting the account domain, update Clari org ID field under Clari Adoption snapshot in SFDC, and confirm whether they have already been added based on POC. If Subscription Start Date is greater than 2 weeks, then update the Requested Completion date to 2 weeks prior to Subscription Start Date. New logo account website for domain is ""oligosecurity.io""",We have whitelisted the domain provided and created the first user as requested .,Low,Pooled CSM,Kamil Mojzesz,"4/25/2025, 12:49 AM",7,Configuration,Other,189,96
,221588,Worksoft,Forecast Changes,"Please add a calculated column to the Forecast tabs: ""New Logo Bookings"" and ""Upsell Bookings""
-""Win Rate"" = Closed / ( Closed+ Lost Total)
-""Avg Value"" = Closed / Closed Deal Count

Please delete the column from the Forecast Tab: ""Pipeline Generation""
-""# Pipeline Gen"" (this field is duplicative of ""Total Pipeline Gen"" because you are not able to display a number)","looks like the 'Win Rate' and 'Avg Value' calculated columns were already configured under the 'New Logo Bookings' and 'Upsell Bookings' tabs earlier, using the same formula as you mentioned.

 Changed the format of the 'Win Rate' column to 'Multiplier'",Low,Pooled CSM,Renee Daugherty,"4/25/2025, 12:54 PM",10,Configuration,Forecast - Update,228,85.0875
,221589,Meraki LLC,"Add ""IOT Amount = 0"" filter option to IOT Amount field","Hi team, I would like to add ""IOT Amount = 0"" as a filter option under the IOT Amount field but I don't have the ability to do so in Field Configuration. Can you please assist?","added ""IOT Amount = 0"" as a filter option under the IOT Amount field. ",P3,Matthew Colangelo,Maya Graue,"4/25/2025, 1:05 PM",10,Configuration,Field Config - Update,246,100.9030556
,221599,Tealium,Add Column - Retention Forecast,"This case is to request a new column called ""Churn $"" in the Management - Retention Forecast tab with the following calculation:

(Eligible Revenue - Gross Revenue Retained) = Churn $",Created the calculated column 'Churn $' in the 'Retention Forecast' tab.,P3,Amanda DeLuise,Lia Stahl,"4/25/2025, 3:27 PM",3,Configuration,Forecast - Update,77,18.54777778
,221634,Absolute Software Corporation,Disable inaccessible Field,"Red banner shows that field ""opportunity.opportunity_arr_grossed__c"" is inaccessible. Please remove/delete as field is no longer used.",n/a,Low,Jason Parawan,Jason Parawan,"4/28/2025, 1:42 AM",4,Configuration,Saved View - Update,117,80
,221633,Greenhouse Software,Forecast tab calculation columns add and column removal,"In. their ""DNBE Summary WIP"" tab, please perform the following:

1) Remove ""Readonly1"" column as this can't be deleted in Forecast Configuration

2) Add a calculation column labeled as ""Total AM Forecast"" where Total AM Forecast=[Total Expansion + Total Contraction + Total Churn]

3) Add a calculation column labeled as ""Total AM Forecast Upside"" where Total AM Forecast Upside=[Total Expansion Upside + Total Contraction Upside + Total Churn Upside]

4) Add a percentage calculation column labeled as ""Net Retention %"" where Net Retention %= [(Total AM Forecast + Up For Renewal) / Up  For Renewal]

5) Add a percentage calculation column labeled as ""Gross Retention %"" where Gross Retention %=[(Up For Renewal + Total Churn + Total Contraction) / Up For Renewal]",We have updated all the changes as requested,Low,Jason Parawan,Jason Parawan,"4/28/2025, 1:14 AM",4,Configuration,Forecast - Update,117,80
,221644,Logpoint,Forecast view,"Hi Clari,

I cannot get ""Best Case Churn"" and ""Worst Case Churn"" to add up in our forecast view - tab ""renewals"". And this is quote urgent.

I have been trying to make the query right, but I simply cannot get it to work. Can you please help.

Best Case and Worst case churn needs to be a function of which ""risk status"" the deals have.

Please see the overview of risk status and churn risk in the attached.

I hope you can help. If you have any problems just reach out.","updated the filter conditions for the ""Best Case Churn"" and ""Worst Case Churn"" columns in the ""Renewals"" tab. ",Low,Rohit Agarwal,Uffe Damtoft Pedersen,"4/28/2025, 5:31 AM",1,Configuration,Forecast - Update,21,13.115
,221654,Elsevier Limited,remove column from forecasting,"Remove the SSRN columns from the Research Workflow Solutions recurring and one-off tabs, both in the grid ande expanded grid","Removed the SSRN columns from both the monthly and quarterly sections in the 'Research Workflow Solutions – Renewal Recurring' and 'Research Workflow Solutions – NB One Off' tabs.
also removed the SSRN columns from both the monthly and quarterly sections",P3,Toni Pang,Graham Knight,"4/28/2025, 7:14 AM",2,Configuration,Forecast - Update,46,30.35722222
,221669,"Alteryx, Inc.",Add incremental upside tab on NB+NBEC forecast tab,"Hi, please add similar incremental upside column  available in ACV Overall Tab in NB+NBEC forecast? Can the logic from the upside col on the ACV Overall tab be replicated on the NB+NBEC Forecast tab please? And also need to be able to see prior week forecast actuals in clari, implementation of week on the NB+NBEC ACV tab and ECUR ACV tab are showing this week + next week but is missing prior week actuals.

Is there any KB article on tab/column creation in clari that Admin can check? if so please share. Thanks!","added the Incremental Upside column in the 'ACV NB + NBEC' tab, which is similar to the Incremental Upside column in the 'ACV Overall' tab.",Low,Marina Addonizio,Richa B,"4/28/2025, 8:01 AM",15,Configuration,Forecast - Update,373,185.9711111
,221725,"Asana, Inc",Please delete my sucky quota column,"Hi friends!  In the forecast tab 'AI Studio v2' I have a quota column, cleverly named ""IGNORE THIS QUOTA COLUMN.""  Would you please delete it?  The UI won't let me; I assume that some fundamental aspect of it needs to be transferred in the backend to the quota column ""Quota.""

Thanks!","We have removed the  ""IGNORE THIS QUOTA COLUMN."" form the tab 'AI Studio v2' as requested",Low,Lizzie Rupp,Hans Hoffer,"4/28/2025, 11:23 AM",4,Configuration,Forecast - Update,107,70.60472222
,221747,"Asana, Inc",Struggling to figure out the forecast queries for opp products,"I'm trying to build a forecast column, using Opportunity Product mode, that shows certain products related to closed won opps.  For example, the column I'm currently beating my head against would roll up opps where:
• Deal Status = Closed Won
• Product Name IN [AI Studio Plus - Annual, AI Studio Pro - Annual, AI Studio Pro - Quarterly]
• Owned by me
• Current Quarter

I've clearly messed up the config somewhere, possibly in field config, and am not sure how to progress.  What am I missing?  Couple of screen shots attached for reference.","Product Id' is a reference field, and reference fields cannot be used in filters. So, we use a proxy field (Product Name) of type 'String', which is similar to the reference field. We create filter values for this string field and use it in the formula fi",Low,Lizzie Rupp,Hans Hoffer,"4/28/2025, 1:18 PM",1,Configuration,Forecast - Update,34,20.68694444
,221772,Nutanix,Add ons> Opportunity Type> True Forward Consumption,"We recently introduced a new value under Opportunity ‘Type’ = True Forward Consumption.  We would like to add for any forecast or view where there is an existing Type filter where if Type is filtering for New Business or Existing Business, to include value of True Forward Consumption = TRUE.","added the Opportunity Type = ""True Forward Overage"" filter value to any forecast that already had a Type filter applied for New Business or Existing Business. ",Low,Cortney Fickey,Sergio Herrera,"4/28/2025, 5:21 PM",6,Configuration,Forecast - Update,146,64.64305556
,221924,Canto,Update forecasting columns for tab PIM Upsell,"Hi support, 

Please update all columns in the tab to reflect the scope of Account Manager field and not owned by me. We need the data to match the rows, which is based on the account manager field and not the opportunity owner. 

Let me know if you have any questions.","created the Account Manager mode with the owner field set to Opportunity.Account_Manager__r.

This mode is now applied to the configuration of all columns in the PIM Upsell tab.",P3,Pooled CSM,Megan Jacobson,"4/29/2025, 10:08 AM",7,Configuration,Forecast - Update,178,87.86027778
,221956,Zuora,Forecast Config,"Hi Team,

We'd like to create 3 calculation columns in the ""Churn - do not use"" tab. Below are the column names along with the calculation.

1. Best Case:  ACV+Hedge
2. Frcst. Renewal Rate %: Available to Renew + Churn Flash  / Available to Renew
3. Frcst. Effective Renewal Rate %: Available to Renew w/ early renewal + Churn Flash  / Up for Available to Renew w/ early renewal","created the 'Best Case', 'Forecast Renewal Rate %', and 'Forecast Effective Renewal Rate %' calculation columns in the ""Churn - Do Not Use"" tab.",Low,Nico Alvarez,Nico Alvarez,"4/29/2025, 12:11 PM",7,Configuration,Forecast - Update,159,70.68638889
,221968,Blackbaud,Advanced formula in a saved view,"Hi team,

Can we please enable advanced filtering for Blackbaud and create this saved view for them (same as their ""CQ: Commit Deals"" but with ""OR Key Best Case Deal=checked"".

You can name that view ""CQ: Commit and Key BC Deals""

Screenshot attached as well. 

Thank you!","I’ve enabled Advanced Filtering for Blackbaud and created a new saved view titled ""CQ: Commit and Key BC Deals.""",Low,Lyuda Rogers,Lyuda Rogers,"4/29/2025, 12:43 PM",5,Configuration,Saved View - Update,116,53.27277778
,221975,Smith Entertainment Group,Whitelist & Create First User - Smith Entertainment Group,"This new logo account has just signed. Please check Subscription Start Date ""April 25, 2025"" and if within 2 weeks of todays date, proceed with whitelisting the account domain, update Clari org ID field under Clari Adoption snapshot in SFDC, and confirm whether they have already been added based on POC. If Subscription Start Date is greater than 2 weeks, then update the Requested Completion date to 2 weeks prior to Subscription Start Date. New logo account website for domain is ""n/a""",We observed that the domain is already whitelisted and the user is already created,Low,Pooled CSM,Kamil Mojzesz,"4/29/2025, 1:18 PM",7,Configuration,Other,177,84.69916667
,222011,"Celigo, Inc.",Pipeline Coverage formula update,"Hello,

For the forecasting module - Net New ACV,  we would like to update the Pipeline Coverage multiplier formula on 'Total Pipeline' to take as Coverage / (Quota - Closed) per the attached screenshot. I am unable to do it on the Clari Studio. 

Could you please update the Pipeline Coverage multiplier on 'Total Pipeline' for Quarter as well as for Month? Let me know if any questions. 

Thanks,
Shivani Gortekar
Sales Operations
Celigo Inc.","updated the Pipeline Coverage Multiplier formula for Total Pipeline to use the calculation:
Coverage / (Quota - Closed).
However, I wasn’t able to apply this change to the monthly column, as there’s no monthly quota available. ",Low,Sarah Fagan,Shivani Gortekar,"4/29/2025, 4:28 PM",6,Configuration,Forecast - Update,147,65.51888889
,222045,Logpoint,Help adjusting Forecast,"Hi Clari,

Clari Forecasting Enhancement Request: Automate Pledge and Best Case Columns Based on RSM & RD Forecast Fields

Objective:
Automate the calculation of values shown in the “Pledge” and “Best Case” columns in Clari by using the existing Salesforce fields RSM Forecast and RD Forecast. The amounts should be sourced from the appropriate Salesforce fields depending on the forecast tab:
New Business forecast tab ? use New / Up Sale & Growth
Renewals forecast tab ? use Renewal & Retention

Requirements:
Forecast Classification & Value Logic
For each opportunity:
If RSM Forecast = Pledge or RD Forecast = Pledge ? include the opportunity and value in the “Pledge” column
Else if RSM Forecast = Best Case or RD Forecast = Best Case ? include the opportunity and value in the “Best Case” column
Else ? do not include in either forecast column

Use the following fields to determine the value to include:
On the New Business forecast tab ? use the New / Up Sale & Growth field
On the Renewals f","Updated the formulas for the Pledge and Best Case columns in the 'New Business' and 'Renewals' forecast tabs, as highlighted in the attached sheet.

removed all users who had access to the 'Subscription (Old)', 'Consumption (Old)', and 'Total' tabs.",Low,Rohit Agarwal,Uffe Damtoft Pedersen,"4/30/2025, 6:05 AM",6,Configuration,Forecast - Update,159,75.90944444
,222089,LiveRamp,Forecasting: Remove Column,"Hi Team - 

Within the US_Insights Pipe Creation tab, please delete the column labeled ""Remove"". As a user, I should be able to delete this on my side without filing a ticket. 

Thank you,
Drew","can be achieve by Self-Serve Forecast Config by customer.
removed the 'Remove' Quota column from the 'US_Insights Pipe Creation' tab",Low,Nico Alvarez,Drew Esterberg,"4/30/2025, 8:36 AM",4,Configuration,Forecast - Update,96,41.385
,222084,Quantexa Ltd,Whitelist & Create First User - Quantexa Ltd,"This new logo account has just signed. Please check Subscription Start Date ""May 5, 2025"" and if within 2 weeks of todays date, proceed with whitelisting the account domain, update Clari org ID field under Clari Adoption snapshot in SFDC, and confirm whether they have already been added based on POC. If Subscription Start Date is greater than 2 weeks, then update the Requested Completion date to 2 weeks prior to Subscription Start Date. New logo account website for domain is ""https://www.quantexa.com/""",We have whitelisted the domain provided and created the first user as requested,Low, ,Dawn Perkins,"4/30/2025, 8:20 AM",6,Configuration,Other,158,73.66166667
,222152,Worksoft,Forecasts showing as Incomplete,Total Bookings forecast tab is showing as incomplete.  I believe this is because it is now looking at the monthly numbers instead of the quarterly totals?  We have never used nor do we want to use the monthly totals.,"I’ve removed the ‘Call’ monthly columns from the Clari ""Total Bookings"" forecast tab,
and updated the quarterly ‘Call’ column so that it is no longer composite.",Low,Pooled CSM,Renee Daugherty,"4/30/2025, 1:20 PM",8,Configuration,Forecast - Update,198,100.6555556
,222162,Pathlock,Whitelist & Create First User - Pathlock,"This new logo account has just signed. Please check Subscription Start Date ""April 30, 2025"" and if within 2 weeks of todays date, proceed with whitelisting the account domain, update Clari org ID field under Clari Adoption snapshot in SFDC, and confirm whether they have already been added based on POC. If Subscription Start Date is greater than 2 weeks, then update the Requested Completion date to 2 weeks prior to Subscription Start Date. New logo account website for domain is ""www.pathlock.com""","Hi @Dawn Perkins? 

We have whitelisted the domain provided and created the first user as requested",Low,Pooled CSM,Kamil Mojzesz,"4/30/2025, 2:22 PM",6,Configuration,Other,152,67.62388889
,222171,Proofpoint,Whitelist & Create First User - Proofpoint,"This new logo account has just signed. Please check Subscription Start Date ""March 31, 2025"" and if within 2 weeks of todays date, proceed with whitelisting the account domain, update Clari org ID field under Clari Adoption snapshot in SFDC, and confirm whether they have already been added based on POC. If Subscription Start Date is greater than 2 weeks, then update the Requested Completion date to 2 weeks prior to Subscription Start Date. New logo account website for domain is ""www.proofpoint.com""",We already have the domain whitelisted,Low, ,Dawn Perkins,"4/30/2025, 3:48 PM",6,Configuration,Other,151,66.18444444
,222175,Proofpoint,Whitelist & Create First User - Proofpoint,"This new logo account has just signed. Please check Subscription Start Date ""May 1, 2025"" and if within 2 weeks of todays date, proceed with whitelisting the account domain, update Clari org ID field under Clari Adoption snapshot in SFDC, and confirm whether they have already been added based on POC. If Subscription Start Date is greater than 2 weeks, then update the Requested Completion date to 2 weeks prior to Subscription Start Date. New logo account website for domain is ""www.proofpoint.com""",We already have the domain whitelisted,Low, ,Dawn Perkins,"4/30/2025, 4:30 PM",6,Configuration,Other,150,65.49611111
,222179,Cisco Security & Collaboration (S&C),Update Product Family Filter Options,"Hi team, can you please audit the filter options under the Product Family field and make sure it includes the attached list? Can we make sure it includes ""Contains"" in all the filter logic? Thank you!","The Product Family field now includes all the filter options as listed in the sheet you provided.
Additionally, the ""Contains"" functionality is already available when creating a new filter value. 

 updated the saved views, and the Product Family filte",P3,Matthew Colangelo,Maya Graue,"4/30/2025, 4:48 PM",8,Configuration,Field Config - Update,194,97.18361111
,222174,"Zimperium, Inc.",Null Filter Option,"Hi Clari Team,

We have a date field entitled ""License Start Date"" (opportunity.license_start_date__c) & sometimes this will have a null value in SFDC. Can you please add a value to the filter that captures these null values and call it ""Null or Not Assigned""?

Please let me know if you need further information.

Best,
Dan","created the ""Value Not Assigned"" filter for the License Start Date field (opportunity.license_start_date__c) to capture records with null values.",Low,Elizabeth Stoughton,Dan Leech,"4/30/2025, 4:19 PM",7,Configuration,Field Config - Update,173,81.68111111
,222182,Chainalysis,SW Forecast  (Total) Renewals Exports,"We recently deactivated many users in Clari but need to get the historic data exported from their Forecast submissions (For both Fiscal Q1 and Fiscal Q2 data) on both the ""SW Forecast"" and ""(Total) Renewals"" Tabs. Are you able to help us with that? When we export on our own only current users are shown.","Requested the access for the spreedsheetWe have updated the spreadsheet with the user names instead of id's as requested 
Please find the below spreadsheet for the Forecast and Quota entries for the ""SW Forecast"" and ""(Total) Renewals"" Tabs as requested",Low,Andrew Seymour,Maxwell Davison,"4/30/2025, 5:22 PM",16,Configuration,Other,385,192.6305556
,222184,Redis,Whitelist & Create First User - Redis,"This new logo account has just signed. Please check Subscription Start Date ""April 30, 2025"" and if within 2 weeks of todays date, proceed with whitelisting the account domain, update Clari org ID field under Clari Adoption snapshot in SFDC, and confirm whether they have already been added based on POC. If Subscription Start Date is greater than 2 weeks, then update the Requested Completion date to 2 weeks prior to Subscription Start Date. New logo account website for domain is ""www.redis.io""",We have whitelisted the domain and created the first user,Low, ,Dawn Perkins,"4/30/2025, 5:25 PM",9,Configuration,Other,217,112.5766667
,222181,Redis,Whitelist & Create First User - Redis,"This new logo account has just signed. Please check Subscription Start Date ""February 6, 2025"" and if within 2 weeks of todays date, proceed with whitelisting the account domain, update Clari org ID field under Clari Adoption snapshot in SFDC, and confirm whether they have already been added based on POC. If Subscription Start Date is greater than 2 weeks, then update the Requested Completion date to 2 weeks prior to Subscription Start Date. New logo account website for domain is ""www.redis.io""",this case is a duplicate of the case -00222184,Low, ,Dawn Perkins,"4/30/2025, 5:17 PM",7,Configuration,Other,155,66.59333333
,222202,"nCino OpCo, Inc. (“nCino”)",Clari Forecasting - YTD Closed,"Good Morning! I would like to adjust the closed filters for the YTD Forecast tab. They should match the same filters as the Total Forecast - Gross tab other than the date should reflect ""This Year"". Please let me know if someone can assist with this. Thanks!",-,Low,Jason Parawan,Zen Rosen,"5/1/2025, 5:48 AM",5,Configuration,Forecast - Update,121,48.63388889
,222280,MasterControl,Products Mode,"I'm looking to enable Products Mode to do forecast based on a specific ""solution category"" which is a field we have enabled in Salesforce.",na,Low,Elizabeth Stoughton,Michael Burgoyne,"5/1/2025, 12:22 PM",4,Configuration,Field Config - Update,105,37.61888889
,222290,"ConnectWise, LLC",Forecasting Filter Query,"Hello, 
I am hoping to update 3 of our forecasting tabs to exclude certain opportunities.
On the ""Digital Forecast"" tab, I would like to exclude opportunities where Name = ""Screenconnect Cloud Purchase""
On the ""Growth Forecast"" tab, I would like to exclude opportunities where Name CONTAINS ""R1Soft Overages""
On the ""Summary"" tab, I would like to exclude both of these opportunities. 

I was not able to find opp name as a field to enter to the closed won query and not sure how to use contains/in logic - is this something that is possible and you are able to assist with?",We observed that their is no filter values preset under the opportunity.name filter please Create the filter values and then try adding it as a filter under the forecast config,Low,Nico Alvarez,Daniel Kabakov,"5/1/2025, 1:03 PM",8,Configuration,Forecast - Update,197,100.9447222
,222305,Netskope,Netskope | Fix Summary Tab Calculation,"On May 6th, please ensure that the Total Closed column in Summary is the sum of Closed Renewals column in the Renewal tab and the Closed Recurring New ACV + HW on the New Recurring ACV + HW tab. 

So Summary, Total Closed = ""Closed Recurring New ACV + HW"" + ""Closed Renewals""

This should be done for both the Year and Quarter values on the Summary tab.

In addition, can we rename the New Recurring ACV + HW to New and hide the NEW WIP tab.",n/a,Low,Chris Hughes,Chris Hughes,"5/1/2025, 2:45 PM",19,Configuration,Forecast - Update,442,195.2366667
,222320,BNamericas,Calculation field for 2025 NRR Renewals Tab,"Hello could we have a calculation field added to both the quarter and month columns for the 2025 NRR Renewals tab.

At a Q level and a Month Level
Column position = To the right of ""Price Change"" Column
Column Name = NRR
Calculation = (Total Renewed + (PPC Total+NPC Total))/Total Portfolio",created a calculation column 'NRR' for both monthly and quarterly duration in the '2025 NRR Renewals' tab.,Low,Matthew Mcginley,Matthew Mcginley,"5/1/2025, 5:47 PM",6,Configuration,Forecast - Update,128,48.21083333
,222315,"AlphaSense, Inc.",Forecast Config Update,"In the Enterprise Intelligence tab can you please:
- Change all the queries in ""Quarterly Quota"" and remove ""Renewal"" from the opportunity type. KEEP UPSELL AT RENEWAL
- Change all the queries in ""Monthly Quota"" and remove ""Renewal"" from the opportunity type.  KEEP UPSELL AT RENEWAL","removed the 'Renewal' filter value from the ""Quarterly Quota"" and ""Monthly Quota"" columns in the 'Enterprise Intelligence' tab.",Low,Andrew Pohlen,Cody Babcock,"5/1/2025, 4:43 PM",11,Configuration,Forecast - Update,257,104.5125
,222360,Nutanix,Filter Views> Opportunity Type> True Forward Consumption,"Hi team, this is related to the case 00221772>

Please update all the saved views to include the ""True Forward Overage"" filter value for the Opportunity Type field.

Thank you","All saved views that used the Opportunity Type field have now been updated to include the ""True Forward Overage"" filter value.",Low,Cortney Fickey,Sergio Herrera,"5/2/2025, 7:49 AM",3,Configuration,Saved View - Update,84,26.18222222
,222387,Nozomi Networks,Update Closed Won TCV Column,"Hi team, can you please fix the Close Won TCV column in the Forecasting tab, referencing previous ticket 00219794. The filters need to be changed so it's not double counting the split opps","updated the Closed Won TCV column of Forecast tab with  following filter condition:

 

AND 'Split Label' is ""Total Bookings TCV""",Low,Sarah Fagan,Sarah Fagan,"5/2/2025, 10:13 AM",11,Configuration,Forecast - Update,275,119.7802778
,222417,"Sumo Logic, Inc.",Formula Update for Forecast Column,"Hi Clari Support,

Under the ""Renewal (CSM)"" and ""Renewals (Sales)"" forecast tabs, there are columns labeled ""Worst Case"" and ""Worst Case %"". Could you please help me update the formula for these columns? Please see below. Thanks!

Worst Case: Likely + Downside
Worst Case %: ( Likely + Downside ) / Available to Renew","We have updated the formula for the ""Worst Case"" and ""Worst Case %"" under the ""Renewal (CSM)"" and ""Renewals (Sales)"" forecast tabs as requested",Low,Andrew Seymour,Hieu Huynh,"5/2/2025, 12:43 PM",3,Configuration,Forecast - Update,76,20.47361111
,222452,Domino Data Lab,Move Begining of the Forecast week from Monday to Friday,We would like to move our forest week from Monday to Friday. Please make this change.,"The request is to shift the forecast week from Monday to Friday.
For Domino Data Lab, the forecasting reset day is already configured as Thursday, meaning the forecast resets every week on Thursday at 11:59 PM (US/Pacific).",Low,Pooled CSM,Alec Davis,"5/2/2025, 6:59 PM",3,Configuration,Forecast - Update,73,16
,222490,"FourKites, Inc.",Add an option to the Forecast Module,"In the forecast module in the CLOSED column, please add Renewal + Upsell to the Opportunity Type filter.",NA,Low,Sarah Fagan,Dan Cline,"5/5/2025, 7:12 AM",1,Configuration,Forecast - Update,38,26.79166667
,222505,"Docker, Inc.",Need to change the Source Field for the Renewal Mode so it is pulling from the new field for May 6th,"Update the Owner field in Renewals Mode (ID: OPPORTUNITY_MODE)
Update Saved Views that use the Renewals Mode (id: OPPORTUNITY_MODE)
Update Forecast template using Renewals Mode that has owner field as opportunity.owner to opportunity.renewals_manager__c

To user the owner field of ""opportunity.renewals_manager__c"" 

---------
Hi Team,

We have updated how we will be tracking renewal owners on opportunities and need to update the Renewal Mode to pull from our newly created field called ""Renewals Manager"" vs the ""Opportunity Owner"" field. We need this updated for the Renewals Mode, all Renewal views, Renewal dashboards and Renewal analytics. We need to have this completed for the morning of May 6th. 

Thank you","updated the owner field of the Renewals Mode from opportunity.owner to opportunity.renewals_manager__c.

Now, all forecast columns configured with Renewals Mode use opportunity.renewals_manager__c as the owner field.
and by default the  saved views wil",Low,Ari Henck,Matt Zagers,"5/5/2025, 8:08 AM",6,Configuration,Field Config - Update,159,73.85083333
,222536,Godesic Limited (dba Cutover),Yearly Option for all forecast tabs,"Hi Team, 

I'd like the ability to have yearly quotas and the option to view all of my forecast tabs by not just each quarter but on a fiscal year basis. Our fiscal year runs from Feb1st to Jan 31st. 

Let me know if there is any other info I need to provide for this. Thanks!",I’ve added the yearly quota columns to all tabs as requested,Low,Pooled CSM,Adam Frank,"5/5/2025, 9:45 AM",4,Configuration,Forecast - Update,88,56.46305556
,222539,"Alteryx, Inc.","Add Forecasted Renewal Rate in the ""In QTR ECUR""  Tab","We need to add a new ""Forecasted Renewal Rate %"" column in the ""In QTR ECUR"" tab. This will require an updated formula at the QTR level only. Formula below:

(Pre-Closed $ + Forecast) / ATR $ = Forecasted Renewal Rate %

Please see image attached.",Created a calculated column 'Forecasted Renewal Rate %' in the 'In Q ECUR' tab.,Low,Marina Addonizio,Julia Nitchman,"5/5/2025, 9:56 AM",2,Configuration,Forecast - Update,59,40.05166667
,222608,"Acquia, Inc.","Can you please update the ""Potential MY QL"" formula","Hi - can you please update the Potential MY QL formula in the ""Admin Tab - Do Not Opt in"" tab... 
please change the first 
'In Quarter Forecast' in [""Closed Won"", ""Commit"", ""Forecast"", ""Upside"", ""Pipeline""]  to 
'In Quarter Forecast' in [""Closed Won""]
I just want to include closed won.

thank you!","Lucio Silvestri, able to do the changes by himself",Low,Ana Weller,Lucio Silvestri,"5/5/2025, 7:36 PM",1,Configuration,Forecast - Update,10,3.772777778
,222627,"FourKites, Inc.",Add Opportunity Type option,"Can you help me so any report in Clari (regardless of module) that has Win or Wins in the name or the Win option in (Pulse, Flow, Waterfall, Trend, Funnel)... I'd like this filter:

opportunity.type = New Business, Upsell, Renewal + Upsell","Updated the filter to 'opportunity.type = New Business, Upsell, Renewal + Upsell' for all reports and analytics (Pulse, Flow, Waterfall, Trend, Funnel) that have 'Win' or 'Wins' in their names.",Low,Sarah Fagan,Dan Cline,"5/6/2025, 5:13 AM",6,Configuration,Saved View - Update,143,62.60388889
,222691,"Censys, Inc.",Update Clari Forecast column,"Hi, 

I just noticed that one of our Clari Forecast columns needs to be updated. The ""Booked New Logos"" column should be a count of deals, not the dollar amount. The filters are working as expected, it just needs to count the number of deals instead of the sum of amount. Can someone please assist? This is a follow up on Case #00215417.","updated the amount field for the ""Booked New Logos"" column in the New Business [New] tab—from opportunitysplit.splitamount to Opportunity Count (Splits).",Low,Pooled CSM,Kristin Houghtaling,"5/6/2025, 10:34 AM",14,Configuration,Forecast - Update,329,152.9827778
,222701,Chainalysis,UAT Query Update broke UAT Forecasting,"Hello - I updated the ""Extended Service"" column of ""(Total) Renewals **UAT** forecast configuration, and the UAT forecast numbers are now way off.  Can you take a look?

The logic I added to the query:   AND 'Close Date' is not ""Past quarters""

Will need additional columns (Plan, Open Green, Contraction, Churn, Contraction Risk, Churn Risk) updated with similar logic","updated the formula for the 'Extended Service' column in the '(Total) Renewals - UAT' tab. It is now displaying 2.6M as expected.

 updated the filter conditions for the ""Open Green"" column in the (Total) Renewals - UAT tab, based on the Salesforce scre",Low,Andrew Seymour,Rob Eide,"5/6/2025, 11:24 AM",16,Configuration,Forecast - Update,396,198.5836111
,222727,"Cyera US, Inc",Hide POV Mode,"Hello, we have a POV mode that we don't use anymore, could someone please hide it? If we can just hide it for potential use later that would be preferred, rather than deleting it completely. If you need to delete it then that's okay as well","As requested, I’ve removed the POV Mode.",Low,Jason Parawan,Nathaniel Sintros,"5/6/2025, 1:16 PM",1,Configuration,Field Config - Update,31,20.73027778
,222744,Atlassian Pty Ltd,Requesting to add Monthly Outlooks to Total Forecast & Total Cloud tabs,"Requesting to to add Monthly Outlooks (M1, M2, M3 columns) to the Total Forecast & Total Cloud tabs: 
Total Outlook
New Outlook
Migration Outlook
Exp/Upgrade Outlook

Happy to jump on Zoom to review.","Icreated the following monthly columns in both the Total Forecast and Total Cloud tabs:

Total Outlook

New Outlook

Migration Outlook

Exp/Upgrade Outlook",Low,Chris Hughes,Daniel Kohutanycz,"5/6/2025, 6:10 PM",1,Configuration,Forecast - Update,26,16
,222746,Siteimprove,Additional 2 Forecast tab,"Hi, can we add 2 additional forecast tab based on the excel information?",created the new BDR Forecast and Marketing Forecast tabs.,Low,Caitlin Stone,Carmen Wong,"5/6/2025, 7:36 PM",16,Configuration,Forecast - Update,386,192
,222763,AppViewX,"Create formula field in ""Retention and Churn (QTD)""","Hi Team, 

Please create formula fields in ""Retention and Churn (QTD)"", 
Churn (WC) = Churn + contraction + potential risk forecast + churn risk forecast
Churn (BC)  = Churn + contraction + churn risk forecast

Best,
Vinesh","We have created the two new calculation columns under the ""Retention and Churn (QTD)"" tab as requested",Low,Jason Parawan,Vinesh Kannan,"5/7/2025, 4:35 AM",2,Configuration,Forecast - Update,62,45.41527778
,222784,Pendo,History mapping for forecast stage change,"Hi there,

Pendo has changed the name of one of their Forecast categories and we would like to ensure the history is mapped correctly. They have changed ""Floor"" to ""Commit"".

Previous Stage Name: Floor
Updated Stage Name: Commit 

Can we please update the history mapping so that the analytics modules are working properly?","customer has only changed the label from Floor to Commit.

Since Clari uses the value, not the label, this change will not impact the Analytics module.

 Also, in the UI, Clari always displays the value rather than the label.",Low,Ari Henck,Ari Henck,"5/7/2025, 7:15 AM",7,Configuration,Analytics - Update,162,74.74611111
,222799,"Vimeo.com, Inc.",Forecast Configuration Update,"Vimeo is hoping to get their ""Renewal Forecast"" to function similarly to their ""New Business Forecast"" - at month close, having the ""Closed - Call"" number equal the Actual Closed number. Please see the screenshot attached. In the example, they expect the 12,000 roll up field to equal the 6.3 actuals. Is this something we can do across the board?",NA,Low,Elizabeth Stoughton,Elizabeth Stoughton,"5/7/2025, 8:08 AM",1,Configuration,Forecast - Update,37,25.86361111
,222824,DataRobot,Custom Hiearchy Question,Hey team - DataRobot is about to build out a new Forecast Tab but want to know if there is a way to have this new tab only assigned to their SE team. How would they go about configuring this new tab to only show that team?,"Based on the existing tab user's we can provide the access for the new tab  in bulk through mongo

If you are looking to provide the access to only to a particular USER TYPE then we have to give it manually",Low,Christopher Williams,Christopher Williams,"5/7/2025, 9:42 AM",6,Configuration,Forecast - Update,153,72.29333333
,222852,"Webflow, Inc.",Forecast config question - webflow,"Hey team - Can you assist with the below question from Webflow?

""We are looking at changing our forecast category field so that it isn't tied to Stages. Is the best way to do this just to create a custom field? I'm concerned about the number of references there are in Clari to the default forecast category field.""","to decouple the Forecast Category from Stage, they can create a custom field for this purpose.



Once the custom field is created, we will need to update all saved views and forecast configurations where the original Forecast Category field is used.",Low,Christopher Williams,Christopher Williams,"5/7/2025, 11:10 AM",7,Configuration,Other,180,86.82472222
,222885,Ardoq,Forecast Change -Forecast Tab (Base),"Hi Team - For the Forecast Tab, can we make the Base forecast column similar to the Worst/Best? So remove the monthly sections. And if we can ensure everyone's base forecast #s stay the same and don't get deleted? 

Would greatly appreciate your support!",removed the monthly Base  column from the Forecast tab.,Low,Rohit Agarwal,Benjamin roach,"5/7/2025, 12:18 PM",1,Configuration,Forecast - Update,33,21.69888889
,222911,"Vectra AI, Inc.",Vectra - Forecasting Changes,"Please make the changes highlighted in the google sheet to the existing ""Renewals Forecast"" tab
- we need to add in 1 calculation column & delete 2 forecast columns",created the Net Churn column and removed the Churn Best Case and Churn Most Likely columns from the Renewals Forecast tab.,Low,Jason Parawan,Erin Martinez,"5/7/2025, 1:42 PM",1,Configuration,Forecast - Update,30,20.28527778
,222926,Synack,3 Calculation Fields needed on Weighted New Business Quota,"Hello,

We will need to add 3 calculation fields for the Weighted New Business Tab as shown in red in columns N,O,P on this sheet

https://docs.google.com/spreadsheets/d/1p-TzYlW2drMcMzf9JuL_Ye2b-XK8R5_9C-Hxuh-avzg/edit?gid=1416143593#gid=1416143593","created the 'Weighted Commit Deals', 'Weighted Expect' and 'Weighted Best Case' calculation columns in the 'Weighted New Business Quota - WIP' tab as per in the attached sheet.

excluded the 'Commit Forecast' and 'Best Case Forecast' columns from the 'I",Low,Matthew Mcginley,Matthew Mcginley,"5/7/2025, 3:59 PM",13,Configuration,Forecast - Update,297,130.0008333
,222951,Acuity Knowledge Partners (UK) Limited,Split configuration for all tabs,"Team, Acuity has given the go-ahead to enable split on the forecast tabs.

Today they have the tab ""QTD (SPLIT)"" running off splits. 

Next step: 
1. Configure the other tabs ""monthly pledge"" and ""YTD"" to run off the split records as well.
2. Delete the old tabs e.g. ""QTD""

Noell James was the SC on the initial configuration and has the context, please allocate to him if he's available.","updated the mode to 'Split' for the 'Monthly Pledge' and 'YTD' tabs and 
reverted the 'QTD' tab.",Low,Said Mussa,Said Mussa,"5/8/2025, 3:50 AM",6,Configuration,Forecast - Update,142,62.16277778
,223016,Cymulate,Whitelist & Create First User - Cymulate,"This new logo account has just signed. Please check Subscription Start Date ""April 30, 2025"" and if within 2 weeks of todays date, proceed with whitelisting the account domain, update Clari org ID field under Clari Adoption snapshot in SFDC, and confirm whether they have already been added based on POC. If Subscription Start Date is greater than 2 weeks, then update the Requested Completion date to 2 weeks prior to Subscription Start Date. New logo account website for domain is ""www.cymulate.com""",We have whitelisted the domain and created the first user,Low,Pooled CSM,Dawn Perkins,"5/8/2025, 9:46 AM",1,Configuration,Other,33,24.22666667
,223046,"Intercom, Inc.",Want to add in a second quota type column and second forecast type column that aggregates on count,"I'm trying to create a second quota type and forecast type column in the 'Fin Standalone' tab that aggregates on the count of closed-won opportunities and count of commit opportunities. But when I go and try to create the columns, the option to select 'Clari Opportunity Counter' does not appear as an option. 

Is there a limit to the number of columns that aggregate on the 'Clari Opportunity Counter' or can we get this added into the options when creating a column? 

Thank you!","observed that the 'Clari Opportunity Counter' amount field was not added in the Filterable and Groupable layout under Opportunity mode. That’s why it was not available as an option in the 'Aggregation Field' under Field Configuration. 

I have now added",Low,Tyler Jass,Calvin Hu,"5/8/2025, 11:19 AM",4,Configuration,Forecast - Update,106,38.67527778
,223039,Corelight,Replace an Existing field,"Hi Support - Can you remove the ""Next Steps"" which i believe is the standard sfdc field with the ""Next Step Notes"" (API = Next_Step__c) field please? Please make the update to the opportunity grid and expanded grid. 

Can you also let us know if the ""Next Step"" field is used any where else where we may need to update it in Clari.

Context on the change is that we needed a notes field that was longer then the 255 charter limit and we cant update the SFDC standard notes field. So, we created a long text field (Next Step Notes) and added it to the opp page layout.","-replaced the ""Next Steps"" field with the ""Next Step Notes"" field (API = Next_Step__c) in the Opportunity Grid, Details, and Expanded Grid.

Aside from these locations, the ""Next Steps"" field was not being used elsewhere in Clari.",Low,Christopher Williams,Sammy Nijem,"5/8/2025, 10:55 AM",3,Configuration,Field Config - Update,69,23.07972222
,223089,Pure Storage,Adding Columns to the Extended Sales Forecast,We're updating the columns in the Extended Sales Forecast. There are some columns that we're unable to create on our own. We need assistance from Clari to create 12 columns. Please see the attached sheets for more details.,created all 12 columns in the 'Extended Sales Forecast' tab as per in the attached sheet.,Low,Matthew Colangelo,David Ward,"5/8/2025, 3:52 PM",4,Configuration,Forecast - Update,101,34.12083333
,223105,REMOTE EUROPE HOLDING B.V.,New Mode,I would like to create a new mode based on Product Splits. I can see this option in the Mode dropdown. (Srceenshot attached),created the Product mode.,P3,Said Mussa,Hind Zerrouki,"5/8/2025, 10:58 PM",10,Configuration,Field Config - Update,236,96
,223104,REMOTE EUROPE HOLDING B.V.,New Field in filyers,"Hi, I need help with a new field I have added.
The field is labelled ""first win close date"" and I would like to set it up in a way that it checks opportunities where the first win close date was within or outside 90 days of the closed won date.

I am not sure if I have set this up the correct way, using ""ago"" or if I should use something else.
Can you please help?",NA,P3,Said Mussa,Hind Zerrouki,"5/8/2025, 10:36 PM",12,Configuration,Forecast - Update,287,128
,223106,REMOTE EUROPE HOLDING B.V.,Splits Mode Aggregation Field,"Currently, our forecast configuration is based on splits where we aggregate based on the splits amount field.
Is it possible to aggregate based on 2 fields (splits amount and split amount override fields) based on define criteria? Some opportunities will have the split amount data incorrect, and we would need to use the split amount override field instead, in these specific scenarios.",-,P3,Said Mussa,Hind Zerrouki,"5/8/2025, 11:02 PM",5,Configuration,Field Config - Update,119,48
,223107,CommerceIQ,Added new column in Forecast configuration 'Next Qtr S2+ Coverage Target' under pipeline,"Added new column in Forecast configuration 'Next Qtr S2+ Coverage Target' under pipeline.
But 'Next Qtr S2+ Coverage' not visible.",the Attainment column label was mistakenly entered as 'Next Qtr S3+ Coverage' instead of 'Next Qtr S2+ Coverage'.,Low,Pooled CSM,Janani K,"5/8/2025, 11:47 PM",7,Configuration,Forecast - Update,146,64.28694444
,223150,Instructure,Remove default column,"Hello, can you please remove the ""Commit - Call"" column on the ""Recurring ACV"" forecast tab? I'm unable to do so because I get the following error: ""Commit - Call is the default column within Recurring ACV tab and cannot be deleted. Contact Clari support for help.""","We have remove the ""Commit - Call"" column on the ""Recurring ACV"" forecast tab as requested",Low,Nico Alvarez,Jorge Pradilla,"5/9/2025, 8:32 AM",3,Configuration,Forecast - Update,79,23.49888889
,223184,"ArisGlobal, LLC",New Forecast Tab Needed,"Vanessa wants a new Renewal Forecast tab built out. She wants the following columns:

Renewal Retention Target
Retention ACV closed
Incremental ARB Closed
Downsell
Cross-sell
Renewal Pipeline Total
Renewal Pipeline Incremental
Avg Uptick Closed Won

Please name it Renewal Forecast - Test for now so nobody uses it until it's complete. Thank you!",tab creation can be achieve by Self-Serve Forecast Config,Low,Tyler Jass,Tyler Jass,"5/9/2025, 11:03 AM",9,Configuration,Forecast - Update,224,86.93472222
,223284,Pendo,Remove Forecast Column from Renewals Specialist Forecast View,We need to remove the Forecast column from the Renewals Specialist Forecast View,We have removed the Forecast column from the Renewals Specialist Forecast as requested .,P3,Ari Henck,Krystian Serwinski,"5/12/2025, 8:22 AM",4,Configuration,Forecast - Update,106,73.62333333
,223293,Wallix,Upcoming SFDC Stage Name Changes,"Hi,

The Wallix team will change on of their OPP stage names. They'll rename the stage “Proposal” to “Project Validation”.

Can you please assist them and let them know how this change will impact Clari as well as communicate best practices e.g. across the Forecast, Inspect, Analyse, etc.

POC to be included:
mdossantos@wallix.com
yayed@wallix.com

Thanks, team,",n/a,Low,Said Mussa,Said Mussa,"5/12/2025, 9:10 AM",9,Configuration,Forecast - Update,211,106.8486111
,223352,Edmentum,Enabling Opportunity Teams Filter for Edmentum,"Edmemtum wants the ability to filter by opportunity team within Inspect, can you enable this option for them?","The options ""On Deal Team"" and ""My Team's Team"" are already available under the Opportunity mode.



 In Clari, these filtering options are only supported when the Owner Field is set to opportunity.owner. If the mode is configured with a different own",Low,Andrew Pohlen,Andrew Pohlen,"5/12/2025, 2:15 PM",8,Configuration,Other,181,85.30527778
,223355,Invoca,forecast order change,"Hi,
Invoca needs to get their forecast order changed to the below:

Enterprise
Mid-Market
Corporate
Devon
Account Management
Channel
UK
Unmanaged Accounts


Can you help make this edit?  The client was not able to, thank you.",NA,Low,Sarah Fagan,Tanmaya Hobbs,"5/12/2025, 2:22 PM",8,Configuration,Other,178,83.62194444
,223376,Snyk Limited,"Add a ""Forecasted Churn"" column in the Renewals Forecast Tab","Hi, 

Can you please add a new column in the Forecast => Renewals Tab. The Column should be titled ""Forecasted Churn"". The value for the calculated field is: [Renewable Base (Avg ARR)] - [Forecasted Renewed ARR - Submission]. The new column should be between the columns ""Forecasted Renewed ARR - Submission"" and ""Forecasted Renewal Rate"" 

Thank you!",We have created the new calculation column under the Renewals Tab as requested,Low,Andrew Pohlen,Josh Feller,"5/12/2025, 7:19 PM",4,Configuration,Forecast - Update,95,64
,223475,"CrowdStrike, Inc.",Forecast Update,"Forecast Tab: Renewals Bridge - WIP
Column: CQ Open Slipped
Change: Can you add the following filter: Close Date Quarter > Contract Renewal Date Quarter (The quarter of the close date is later than the quarter of the contract renewal date)","I wanted to let you know that Clari does not support comparison between two filters.

To achieve the desired functionality, you would need to create a checkbox or another custom field type. This field can then be used within the filters to achieve your ",P3,Lyuda Rogers,Samra Ahmed,"5/13/2025, 10:58 AM",7,Configuration,Forecast - Update,176,87.0225
,223478,"Smartsheet, Inc.",Add New Quota Setup,"Hi Team - 

Can you help enable us to add another quota type/setup? Or add for us?

We need Brandfolder - Services added both Monthly and Quarterly. Let me know if you need any more information from my side. 

Quota Name	Display Name	 Type 	Forecast Tabs
brandfolder_services_monthly 	 Plan	MONTH	Brandfolder - Services
brandfolder_services_quarterly  Plan	QUARTER	Brandfolder - Services

Thanks","All users now have access to the ""Brandfolder - Services Bookings"" tab, similar to the ""Brandfolder - Gross Bookings"" tab.",Low,Stephanie Ervin,Gareth Collier,"5/13/2025, 11:09 AM",7,Configuration,Forecast - Update,160,72.4125
,223484,Aiwyn,Whitelist & Create First User - Aiwyn,"This new logo account has just signed. Please check Subscription Start Date ""May 19, 2025"" and if within 2 weeks of todays date, proceed with whitelisting the account domain, update Clari org ID field under Clari Adoption snapshot in SFDC, and confirm whether they have already been added based on POC. If Subscription Start Date is greater than 2 weeks, then update the Requested Completion date to 2 weeks prior to Subscription Start Date. New logo account website for domain is ""www.aiwyn.ai""",We have whitelisted the domain and created the first user as requested,Low,Pooled CSM,Dawn Perkins,"5/13/2025, 11:19 AM",3,Configuration,Other,79,54.67833333
,223497,"Axonius, Inc",Close Date Options,"can you please add these options for the Close date field in the opp grid: 2 quarters out, 3 quarters out, 4 quarters out","We have created the filter values  2 quarters out, 3 quarters out, 4 quarters out for the closed date filter .",Low,Christopher Williams,Edward Fuerst,"5/13/2025, 12:11 PM",3,Configuration,Field Config - Update,79,53.80194444
,223488,"CrowdStrike, Inc.",Update User Role reference,"On the ""Corporate Renewals - WIP"" tab, I need the role hierarchy to refer to ""Renewal Manager"". There is already a reference field on the opportunity object to that field called ""Renewal_Manager__c"". 

Also on the ""Late Renewals (STR)"" column, can you please add a filter for Close Date is later than Contract Renewal Date?","We have created the new mode Renewal as requested 
2) We have updated the Corporate Renewals - WIP tab to be based on Renewal Mode and the owner filed is Renewal_Manager__c.Please verify and let us know if any changes are required .Please find the below ",P3,Lyuda Rogers,Samra Ahmed,"5/13/2025, 11:43 AM",11,Configuration,Forecast - Update,274,134.2777778
,223517,Thermo Fisher Scientific,Add 2 calculation columns to Global Services Forecast Entry Tab,"Thermo Fisher needs to add 2 new columns to the ""Global Services Forecast Entry"" forecast tab. They are calculation columns, so not able to add them via Forecast Config in Clari Studio.",We have created the two new calculation columns as provided under the spreadsheet shared,Low,Ari Henck,Ari Henck,"5/13/2025, 1:39 PM",3,Configuration,Forecast - Update,77,52.35
,223543,Unity Technologies,New annual tabs,"Unity would like to create 2 new annual tabs that will be cloned off of 2 existing tabs. We could not do this in Forecast Config because updating the time period is a limitation.

The instructions are outlined in the requirements document. The only callout is that for the ""Forecast"" column in each tab, the customer would like to hard code the calendar year. They are aware of the implications. I wasn't positive how to write this in the query, but I explained the changes in the sheet.",created the new Annual New License and SST and Annual Renewal License tabs,Low,Ari Henck,Ari Henck,"5/13/2025, 3:50 PM",5,Configuration,Forecast - Update,124,50.16222222
,223549,Checkr,Forecast History from Multiple Forecast Tabs,"Hello,

Checkr recently created a new forecast tab called New Business Forecast.

This forecast tab is going to streamline the full team forecast for new and upsell business.

We'd love to get the forecast history from the previous tabs if possible. For example the Enterprise Reps would get the forecast history from Enterprise and ENT Upsell.

The UMM Team would get the forecast history for UMM and Strategic Upsell forecast calls.

The columns are the same, but the upsell and new logo forecast history would have to be combined and then added per team.

Let me know if this request makes sense, and if it is possible.

Thanks,

Matt","We cannot do addition of the entries and then transfer it.

If it is just moving the entries from one column to another column it is possible but we cannot do a addition of New Logo and upsell entries and then upload it.",Low,Matthew Mcginley,Matthew Mcginley,"5/13/2025, 6:22 PM",3,Configuration,Other,72,48
,223559,Acuity Knowledge Partners (UK) Limited,Removing QTD [Split] tab from our Forecast Page,"Hi team,

Can you please help us in removing the ""QTD [Split]"" tab from our Forecast page in Clari? This was a test tab created to apply some new changes, and now that the changes have been finalized and replicated to the main tabs, we have been asked from someone in the PS Config India team to create a case in order to get this removed.

Please let me know if anything else is needed from my end.

Thanks,
Suraaj",Removal of tab can be achieve by Self-Serve Forecast Config,Low,Said Mussa,Suraaj Sukomal,"5/13/2025, 11:53 PM",1,Configuration,Forecast - Update,3,1.054444444
,223566,UiPath,Forecasting Tab Updates,"Hi team,

Please perform the following modifications to forecasting:

Update the Quota being used in the ""iARR Overview WIP"" tab to financial_goal_quota, instead of billed_iarr_overview_quota, while keeping the same attainment column.
Update the ""Low Forecast"" column, from the same ""iARR Overview WIP"" tab, to a composite forecast column type defined as ""Low Forecast"" (from iARR Overview Tab) + ""MYDPA"".
Update the ""Net Forecast"" column, from the same ""iARR Overview WIP"" tab, to a composite forecast column type defined as ""Net Forecast"" (from iARR Overview Tab) + ""MYDPA"".
Update the ""High Forecast"" column, from the same ""iARR Overview WIP"" tab, to a composite forecast column type defined as ""High Forecast"" (from iARR Overview Tab) + ""MYDPA"".

Please ensure the modifications are done on the ""iARR Overview WIP"" tab and NOT ""iARR Overview"".

Thank you!",updated the?iARR Overview WIP tab as per our discussion.,Low,Cortney Fickey,Sabin Cigaran,"5/14/2025, 2:17 AM",11,Configuration,Forecast - Update,285,127.7058333
,223584,Access UK Ltd.,Max Pulse widgets,Hi Team can we increase the max pulse widgets to 2 for access please.,increased the max pulse widgets to 2.,Low,Toni Pang,Toni Pang,"5/14/2025, 5:18 AM",6,Configuration,Widget - Update,161,76.69861111
,223745,Causeway Technologies,Add more columns to Annual Attainment Forecast,"Hi team,

Hope you're all doing well!

I wanted to check if it would be possible to add four additional columns—one for each quarter—in the Annual Attainment tab of the Forecast sheet.

These columns would be read-only and show the Closed ARR for each rep by quarter (Q1 to Q4). I attempted to add them myself but hesitated due to concerns about the date ranges used in the existing formulas.

Could you please help with an example formula, perhaps for Q1, so I can better understand how to structure it properly?

Thanks so much in advance!

Deima","created four new read-only columns with the same filter configuration as the Closed YTD column, except for the Close Date range in  Annual Attainment tab and These new columns are configured using the respective filter values for Q1 2025, Q2 2025, Q3 2025",Low,Said Mussa,Deimante Valentinaviciute,"5/15/2025, 7:18 AM",1,Configuration,Forecast - Update,22,13.71527778
,223770,Bloomreach,Delete COlumns from Forecast Tab,"Hello can we please delete the following columns from the 'Renewals Forecast' Tab.  I don't think I can do this on my own, but please let me know.
-ARR at Risk + Downsell (Open)
-Downsell (Open)","I’ve removed ""ARR at Risk + Downsell (Open)"" and ""Downsell (Open)"" column from the Renewals Forecast tab.",Low,Andrew Seymour,Adam Edmiston,"5/15/2025, 9:06 AM",5,Configuration,Forecast - Update,135,56.88861111
,223846,"Workday, Inc.",Requesting New Mode in Clari,"We are requesting a new Mode in Clari - ""Partner RevShare Contribution"". Please have the new mode mirror the Default Mode. Please let me know if you need anything else. thank you!","We have created the new mode  ""Partner RevShare Contribution"" which is the  mirror the Default Mode as requested

We created the new mode ""Partner RevShare Contribution"" Mode, with  reference Source Object = Extended Team object and Amount Field = ACV A",Low,Mike Riggs,Christine Lau,"5/15/2025, 4:04 PM",5,Configuration,Field Config - Update,123,49.91972222
,223841,LiveRamp,Add Open Opportunities to Saved View In Inspect > Accounts,"Hi Team - 

I want to add a column to an existing saved view under Inspect > Accounts

The saved view is called ""New / Prospect Activity This Quarter [Approved]""

Within the saved table / grid, I want to see if there are any open opportunities for that account and have that data live right next to the activity level data.

Can you please add this for me? 

Adding Nico, our CSM. Nico, if you could help look into this as well, that would be awesome. 

Thanks,
Drew",The field account.of_lr_open_opportunities__c is now visible in the Account grid.,Low,Nico Alvarez,Drew Esterberg,"5/15/2025, 3:23 PM",10,Configuration,Field Config - Update,248,98.60083333
,223880,"Intercom, Inc.",Building Partner Mode Tab in Clari,"Hi all, we have recently added a 'Partner Mode' to our Clari and I am trying to build out the columns queries. Although I am using the same queries as the current active tabs (AE, RM Expansion) I am not seeing the correct data come into the partner tab. I have 2 initial questions but would be grateful for some support in building this correctly;

1. I am using the SFDC field 'Partner Sale Type' to include actuals for 2 items on this drop list on the field however it will not let me add it as the following; 'Partner Sale Type' is ""Sourced by the partner, Assisted by the Partner"" it will only let me add it as the following 'Partner Sale Type' is ""Sourced by the partner"" AND 'Partner Sale Type' is ""Assisted by the partner"" AND 'Partner Sale Subtype' is not ""Intercom-Funded Service partner Assist"". I don't see an option in the field configuration tab to group this picklist.

2. Although I am using the same parameters as the AE and RM queries for the various columns I'mnot getting the expec",Helped with forecast configuration and Eva will get back once they resolved the issue in SFDC,Low,Tyler Jass,Eva Abbott,"5/16/2025, 6:14 AM",11,Configuration,Forecast - Update,281,123.7647222
,223911,Sage Global Services Limited,Whitelist & Create First User - Sage Global Services Limited,"This new logo account has just signed. Please check Subscription Start Date ""May 19, 2025"" and if within 2 weeks of todays date, proceed with whitelisting the account domain, update Clari org ID field under Clari Adoption snapshot in SFDC, and confirm whether they have already been added based on POC. If Subscription Start Date is greater than 2 weeks, then update the Requested Completion date to 2 weeks prior to Subscription Start Date. New logo account website for domain is ""www.sage.com""",We already have the provided domain already whitelisted .,Low,Said Mussa,Dawn Perkins,"5/16/2025, 9:24 AM",4,Configuration,Other,105,40.59972222
,224073,Fivetran Inc.,Do not require monthly forecasts,"Hi team,

Right now, I believe Forecast users are required to submit monthly level forecasts (in addition to quarterly forecast) within the ""Total Incremental Bookings"" tab in order to get their Green checkmark signaling they completed their forecast. We want to give the green check based on whether they submitted a QUARTERLY forecast. Users should be able to submit both monthly and quarterly, but the green checkmark should only be given if the quarterly forecast is provided. 

Thanks","Users must submit forecasts for all forecast columns (either quarterly or monthly) within a tab to receive the green checkmark.
If any forecast column is left blank, the green checkmark will not appear.
This is the expected behavior in Clari. ",Low,Andrew Seymour,Sean Newell,"5/19/2025, 11:16 AM",9,Configuration,Other,206,102.7202778
,224111,Cohesity,Rename Display Name on Veritas Sales ACV Tab,"Change the label name from In-forecast Commit to Most Likely and In-forecast Strong upside to In Best Case on Veritas Sales ACV and Combined tabs. On Combined tab(Cohesity Sales ACV + Veritas Sales ACV) we need sum up the Most Likely from Cohesity Sales ACV to Most Likely from Veritas Sales ACV, In Best case from Cohesity Sales ACV tab to In Best Case from Veritas Sales ACV.",We have updated all the changes as discussed on the call .,Low,Chris Hughes,Uday Bodduna,"5/19/2025, 4:20 PM",1,Configuration,Forecast - Update,27,17.66305556
,224172,dbt Labs,Change formula columns,"Hi there,

We have three columns on our call summary tab 'New ARR Worst Case' ""new ARR Commit"" and ""New ARR Best Case"" - right now they are just the same values from the New ARR call tab. We want to make these three columns on the call summary tab be net calls. We want to rename the fields to 'Net ARR Worst Case"" ""Net ARR Commit"" and ""Net ARR Best Case"" and adjust the values so they sum the forecast category and the churn call. So in the screenshot rename the red columns and then instead of 13,050,000 for Austin's worst case call it should be 13050000 (worst case) -1835000 (churn call) = 11,215,000 (Net ARR Worst Case) - same for the other two columns.","updated the configuration of the 'New ARR Worst Case', 'New ARR Commit', and 'New ARR Best Case' columns in the Call Summary tab",Low,Christopher Williams,James Darragh,"5/20/2025, 7:36 AM",1,Configuration,Forecast - Update,36,26.39361111
,224211,Boomi LP,Remove column from Sales Renewal Forecast tab,"Hey team,

On the Sales Renewal Forecast tab, can you assist with removing the final column, ""Forecast Churn/Downgrade""?

Thanks!",NA,Low,Jason Parawan,Michael Harris,"5/20/2025, 9:49 AM",8,Configuration,Forecast - Update,184,88.20416667
,224372,Gem,[IMPORTANT CHURN SAVE] - new Calculation column,"This is a churn save -- for the tab - [WIP] ATS Attach ARR, can we add a new calculation column called ""Commit Coverage""?

The calculation would be:
= Pipeline Coverage / ( Commit – Total ATS Attach Closed Quota )","created ""Commit Coverage"" column in the  [WIP] ATS Attach ARR tab",Low,Pooled CSM,Samuel Lee,"5/21/2025, 10:48 AM",5,Configuration,Forecast - Update,128,55.19055556
,224382,Optimizely North America Inc.,Remove column from Renewals Mode Globally,"Hi Clari Support - 

We are trying to remove a Column from the ""Forecast Tab"" when you hit the View Deals option and it shows the inspect view in a smaller view. We have 2 expect renewal amount columns and we want to get rid of the non-calculation column. It's all the way to the right today, however we want to remove it",NA,Low,Andrew Seymour,Drew Elston,"5/21/2025, 11:40 AM",7,Configuration,Forecast - Update,159,70.91611111
,224419,"Riverbed Technology, Inc.",Total Forecast ACV tab issue,"urgent issues to raise with Clari
 
Total Forecast ACV tab:  Month 1-2-3 and Week 1-13 columns need to be totals of Upfront Forecast and Renewal Forecast tabs
 
that is the most urgent problem to fix today",current configuration already aligns with the case description.,Low,Ari Henck,Lucia Devide,"5/21/2025, 2:39 PM",4,Configuration,Forecast - Update,104,35.34055556
,224426,SafetyCulture,Calculation field for Expected Total C&C ARR,"Hello,

Can we create a calculation field for SafetyCulture's Renewals APAC tab. The field tab will be for Expected Total C&C ARR

The calculation field will look like this
Open Renewals Churn Forecast ARR field + ACTUAL C&C ARR = Expected Total C&C ARR.

Expected Results
Expected Total C&C, this would likely be:
1. Open Renewals - Churn Forecast ARR ($1m)
2. Closed Renewals - Actual Churn ARR ($500k)
Expected Total C&C ARR = $1.5m
Expected results = Open Renewals Churn Forecast ARR + Actual Churn ARR

Showing an image of the fields we need.

Thank you

Matt",n/a,Low,Matthew Mcginley,Matthew Mcginley,"5/21/2025, 3:42 PM",7,Configuration,Forecast - Update,155,67.43416667
,224594,RIMES Technologies,RIMES - Unable to add in Record ID Type,"Hey team - RIMES is trying to exclude the Record ID Type called Flow from their forecast config for all columns in their 'Sales Forecast' tab. 

Can someone add this in for them?

Adding image to show how it does not populate.",excluded the 'Record Type ID = Flow' from all the columns in the 'Sales Forecast' tab.,Low,Christopher Williams,Christopher Williams,"5/22/2025, 2:03 PM",3,Configuration,Forecast - Update,80,19.93472222
,224669,Postman,Error when Deleting a Field,"Hi Team,

I’m trying to remove a field from all of our layouts, as it’s no longer in
use, though it was used in the past. What’s the best way to remove it or
ensure it’s taken out of all page layouts? Field Name ""Churn Risk"".

Thank you,

-- 

Prashant Patel

Business Systems Manager, GTM Systems | Postman


San Francisco, CA, USA

Postman.com <https://www.postman.com/>

To unsubscribe from this group and stop receiving emails from it, send an email to dsc-request+unsubscribe@clari.com.","the ""Churn Risk"" field was only being used in widgets across three dashboards. I’ve now removed the field from Clari",Medium,Elizabeth Stoughton,System,"5/23/2025, 8:16 AM",5,Configuration,Field Config - Update,132,57.73138889
,204813,"Red Canary, Inc.",Add Fields for Validation Rules,"Can we please configure the following validation rules?

""Forecasted Churn ACV is defaulted to a negative value when filled out. Since Forecasted Churn ACV <0, please complete At-Risk Code"".
Show the following fields: 
opportunity.at_risk_code__c
opportunity.secondary_at_risk_code__c
opportunity.risk_details

""To make that change to the At-Risk Code and Secondary At-Risk Code, you need to update the Secondary At-Risk Code."" 
opportunity.at_risk_code__c
opportunity.secondary_at_risk_code__c
opportunity.risk_details


The second error message above seems to be working incorrectly, because I recieve that validation rule message after I populated ""Secondary At risk code"" in Clari",-,Low,Andrew Pohlen,Becca Reed,"12/2/2024, 6:37 AM",62,Configuration,Validation Rules - Update,1502,715.37
,204912,REMOTE EUROPE HOLDING B.V.,EOR Splits tab is not returning any results,EOR Splits tab is not returning any results,"Root Cause:
The EOR Splits tab did not return results because the SplitTypeID = Revenue ARR had no associated value, and the OpportunitySplitTypeID field only contained an ID without a corresponding value.

Resolution:
Awaiting confirmation on the cor",Low,Said Mussa,Hind Zerrouki,"12/3/2024, 1:24 AM",62,Configuration,Forecast - Update,1488,704
,205356,Synopsys Inc.,Requesting Jira be created for migration for Activity v7 for Synopsys (2622),Please migrate Synopsys org 2622 to activity v7,"Jan 2: Assigned Jira to Dave

Migrated to V7",Low,Marina Addonizio,Marina Addonizio,"12/5/2024, 9:56 AM",80,Configuration,Forecast - Update,1932,904.0577778
,206265,DigiCert,New Forecasting Tab Request,"Hi Clari Team,
 
We would like your help in creating a new view within our Clari instance.
 
I have included a screenshot below where we have a few columns aggregating on the rep territory id by sales rep. We would like to create a similar view that aggregates by sales rep but instead of aggregating on the sales territory id field, we will be aggregating on the Sell With Partner Territory ID (API NAME: Sell_With_Partner_Territory_ID__c).
 
Similar to how it works in the screenshot below, we will have the same column names, with the blue-underlined columns being inputs by our team, and the red-underlined columns being aggregations of the C-NNACV from the deal values associated with the Sell With Partner Territory ID.
 
Please let me know if you have any questions and what we can do to get this initiative moving forward.

Thanks,
Jack Earl (submitting on behalf of Andrew Walton andrew.walton@digicert.com)","The issue stemmed from the misconfiguration of the ""Sell With Partner Territory ID"" filter, where values were represented as IDs instead of actual values. To resolve this, a new mode and tab named ""Sell-With C-NNACV"" were created with the correct Mode, Ag",Low,Jason Parawan,Jack Earl,"12/13/2024, 2:25 PM",72,Configuration,Forecast - Update,1735,803.5755556
,206412,PublicRelay,Retire Service Account,"We’re looking at shoring up our security posture, and part of that process is ensuring each account is tied to a single person. Now that SSO is enabled, we have to use a workaround to get into the Sales Support (salessupport@publicrelay.com) account within Clari. To keep things simple and secure, I’d like to terminate that account if possible. The Sales Support account is tied to the Clari API and has some administrative privileges. Could you please assist in re-assigning those to rebecca.mathias@publicrelay.com?",-,P3,Pooled CSM,Robert Miska,"12/16/2024, 2:09 PM",47,Configuration,Other,1115,547.8402778
,207230,Checkout Technology UK,Sales Stages + Opportunity Updates for Checkout,"**CUSTOMER WOULD LIKE THIS CHANGE MADE FOR 20TH JANUARY (DATE TBC) - THIS IS A CASE TO PREP FOR THAT**

Customer making various changes to their Sales Stages and Validation Rules in relation to their Opportunities and we need to ensure that we're aligning to these in Clari. This Case should be preparing for these changes due to go in. 

Requirements are set out in the following documents (can also forward customer email to you):

Overview of Checkout new Sales Stages, including desired behavior and legacy stage field mapping (last page) - https://docs.google.com/presentation/d/1mg9g6YNPrDCFFbc56zp7ZZIKA_Y6-Aqc_9BW0eewfG8/edit#slide=id.g30e66a5ebe3_0_0

Overview of opportunity validation rules, which ones are remaining, which ones are new & which are disappearing - also tried to group them between rules that are relevant for Clari and aren't - https://docs.google.com/spreadsheets/d/1-lAiowsdf6R3gUN3bgwRmWAtWHhf8bIRbr_FRU7zGos/edit?gid=1940072374#gid=1940072374

Overview of new",Jan 27 : Updated the mapping as requested,Low,Toni Pang,Parin Lad,"1/2/2025, 4:05 AM",34,Configuration,Other,814,381.9069444
,207708,"Apple, Inc.","EMEIA EDU Commit for Last quarter reflects Fulfilled (Ascent) value, need to reflect QTD Actuals","Hi,

We have a question from the EMEIA EDU team on how the commit column displays the value for last/closed quarter. Currently, in commit, the filter criteria is to look at ""In Forecast"" category. Fulfilled (Ascent) looks at the ""Closed Won"" category. QTD Actuals are being sent to Clari from SFDC at the moment and roll up at the territory level for a given LOB.
Since Commit is a Forecast Column I wasn't sure if this is possible given our current set up, but the user has two questions: 
1. at the close of the quarter, can the commit column reflect what is in the QTD Actuals column vs what is in the fulfilled column?
2. Can we relabel QTD Actuals into Actuals (closed) once the quarter is closed? --> I don' we have the capability of dynamically changing column labels based on a quarter but can you please confirm? 

Thanks!","Wed 15: Can the commit column at the close of quarter show what is in the QTD Actuals column as the commit number and the last submitted forecast in (). So if the Fulfilled deals were 1000, the Last commit was 7500 and the QTD actuals is 7850 - the commit",Low,Liz LeDoux Tajonar,Riddhi Patel,"1/7/2025, 4:50 PM",65,Configuration,Forecast - Update,1542,737.1522222
,207835,Lightbend,Remove columns from New ARR Tab,"Please remove the following columns from the New ARR Tab; EXP in the Call Forecast, New Upside Forecast, EXP Upside Forecast, Pipeline Coverage, EXP Coverage, Commit Coverage, Most Likely Coverage, And all monthly columns","Root Cause:
The requested columns were part of dependent calculations or composite fields, preventing their removal without impacting the overall forecast functionality.

Resolution:
Columns with dependencies were retained, and the remaining requested",Low,Pooled CSM,Andy Van Amson,"1/8/2025, 1:22 PM",32,Configuration,Forecast - Update,775,356.6247222
,208441,Inovalon,Capture - Clearbit Enrichment,"Hi team,

Inovalon is considering the addition of new fields enriched by Clearbit for their contact syncing. To determine if they wish to proceed, they are asking to review a file containing the 50 most recent contacts, with the corresponding Clearbit fields listed as columns.

They aim to assess which specific data is currently captured by Clearbit to confirm the field mappings they might want to include for role, subrole, and seniority.",n/a,Low,Caitlin Stone,Caitlin Stone,"1/14/2025, 11:26 AM",20,Configuration,Capture - Update,489,230.5627778
,208593,Redwood Software,Can i make my aggregation field be a calculated field?,"I would like to have a column that cacluates weighted pipeline off of stage probability.
So if Deal Value = 100K, Stage is Negotation which we value at 85% conversion... would like it to treat the value as 85K. 

Is it possible to have that as a calculated aggreation field? DeaValue * StageProbability or similar?",Jan 17: Yes we can implement this change for the customer,Low,Caroline McCarthy,Alex Lowe,"1/15/2025, 11:01 AM",19,Configuration,Field Config - Update,452,204.1227778
,208642,Okta,Okta changes to forecast tabs for new Fiscal Year,"Okta is a PLATINUM customer with a critical $1.5M renewal this summer. 

They need to implement several changes to their Forecasting tabs and processes in advance of their new FY starting Feb 1st. 

They hope to have ONE of the new tabs (Auth0 + Okta Aggregate Forecast) active in their Clari Sandbox (sandbox user ricco.ugas@s2-okta.com) by FRIDAY Jan 17 so they can meet with Okta's Chief Revenue Officer and show him how the system will look in the new FY.



CoPilot recording where customer walks through detailed requirements:

https://copilot.clari.com/guest/sharedCall/67881e0641abfc7701fc2ac7



Broad overview slides: https://docs.google.com/presentation/d/1SCRaLok2ZLal38mtBbolH7zpT7a2VoXi-vtVcetfjCY/edit?usp=sharing



Spreadsheet with detailed Changes they need to Forecasting tabs: (The tab they are hoping to have built by Friday is: Auth0 + Okta Aggregate Forecast Tab )

https://docs.google.com/spreadsheets/d/11MuTOwPWIZcX63-ZRDzO41uDETeqGE4hvGutBJe7iok/edit?us",we have added the new tab,Low,Matthew Colangelo,Matthew Colangelo,"1/15/2025, 1:56 PM",20,Configuration,Forecast - Update,487,228.0583333
,208981,Canto,please remove a filter option,"Please remove the filter option for Canto Cross-Sell where it has been listed on the New tab. The only options should be Canto New Business and Canto Cumulus Migration.

The opp record type ID for Canto Cross-Sell is 0120J000000YgikQAC.","Root Cause: The presence of an unnecessary filter for Canto Cross-Sell in the New tab.
Resolution: Removed the Canto Cross-Sell filter from all columns as per the request, ensuring only the required options remain.",Low,Pooled CSM,Megan Jacobson,"1/17/2025, 9:01 AM",18,Configuration,Forecast - Update,441,200.9733333
,210025,Cisco Systems (AE Parent),Migrating mode Configuration to new Cisco Sandbox Org,"o:2939 (cisco.com)
Impersonation user: clariintegration.gen@cisco.com

This org has the following modes configured:
Account Manager (OPPORTUNITY_MODE)
Renewals Manager (renewalsmanager)
Architecture (productlines)

We need these modes (grid/details/filters/groups) copied to o:3257 (s-ciscomain1.com)
impersonation user: sandboxadmin@s-ciscomain1.com

This is critical work to support a Cisco pilot to support a very large $$$ opportunity.",n/a,Low,Matthew Colangelo,Daniel Mosbarger,"1/22/2025, 9:58 PM",11,Configuration,Field Config - Update,263,112
,210129,Barracuda,Barracuda | Adding Territories to Opportunity Grid,"Entering on behalf of Emillie Kushner at Barracuda. 

The Barracuda team is looking to amend and adjust the Opportunity Grid to be inclusive of all territories present in the attached spreadsheet",02/03 AP - All the filter options have been reimported,Low,Chris Hughes,Chris Hughes,"1/23/2025, 11:42 AM",10,Opportunity,Filters,251,102.2930556
,210293,"iCIMS, Inc.",Add a column,"Please see this file - please add the column to forecast config and I will adjust as needed. 

Also as an FYI, we mapped in Renewed_Contract_Top_Tier_ARR__c into Clari earlier today so it should be featured now.","Root Cause:
The division formula requires configuration involving a currency field (Renewed Contract Top Tier ARR), which is not supported in the current setup.

Resolution:
The column was added, and the customer has been requested to update the formu",Low,Tyler Jass,Daniel Atkins,"1/24/2025, 12:08 PM",13,Configuration,Forecast - Update,318,149.8508333
,210294,Tealium,New Forecast Tab = Consumption Forecast,"This case is to request a new tab in the Management Forecast tabs using the Account Subscription mode.  The new tab name is ""Consumption Forecast"".
The columns in the left of the table should allow the user to view the metrics by the following rows and expand the data to the product name detail level:

Account.Account_Owner_Name__c
Account.Name
SBQQ__Subscription__c.SBQQ__ProductName__c

The following columns should be added to the grid:
Field Name: Total Contracted Volume
Type: Read-only
Mode: Account Subscriptions
Field to Sum: SBQQ__Subscription__c.Net_Segment_Volume__c
Duration: Quarter
Filters: SBQQ__SegmentStartDate__c <= TODAY() AND SBQQ__SegmentEndDate__c >= TODAY() AND SBQQ__TerminatedDate__c = "" ""

Field Name: Volume Consumed
Type: Read-only
Mode: Account Subscriptions
Field to Sum: SBQQ__Subscription__c.Segment_Volume_Used__c
Duration: Quarter
Filters: SBQQ__SegmentStartDate__c <= TODAY() AND SBQQ__SegmentEndDate__c >= TODAY() AND SBQQ__TerminatedDate__c = "" ""

Field Name: D","Root Cause:
The provided filter for the ""Total Contracted Volume"" column does not function correctly, possibly due to incorrect logic or data inconsistencies.

Resolution:
Requested the customer to review and update the filters for all three columns. ",P3,Amanda DeLuise,Lia Stahl,"1/24/2025, 12:15 PM",23,Configuration,Forecast - Update,561,245.7438889
,210380,"Intercom, Inc.",New Column in the AE Tab,"Hi Team, 

Can you please add a new column of ""Fin New Logo Actual"" in the AE tab, after the actual tab.

I'd like to summarise as count of the unique ""opportunity.opportunity_18_digit_id__c"" as logo count, not sure if this is the right format to put in the excel sheet, please feel free to let me know if any question.

Reagrds,
Leo","Root Cause:
The ""string"" data type cannot be used as the amount field, making it unsuitable for calculating logo count based on unique IDs.

Resolution:
Replaced the ""string"" field with “opportunity.net_expansion_arr_contracted__c” to derive the requi",Low,Tyler Jass,Leo Zhang,"1/27/2025, 2:55 AM",11,Configuration,Forecast - Update,284,159.0830556
,210496,Forcepoint LLC,"Change ""ACV New + Services"" Forecasting Widget 27JAN2025","Hello, we need to change the configuration of the ""ACV New + Services"" tab so that the forecast widget provides proper information in our dashboards.  Right now the forecast widget is only pulling in Commit for the ""ACV New + Services"" tab. (Refer the attached image, or the ""CQ: ACV New + Services"" dashboard for example.)  We would like the widget to pull in the following columns from the ""ACV New + Services"" tab instead.  (Refer to the attached image)
- Plan (yellow highlight)
- Close Won (green highlight)
- Sales Call - ACV New + Services (blue highlight)

Please let me know if you have any questions.
Thanks,
Jeff",Jan 29 : Updated the forecast widget with the calculation column. Cannot display the quota and closed columns,P3,Ari Henck,Jeff Martinez,"1/27/2025, 1:30 PM",7,Configuration,Dashboard - Update,178,84.495
,210495,"Palo Alto Networks, Inc.",Is it possible to review the linked mode creation doc and provide any feedback on possible issues?,"POSSIBLE TO GET IN SANDBOX (stg2) BY 12/31 or 2/1?

From the customer: ""We have a bunch of changes needed in Clari as part of the 2H FY25 transition. Can you please review the attached BRD for the creation of 4 modes and let me know if you have any questions or concerns?

I would like you to take the first pass before I hand it to support and hope one of you can help coordinate with the support team to ensure that I don't have to go back and forth. The past couple of enhancements have not been smooth (missed requirements, lack of clarification etc)  and I am very pressed for time due to the quarter end and Feb deadline for this change coming up so would appreciate your help.""",n/a,Low,Dov Markowitz,Dov Markowitz,"1/27/2025, 1:27 PM",99,Configuration,Field Config - Update,2366,1126.928056
,210520,Atlassian Pty Ltd,Total Cloud Tab not accurately reflecting,"HI team,

The ""Total Cloud"" tab in Forecasting is showing a strange numbers.

For example, The Total Cloud Outlook does not equal to the total of ""New Outlook"", ""Migration Outlook"", ""Exp/Upgrade Outlook""
Another example is Total Cloud tab in ""New Outlook"", ""Migration Outlook"", ""Exp/Upgrade Outlook"", should be lower than the ones in Total Forecast tab. Please see attached screenshot.
""Total Cloud"" tab for ""New Outlook"", ""Migration Outlook"", ""Exp/Upgrade Outlook"" is higher than the tab in ""Total Forecast"".

I suspect the filters for total cloud is double counting or have something wrong with it. Could you help investigate and fix?","The 'Total Cloud' tab contains composite values in the 'Total Outlook,' 'New Outlook,' 'Migration Outlook,' and 'Exp/Upgrade Outlook' columns. These need to be updated to reflect the correct values in the Forecast column.",Low,Chris Hughes,Tomoo Takahashi,"1/27/2025, 5:01 PM",7,Forecasting,Config Discrepancy,152,64.97666667
,210566,Gloat,Please add custom range date for report,"Hi, 
I need your help to add a custom range filter for this report: 
https://app.clari.com/funnel/6787dca982006557398620d7

the filter should work on the fields: 
- Became stage 2 (Date)
- Became stage 3 (Date)

The filter should help the user to select the custom range of the dates according those fields. 
Please help me to add these filters and guide me how to add it  to more reports by myself.

Thanks
Omri","Root Cause:

The specific filterable field requested is not available in the Analytics system.

Resolution:

Users can utilize the custom date range option at the top to track data, such as analyzing how opportunities move through the funnel.",Low,Pooled CSM,Omri Shmueli,"1/28/2025, 7:41 AM",5,Configuration,Analytics - Update,131,58.31444444
,210618,Strategy Software,Filter opportunities in forecasting tab,"Hello,

We would like to exclude opportunities with status S1 - Recognize Needs in clari forecasting. How do we implement this in clari sandbox ?",Jan 30 : Requested changes implemented,Low,Elizabeth Stoughton,Saurabh Kaple (IAE),"1/28/2025, 10:49 AM",6,Configuration,Forecast - Update,157,71.17722222
,210605,"Equinix, Inc.",Add filter to all analytics modes...,"Hi Team,
Please add the 'Contract Term Types' opportunity field as a filter on all analytics modes.  

thanks
Ed",-,Low,Liz LeDoux Tajonar,Ed Hernandez,"1/28/2025, 10:02 AM",21,Configuration,Field Config - Update,494,231.9586111
,210614,"Equinix, Inc.",Update to forecast logic... It needs to be completed by this Friday.,"Hi Team,
A new opportunity field (Contract Term Types) has been implemented into our SFDC instance and we need to update the existing logic/queries for all user types to include the following criteria.

  'Contract Term Types' is not ""Short Term""

Please include the following to the queries in all the columns on the Forecast tabs and update them in the tab order below.
	• Corporate EMEA
	• Corporate AMER
	• Corporate APAC
	• Corporate WW Summary
	• Mike’s Forecast

This request needs to be completed by Friday.","Resolution:
Apply exclude(""opportunity.contract_term_types__c"" = ""Short Term"") to all columns in the 'Corporate EMEA,' 'Corporate AMER,' 'Corporate APAC,' 'Corporate WW Summary,' and 'Mike’s Forecast' tabs, and reorder the tabs accordingly.",Low,Liz LeDoux Tajonar,Ed Hernandez,"1/28/2025, 10:41 AM",6,Configuration,Forecast - Update,155,71.31166667
,210653,"Dataiku, Inc.",Bulk permissions updates,"Hello Clari team! Next week we'll need to make many permissions updates for those users that have 'View' permissions especially for the Forecasting tab, is it possible to complete it with your help by providing you the file with the updates? Otherwise we will need to manually updates 60+ users. Please let me know if there is an advanced way to do so and not updating it manually. Thanks",Grant access manually by selecting the user and the respective Forecast tab in the User Management in Studio,Low,Lyuda Rogers,Inna Logunova,"1/28/2025, 2:15 PM",7,Admin,User Management - Issue,175,83.73416667
,210671,Elastic,o: 2443 Optimize Forecast Config,"o: 2443 has experienced performance issues that look to be related to the usage of NOT statements on string fields throughout the template.

Can the team work with the customer to rework the formulas used in forecasting to no longer use NOT statements with string fields?

An example of a NOT statement using a string field is below:
{
                  ""type"": ""EXPRESSION"",
                  ""operator"": ""NOT"",
                  ""operands"": [
                    {
                      ""type"": ""FIELD"",
                      ""id"": ""opportunity.deal_type__c"",
                      ""value"": ""Monthly""
                    }
                  ]
                }",n/a,Low,Lizzie Rupp,Ken Vader,"1/28/2025, 5:16 PM",10,Forecasting,Config Discrepancy,231,118.7730556
,210678,Poppulo Inc,Updating warnings for sale stages validation rules,"Hello,

Poppulo is updating their sales stages and recently added validation rules for deals going through sales stages.

They want to ensure that if users are trying to move opportunities between stages in Clari that they get messages to fix the validation rules first before moving the deal on.

Sharing the screenshots for each validation rule to this case.

Please let me know if you have any questions.",-,Low,Matthew Mcginley,Matthew Mcginley,"1/28/2025, 7:22 PM",38,Configuration,Validation Rules - Update,898,435.795
,210737,Epicor Software,Add activity signals to insights for opportunities,"1. Rename Category: ""Meetings"" to ""Calendar Meetings""
2. Rename Category: ""Emails received"" to ""Emails"" and broken up into 2 subcategories
2.a. Emails sent
2.b. Emails received
3. Add category ""Files"" and broken up into 2 subcategories
3.a. Files sent
3.b. Files received
4. Add category ""SFDC Events"", no subcategories on snapshot
4. Add category ""SFDC Tasks"", no subcategories on snapshot
5. Add category ""Highspot"", no subcategories on snapshot
Add configuring rules to include hover tips as laid out below:
1. On category ""Calendar Meetings""
2. On category ""Emails""
3. On category ""Files""
4. On category ""SFDC Events""
4. On category ""SFDC Tasks""
5. On category ""Highspot""","added the signal, tracking the request in support ticket 00211724",Low,Sarah Fagan,Traci Rauch,"1/29/2025, 7:49 AM",12,Configuration,Field Config - Update,291,130.9233333
,210761,PTC,Create a new 'ALM Owner' forecast tab,"Am trying to proof of concept a different way of looking at our data in order to support overlay forecasting.

Please could you duplicate the ALM forecast tab in its entirety and call it ALM Owner? The new tab should have all the same formulas but instead of keying off the Opportunity Owner mode the fields that gather data from salesforce need to point at the ALM Owner mode.

Hope that makes sense! Please ask if you have any questions.","Root Cause:
Customer needed a separate view with data from ALM Owner mode rather than Opportunity Owner mode for overlay forecasting.

Resolution:
The ALM forecast tab was duplicated and renamed to ALM Owner, with the mode updated to pull from the ALM",Low,Marina Addonizio,Peter Wimpenny,"1/29/2025, 8:45 AM",8,Configuration,Forecast - Update,187,91.04583333
,210773,Tealium,Add New Column to Retention Forecast and CSM Summary tabs,"We would like to add a new column to the right of ""Eligible Revenue"" in both Retention Forecast and CSM Summary tabs called ""Total Renewals"".  

The configuration logic for the new column can match with the ""Eligible Revenue"" column, but the Amount field should be replaced with Count of Records instead of Prior Contract CARR.","Resolution:
Add a new column called ""Total Renewals"" to the right of ""Eligible Revenue"" in both the Retention Forecast and CSM Summary tabs.

The configuration logic for ""Total Renewals"" should match that of the ""Eligible Revenue"" column, except that t",P3,Amanda DeLuise,Lia Stahl,"1/29/2025, 9:21 AM",4,Configuration,Forecast - Update,107,40.64166667
,210785,"Claroty, Inc.",Claroty - Lead Data Pull for Historical Purposes,"Hey team - Ashutosh joined Claroty to discuss the possibility of pulling in their lead data to better track events historically. The case this is related to is 00208729.

Let me know if more information is needed to continue!",Not Feasible at present,Low,Christopher Williams,Christopher Williams,"1/29/2025, 10:19 AM",7,Configuration,Analytics - Update,160,71.68111111
,210823,Tricentis Americas Inc.,"Please update the amount field on the ""Forecast"" tab","Please update the amount field on the columns part of the ""Forecast"" tab to NACV (opportunity.finance_recognized_arr__c) amount field. 

Can we also identify all saved views where NACV (expansion/upsell)
opportunity.nacv_1_growth__c is being used? The client will need to update these views with NACV (opportunity.finance_recognized_arr__c).","Root Cause:
The Forecast tab was previously using a different amount field, and the client required it to be updated to opportunity.finance_recognized_arr__c for accurate financial recognition. Additionally, there was a need to verify if the saved views ",Low,Alison Quartironi,Andrew Fuoco,"1/29/2025, 12:43 PM",8,Configuration,Forecast - Update,202,101.2719444
,210833,"ConnectWise, LLC",Enable Align,Hi Team - Customer purchased Align with no implementation. Can we enable Align for their Clari org?,"Enabled Align and assigned Admin roles for users 'Daniel.Kabakov@connectwise.com', 'natali.barze@connectwise.com', 'pete.taveira@connectwise.com'",Low,Nico Alvarez,Nico Alvarez,"1/29/2025, 1:17 PM",13,Align,Align Access,320,148.7147222
,210843,Assent Compliance,new forecast column,"Please create a new column in the ""churn forecast"" and ""churn forecast yearly"" called ""Renewals At Risk"". 
Query = ('Customer Success' is ""Owned By Me"" AND 'Renewal Status' not in [""Inactive""] AND 'Renewal Date' is ""__CLARI_FORMULA_DATE_RANGE__"" AND 'Deal Type' is ""Value Not Assigned"" AND 'Record Type Name' is ""Renewal"" AND 'Likelihood to Renewal' in [""Risk Of Non renewal""])",Jan 30 : Requested changes implemented,Low,Tyler Jass,Hamza Abu-Alhawa,"1/29/2025, 1:50 PM",5,Configuration,Forecast - Update,130,52.15527778
,210870,Level Access,Can we get/report on meeting attendees through Clari Capture?,"Level Access asked if there was a way to flag whether a Solutions Engineer (SE) is present on the attendee list for sales calls/meetings created through the Clari-Outlook integration. Specifically, he wanted to: 1. Check if any of the 9 SE names are on the attendee list 2. If so, populate a field in Salesforce with that SE's name 3. Enable reporting in Salesforce to show all events where an SE was present Noah's goal is to track and report on SE involvement in customer meetings, as the current attendee field in Salesforce is custom and not reportable. Is there anyway to inspect the attendee field?

Here's a snippet of what he is asking. Please watch as it helps clarify what he is looking to do.

https://copilot.clari.com/guest/sharedCall/679ab703f4ff1c2603d70b18","made the changes over the call,",Low,Matthew Mcginley,Matthew Mcginley,"1/29/2025, 3:20 PM",46,Revenue Intelligence,Feature Request,1109,514.6502778
,210891,Attentive Mobile Inc.,Attentive - New Forecasting Tab,"Hi Config Team,

please create the new forecasting tab in the requirements doc for the Attentive team

- the team has asked if we can have this done by 9am PT on Friday 1/31 so please let me know if that is possible","Root Cause:
The amount fields required for deal count calculation have not yet finished loading, causing the deal count to appear empty.

Resolution:
Once the amount fields are fully loaded, the deal count will be visible. We have informed the custome",Low,Elizabeth Stoughton,Erin Martinez,"1/29/2025, 6:23 PM",5,Configuration,Forecast - Update,104,32.44472222
,210941,Cognite AS,Adding new quota attainment tab,"Hi!

We're looking to add a new tab for quotas for our customer success team. The quota achievement for this group would come from 2 different sources:

1-If a deal is in the closed won stage with the ""opportunity owner"" field in their name
2- If a deal is in the closed won stage with a ""CBE"" in their name

From the last time in speaking with Clari support, y'all suggested to make an additional ARR field for the CBE owner quota retirement. We have made that, it's called ""ARR_Bookings_copy__c."" So when the quota owners name is in the opportunity owner field, it'll use the standard ARR field, when they're name is under ""CBE,"" they will use the ""ARR_Bookings_copy__c."" field.

Let me know when we can meet to get this added!","Resolution:
Update the Owner field as ""opportunity.cbe__c"" and the Aggregate field as ""opportunity.arr_bookings_copy__c"" in the ""cbeowner"" mode, as well as in the ""CBE Owner Amount"" column of the ""cbe_owner"" forecast tab.",Low,Said Mussa,Kharina Pineda,"1/30/2025, 6:42 AM",19,Configuration,Forecast - Update,470,219.2947222
,210994,"Hyland Software, Inc.",Hyland | Redo Forecasting Tabs and Fields,"Entering on behalf of Jay Kupcak at Hyland. The changes that are required would be too complex and dense for us to describe in a message. We are requesting that the changes be discussed over a call and that everything is completed by February 6th. 

Can we schedule a call on Monday, February 3rd. Timezone would be EST.",Requested changes are completed and published,Low,Chris Hughes,Chris Hughes,"1/30/2025, 9:36 AM",21,Configuration,Forecast - Update,516,248.3925
,210999,ThousandEyes,Change to Renewal ACV columns in Forecasting,I didnt see the ability to ADD a new column for the forecasting tabs in Clari Studio. Attached are the addition of two new columns and the edit of two columns we need to make. We are splitting the Upside Column into two - Strong Upside and Weak Upside. The Columns in Green would be the column additions we need and the yellow would be the edits to the current columns we need. This is applied to both quarterly and monthly. Please let me know if you have any questions or concerns.,"Root Cause/Resolution:
The ""Upside"" column was missing from the spreadsheet, and clarification was needed whether they intend to remove it. If they do, it will need to be addressed due to its use in a calculation column. Awaiting confirmation on how to p",Low,Matthew Colangelo,Clay Swenson,"1/30/2025, 9:51 AM",7,Configuration,Forecast - Update,176,88.14638889
,211068,LiveRamp,Question on Reference Field Types In Forecast Config,"I want to build a new forecast config tab. I want to use the Reference functionality to reference a forecast submission for this quarter and also the forecast submission for next quarter in the same forecast view/table. Is this possible?

I tried to show what I am thinking in the WIP link provided.

https://docs.google.com/spreadsheets/d/1tRZXNsw9XXTdc_IxXpb2Q76smtVi5jCGxEtA7AcKI-0/edit?gid=0#gid=0","Resolution:
Created the 'Global_Forecast Meeting View' tab and added the 'CQ Call' and 'NQ Call' by referencing the 'US_All Up' tab for this quarter and next quarter",P3,Nico Alvarez,Drew Esterberg,"1/30/2025, 2:18 PM",11,Configuration,Forecast - Update,271,115.6941667
,211074,Informatica,INFA Forecast Configuration Changes,"Change summary: Reps will now be asked to forecast for ""Non-cloud NNB"", and need a new forecasting tab to input these numbers. 
Desired changes include: 
- Create a new ""Non-cloud NNB"" forecasting tab that is a clone of the current ""Cloud NNB"" tab
- “Total” tab will be created to show the sum sum of the ""Non-cloud NNB"" and ""Cloud NNB"" tabs, with no direct inputs
- Note: This is a replacement for the existing “Total NNB” tab
- ""Cloud NNB"" tab will still exist, and will not change
Once validated, “Total NNB” tab will be retired
- As the changes are built, set up two new tabs, “[WIP] Non-Cloud NNB” and “[WIP] Total” for testing in production, with only access granted to RevOps
- INFA currently counts Renewal Opps, Channel Opps, New Sales Opps and Secondary Opps anytime the Total NNB is > 0 - Going forward, the team will not always need to count Total NNB on Renewal Opps as sometimes there is a New Business Opp which holds the NNB for a related Renewal Opp. The attached filter logi",we have added the tabs,Low,Whitney Drazovich,Whitney Drazovich,"1/30/2025, 2:59 PM",19,Configuration,Forecast - Update,461,211.0141667
,211084,REMOTE EUROPE HOLDING B.V.,"I have assigned the OVERLAY (NEW) tab to all sales reps, but only 50 of them (among 165) have access to it.","I have assigned the OVERLAY (NEW) tab to all sales reps, but only 50 of them (among 165) have access to it. Even if I assign it to them by bulk, it does not get assigned.",Feb 3: Users opted in,Low,Said Mussa,Hind Zerrouki,"1/30/2025, 5:13 PM",4,Configuration,Forecast - Update,102,32.77
,211082,Doppel,Fiscal Year has Been Changed in SFDC - when will it be reflected in Clari?,"Hey folks - I shifted our fiscal year to start in February. I thought Clari would inherit these settings from SFDC? It has been two days and the dates have not shifted when I select ""This quarter"" or ""Next quarter"" -- still showing a standard calendar quarter.",Fiscal period refresh is completed in Clari and I have adjusted the Forecasting and Quota entries as well.,P3,Pooled CSM,Trevor Barrett,"1/30/2025, 5:05 PM",6,Configuration,Other,149,64.90972222
,211097,Synopsys Inc.,Synopsys GTM Clari Sandbox:  change Forecast Configuration - file provided,"Hello Clari Support,

For GTM Clari Sandbox, we would like help implementing the attached Forecast Configuration file (file attached - clari_forecasting_config_01302025.xlsx).

We need to change any mention of existing field opportunity.total_cq_revenue_usd1__c to new value opportunity.revenue_forecast_usd__c.  I have highlighted the changes needed in yellow on the attached file. 

The changes affect the following tabs:
forecastId=summary
forecastId=fsa_drawdowns
forecastId=fc_summary_rev

Please let me know if any questions.

Thank you in advance for the assistance.
-Carol",-,Low,Marina Addonizio,Carol Cabezas,"1/30/2025, 11:10 PM",13,Configuration,Forecast - Update,298,135.0430556
,211109,ProcessMaker,Activate Copilot,This New Logo opportunity requires Copilot activation.,This org already created and activated,P2,Pooled CSM,Kamil Mojzesz,"1/31/2025, 3:18 AM",3,Access & Security,Other,71,15.11194444
,211147,"Riverbed Technology, Inc.",Need to deactivate validation rule in Clari,"Need to deactivate/delete validation rule in Clari on ROI estimate field. X470_Number__c

AND(
NOT(ISPICKVAL(Owner.Geo__c, 'LatAm')),
NOT(ISPICKVAL(Owner.Geo__c, 'Acceleration')),
NOT(ISPICKVAL(Owner.Geo__c, 'Channel Managed')),
(IsRenewal__c == false),
(ACV_Amount__c > 250000),
ISBLANK(X470_Number__c),
OR($Profile.Id = ""00e50000000uVEP"", /* RSM */
$Profile.Id = ""00eA0000000xg7k"", /* Regional Director/VP */
$Profile.Id =""00e50000000uVEe"" /* Sales Engineer */
),
OR(
ISPICKVAL(ForecastCategoryName , 'Best Case'),
ISPICKVAL(ForecastCategoryName , 'Commit')),
ISCHANGED(ForecastCategoryName),
ISPICKVAL(PRIORVALUE(ForecastCategoryName), 'Pipeline')",Deactivate VR.,Low,Ari Henck,Lucia Devide,"1/31/2025, 8:27 AM",5,Configuration,Validation Rules - Update,131,57.53972222
,211166,Vizion Inc.,Activate Copilot,This New Logo opportunity requires Copilot activation.,The org is already created and activated,P2,Pooled CSM,Dawn Perkins,"1/31/2025, 9:36 AM",2,Access & Security,Other,60,8.383611111
,211158,"iPipeline, Inc.",iPipeline - Forecasting Changes to existing tab,"Please make the changes in the requirements doc linked to the existing ""Pipe Gen"" forecasting tab","Resolution:
Update the ""New Business Pipe Generated"" column filter and create the new ""Upsell Pipe Generated"" column in the ""Pipeline Gen"" tab.",Low,Andrew Pohlen,Erin Martinez,"1/31/2025, 9:21 AM",3,Configuration,Forecast - Update,84,24.64666667
,211161,Tealium,Add New Column to Retention Forecast and CSM Summary,"This case is to request a new column added to the right of ""Cancelled Logo"" column called ""Out of Contract"" with the following requirements:
Metric: Count of Deals
Filter: (Opportunity.Stage is not Closed Won or Closed Lost) and Opportunity.Renewal Status = Late and Opportunity.Type = Renewal or Cancellation and Opportunity.Is Replacement = False","Root Cause:
The requested column was not originally included in the forecast reports, requiring a new addition to display deals that meet the specified conditions.

Resolution:
The column was added as per the requirements, and the Amount field was use",P3,Amanda DeLuise,Lia Stahl,"1/31/2025, 9:25 AM",3,Configuration,Forecast - Update,72,15.73527778
,211159,WekaIO,Weka - Fiscal Period Refresh,"Hi Team,

The Weka org will be performing a fiscal period refresh in their SFDC on Saturday, February 1st. They've asked us to run a refresh on our end to pickup the changes over the weekend so that way when the team logs in on Monday, February 3rd they see the updated time periods

please feel free to ping Erin Martinez directly if you have any questions",Completed Fiscal period refresh and Entries adjustment,Low,Erin Martinez,Erin Martinez,"1/31/2025, 9:23 AM",5,,,114,41.98638889
,211172,ThreeKit,Activate Copilot,This New Logo opportunity requires Copilot activation.,The org is already created and activated,P2,Pooled CSM,Dawn Perkins,"1/31/2025, 9:55 AM",2,Access & Security,Other,59,8.075277778
,211167,Wrike,Activate Copilot,This New Logo opportunity requires Copilot activation.,copilot is activated,P2,Alex Ertel,Kamil Mojzesz,"1/31/2025, 9:37 AM",3,Access & Security,Other,66,10.21055556
,211211,ClickUp,Activate Copilot,This New Logo opportunity requires Copilot activation.,Copilot org created,P2,Lyuda Rogers,Kamil Mojzesz,"1/31/2025, 12:45 PM",4,Configuration,Other,84,21.23722222
,211240,Skydio,New tab creation,Please create a new Pipeline Gen + Coverage tab,"Root Cause:
The requested Pipeline Gen + Coverage tab did not exist in the system, requiring manual creation based on the provided specifications.

Resolution:
The new tab was created as per the spreadsheet, and the appropriate user was assigned. The ",Low,Elizabeth Stoughton,Janhavi Wagle,"1/31/2025, 5:03 PM",4,Configuration,Forecast - Update,97,32.93611111
,211237,Varicent Canada Opco Ltd.,Additional collumns for WIP Products tab,"Hello,

After conversations with Varicent they would like additional collumns for visibility in each product for Commit, ML, and Upside. I've attached the spreadsheet in the links to requirements as well as linked it below, but please let me know if you have any questions.

https://docs.google.com/spreadsheets/d/1KClvd3k6AX5kLK474_5O2_7SsEC5g132rdEuRRLEv5s/edit?gid=1127150527#gid=1127150527

Thank you for all your help!","Resolution:
Addition of new columns in the ""New Product WIP"" tab based on the aggregation fields:
opportunity.acv_recognition_icm_usd__c
opportunity.acv_recognition_elt_usd__c
opportunity.acv_recognition_si_usd__c
opportunity.acv_recognition_sp_usd__",Low,Matthew Mcginley,Matthew Mcginley,"1/31/2025, 4:27 PM",6,Forecasting,Config Discrepancy,149,65.535
,211247,GWI,Activate Copilot,This New Logo opportunity requires Copilot activation.,This org is already created and activated,P2,Toni Pang,Dawn Perkins,"2/1/2025, 4:19 AM",1,Access & Security,Other,41,0
,211246,ambient ai,Activate Copilot,This New Logo opportunity requires Copilot activation.,This org is already created an activated,P2,Pooled CSM,Jason Barrientos,"2/1/2025, 3:25 AM",1,Access & Security,Other,42,0
,211245,"Cribl, Inc.",Activate Copilot,This New Logo opportunity requires Copilot activation.,Feb 4: Copilot org created,P2,Jason Parawan,Kamil Mojzesz,"2/1/2025, 3:08 AM",2,Configuration,Other,68,16
,211253,Check Point,Chaining the EXCLUDED FROM FORECAST  filter,"Hi,
Please change the ""EXCLUDED FROM FORECAST (EXCLUDED)"" filter in all the CRM columns, the forecast tabs, the Sandbox, and the production.
The filter should be:
EXCLUDED FROM FORECAST = Value not assigned
Do not exclude.

Thanks",Feb 3: Changes deployed in sandbox,P3,Toni Pang,Idan Saranga,"2/2/2025, 3:22 AM",9,Configuration,Forecast - Update,222,102.9558333
,211302,"SUSE, LLC",Two New Tabs,"Hi Team, please can you create two new tabs for Suse. CQ Pipeline and NQ Pipeline. These tabs should be similar to the Pipeline Coverage tab that Keerthi created last week. If you have any questions let me know. Thanks","Resolution:
Need to create the ""CQ Pipeline"" and ""NQ pipeline"" tabs in the forecast module based on the requirement sheet.",Low,Toni Pang,Toni Pang,"2/3/2025, 2:29 AM",2,Configuration,Forecast - Update,66,47.51361111
,211304,Check Point,Forecast Config Update for org 616 on the 6th of Feb,"Hi Ashutosh,

Please can you make the attached changes as discussed in Checkpoints org on the 6th of Feb to go live at 11:00am India Standard Time. 

Ashutosh, Idan will also send you a place holder call for between for 12:00pm IST to 2:00pm IST incase you need to hop on a call for any errors. You will only need to join this call if Idan emails.

If you have any questions let me know

Thanks,
Toni",Feb 6: Requested change implemented,Low,Toni Pang,Toni Pang,"2/3/2025, 3:29 AM",7,Configuration,Forecast - Update,175,87.18388889
,211352,Checkr,Clari Support - Checkr,"Hi Clari,

Can we have a support resource to help us with the following
[image: Screenshot 2025-02-03 at 8.32.44?AM.png]
[image: Screenshot 2025-02-03 at 8.32.51?AM.png]
?

Currently we have two tabs, ""MM Forecast"" and ""Ent Forecast"" - both under
the same manager, ""Steve Sanders"". Can we merge the MM tab* into the ENT
tab *so all Reps are rolling into Steve under the ENT tab? Thank you in
advance!

Clark

To unsubscribe from this group and stop receiving emails from it, send an email to dsc-request+unsubscribe@clari.com.",--,Medium,Matthew Mcginley,System,"2/3/2025, 8:37 AM",9,Configuration,Forecast - Update,210,106.3788889
,211364,Wallix,Activate Copilot,This New Logo opportunity requires Copilot activation.,the copilot is already activated,P2,Said Mussa,Dawn Perkins,"2/3/2025, 9:14 AM",1,Access & Security,Other,36,24.76222222
,211385,ThousandEyes,Changes to Conversion % on Renewal ACV tab,"Hi Can we change the conversion % equation on both quarterly and monthly oolumns. 

this is the current formula - = ( Leader Commit – Goal – Closing ) / ( Committed + Strong Upside + Late Renewals + Early Renewals )

This is what we need it to be - = ( Leader Commit – Goal – Closing ) / ( Committed + Strong Upside + Weak Upside + Late Renewals + Early Renewals )

We are inserting Weak Upside into the equation as it is currently missing. Thank you!","Resolution:
Update the formula for the ""Conversion %"" calculation column as  ( Leader Commit – Goal – Closing ) / ( Committed + Strong Upside + Weak Upside + Late Renewals + Early Renewals )",Low,Matthew Colangelo,Clay Swenson,"2/3/2025, 10:43 AM",1,Configuration,Forecast - Update,34,23.27277778
,211384,Scale AI,Update Enterprise Forecast tab,"We noticed other sales pods, i.e. International Public Sector, are currently populating in Julio's team forecast tab. Can we filter Julio's team forecast tab to only show opportunities with Pod = Enterprise?","Root cause:
Unable to find the ""Enterprise Forecast"" tab. Also, we cannot apply filter conditions based on individual users; we can only set them based on forecast roles.",Low,Pooled CSM,Emily Leadem,"2/3/2025, 10:34 AM",21,Configuration,Forecast - Update,513,247.4180556
,211395,Synopsys Inc.,Synopsys GTM Clari - Please fix the error in Forecast Configuration. by implementing the same fix as stated in 00200187,"Hello Clari Support,

We had to refresh Clari sandbox (GTM Clari Sandbox 2749) with a new SFDC (UAT) orgid and lost this fix done in 00200187.  We are requesting it to be put back. 

Thanks,
Carol",Feb 4: Requested fix implemented,Low,Marina Addonizio,Carol Cabezas,"2/3/2025, 11:16 AM",7,Configuration,Forecast - Update,167,79.42166667
,211381,Adobe Inc.,Delete forecast tabs,"We recently removed the users from the following forecast tabs. Request you to remove these tabs completely now (post confirming these tabs are not assigned to any users)
DMe WKFT, 
ETLA CCE AEM,
ETLA CCE WKFT,
ETLA CCE Stock,
ETLA Stock,
ETLA CCE WKFT,
ETLA Creative,
DME C&B Summary,
DME C&B Acrobat,
DME C&B Sign,
ETLA Firefly,
ETLA CCE Stock,
ETLA Stock,
ETLA Sign,
ETLA Creative,
ETLA Acrobat,
Frame.io",Removed the users and deleted the mentioned tabs permanently.,Low,Dov Markowitz,Abhinav Gupta,"2/3/2025, 10:26 AM",2,Forecasting,Forecast Opt-In,60,39.56611111
,211439,Acxiom,Duplicate Forecasting Tab,"We need the ""Acxiom Bookings"" forecasting tab to be duplicated with an exact replica and assigned to Sales Ops/Admins only. This new tab can be called ""Acxiom Bookings ACV."" We would like to have this completed by this Thursday end of day if possible. Sorry for the short notice. Nico Alvarez, our CSM is aware.","Root Cause:

The issue is due to 35 Sales Ops users having the ""Viewer"" forecast role, which restricts their ability to access the duplicated ""Acxiom Bookings ACV"" tab.

Resolution:

Access will be granted once the roles for the relevant Sales Ops u",Low,Nico Alvarez,Justin Brown,"2/3/2025, 2:02 PM",7,Configuration,Forecast - Update,172,83.95916667
,211445,Tealium,"Update Configurations on ""Out of Contract"" column","Can the filters on the column ""Out of Contract"" in both Retention Forecast and CSM Summary be updated with the following logic?

1. Replace renewal status = late with prior contract end date < TODAY()

Also, the filters for ""Out of Contract"" appear to be returning data in the CSM Summary, but the output in ""Retention Forecast"" is not matching when I try to update the filters.  Can you align the filters on both columns in the forecast grid?","Root Cause:
The discrepancy in data between Retention Forecast and CSM Summary is due to differences in the scope applied to each tab, affecting how the filters process data.

Resolution:
Updated the filter logic in both tabs to use Prior Contract End",P3,Amanda DeLuise,Lia Stahl,"2/3/2025, 2:46 PM",3,Configuration,Forecast - Update,75,51.21722222
,211453,"Cybereason, Inc.",CRM Score Segmentation Update,"Please update their CRM score segmentation to the following two buckets:

Deal Type (opportunity.deal_type__c)

1) Deal Type=[Initial, Upsell, Cross Sell]
2) Every other deal type

Thanks!",n/a,Low,Jason Parawan,Jason Parawan,"2/3/2025, 3:07 PM",1,Configuration,Other,33,18.86722222
,211470,Skai,Add analytics widget access to 'View Only' User Type,Please ensure User Type=[View Only] / User Type=[SE] has access to all analytics modules.,n/a,Low,Jason Parawan,Jason Parawan,"2/3/2025, 5:35 PM",10,Configuration,Analytics - Update,233,121.1227778
,211483,EnterpriseDB Corporation,"Create new tab - ""SPT Overall""","Create a new ""SPT Overall"" duplicate to ""ISV Overall."" 
It will have the same columns.
The only filter change is: The scope will be based on 
SPT_Owner__c field on opportunity.","Resolution:
Create a new ""SPT Overall"" tab as a duplicate of ""ISV Overall.""The only filter change will be that the scope is based on the SPT_Owner__c field on the opportunity.",Low,Alex Ertel,Archana Ranjan,"2/3/2025, 7:34 PM",16,Configuration,Forecast - Update,386,192
,211488,ServiceChannel.com Inc.,Assistance with Clari,The customer has a question about Clari: my forecast data does not match my salesforce,Refreshed the Fiscal periods to match with SFDC,Low,Christopher Williams,Jessie Tan,"2/3/2025, 9:08 PM",10,Forecasting,Related Entities,240,128
,211578,Virtana,Hide several tabs we no longer use,"Hello, 

Please hide the tabs highlighted in the attachment.  We are no longer using these. 
List is: 
Channel-New/Epansion
ARR-New
ARR-Expansion
ARR-Renewal
ARR Annual (New)
ARR Expansion (New)
ARR Renewal (New)
Summary",The mentioned tabs have been hidden,Low,Pooled CSM,Dana DeForge-Skrabak,"2/4/2025, 10:48 AM",1,Forecasting,Forecast Opt-In,33,23.18916667
,211592,Tealium,Field Config - Empty Values,"I added a column called Name (API Field Name = opportunity.contract.sbqq__opportunity__r.Name) in the Account Owner Mode / Opportunity Grid Layout.  The field is appearing with Load Status in Mode = ""Available"", but the values are empty when I look at the column in the grid.  Is there another step required to provide visibility to this field in the grid?","Feb 5: No values or options available for the string field. Once added, the field should start showing those values.",P3,Amanda DeLuise,Lia Stahl,"2/4/2025, 11:42 AM",6,Configuration,Field Config - Update,143,63.05027778
,211589,"Cybereason, Inc.",Add Columns to Forecast Tab,"Hi Team,

Can you please add these columns to the ""Test Global Renewals Forecast View"" and then I can edit further in forecast config? You can just add them to the end and I can move if needed. If you aren't able to put the full query, you can put anything in and I can then edit it afterwards.

""Renewal Rate (by ARR)"" -> Query: =Closed Won Incl New ACV (by ARR Date)/Total Subject to Renew ACV (by ARR Date)

""Remaining To Go (by ARR)"" --> Field to sum is ""Subject to Renew ACV"", Query: Scope is ""Owned By Me"" AND 'ACV/ARR Date' is ""__CLARI_FORMULA_DATE_RANGE__"" AND Stage not in [""Closed Lost"", ""Closed Won""] AND 'Deal Type' in [""Renewal"", ""Renewal + Upsell"", ""Renewal + Cross Sell""] AND 'Account Type' in [""Customer"", ""Former Customer"", ""MSSP Customer"", ""Former MSSP Customer""] AND 'Closed Reason' not in [""Data Hygiene/Duplication""]

 --> Manager Query: Scope is ""My Reports"" AND 'ACV/ARR Date' is ""__CLARI_FORMULA_DATE_RANGE__"" AND Stage not in [""Closed Lost"", ""Closed Won""] AND 'Deal Type' in ","Root Cause/Resolution:

The addition of these columns was necessary to fulfill the customer's updated requirements for the forecast view. No issues were encountered during the process, and any further changes will be handled based on customer feedback.",Low,Jason Parawan,Kristen Loomis,"2/4/2025, 11:34 AM",1,Configuration,Forecast - Update,35,22.43083333
,211591,"Riverbed Technology, Inc.",New Forecast Tab: Account Owner Forecast,"Riverbed would like to build a new Forecast tab per the linked requirements

For now, we won't opt in any users until the customer is ready to roll this out. 

Please let me know if you have any quesitons.","Resolution:
Creation of a new ""Account Owner Forecast"" tab in the forecast module based on the requirement sheet.",Low,Ari Henck,Ari Henck,"2/4/2025, 11:38 AM",5,Configuration,Forecast - Update,129,54.36583333
,211599,"Workday, Inc.","Update ""Closed"" criteria on ""My Total Forecast"" column on ""Total Forecast"" tab","Update ""Closed"" criteria on ""My Total Forecast"" column on ""Total Forecast"" tab:

at the end of the criteria where it adds the ""Closed Won"" Stages, we need to adjust it to include certain Stage 35 Closed Lost Oppts.

Updated criteria for the end:
AND ((Stage in [""8- Pending Close"", ""7- Won/Customer Signed"", ""9- Closed/Won""]) OR (Stage is ""35-Closed/Lost"" AND 'Sub Type' in [""Renewal - Scheduled"", ""Scheduled Renewal - Conversion""] AND 'Lost/Reject Reason' in [""Dropped Services""]))



Please complete in UAT-AGAIN Sandbox so i can confirm first, and then move to production.","Feb 5: Requested change implemented in sandbox

Feb 6: Requested changes implemented in production",Low,Mike Riggs,Jodie Lee,"2/4/2025, 12:13 PM",6,Configuration,Forecast - Update,143,62.53222222
,211612,"Dataiku, Inc.",Changes on the forecasting tab,"Hello! Could you please make the following updates on the Pipeline Generation forecasting tab:
1. Rename 'Pipe Target' to 'Pipe Target (Champion+)
2. Rename 'Pipe generated QtD' to 'Pipe generated QtD (Champion+)'
3. Change the filters for 'Pipe generated QtD':
Stage excluded Disqualified, Sales Accepted Lead, Goal
4. Hide columns 'Goal+ Pipe Sourced by BDR', 'Goal+ Pipe Sourced by Partner',  'Goal+ Pipe Co-Sourced',  'Goal+ Pipe Sourced by AE', ' 'Goal+ Pipe influenced by Marketing'.


On the tab 'Initial+Upsell breakdown' tab:
1. Create a column 'New logos' after column 'Initial Closed' that should be count distinct of Opportunity ID with ARR Type = Initial, MGT Forecast Category = Closed

Thank you!","Root Cause:
The request specified creating a 'New Logos' column but did not define the field type or the relevant amount field, leading to ambiguity in implementation.

Resolution:
We have completed all other requested updates and reached out to the c",Low,Lyuda Rogers,Inna Logunova,"2/4/2025, 1:00 PM",6,Configuration,Forecast - Update,149,68.97194444
,211654,"CrowdStrike, Inc.","Add Column To ""New Platform""  Forecast Tab","Need a new column added to ""New Platform"" Forecast tab

Name: Pipeline Coverage (S0+)

Query for Individual Contributor: Forecast Category in [""Commit"", ""Pipeline"", ""Upside""] AND Scope is ""Owned By Me"" AND 'Close Date ' is ""__CLARI_FORMULA_DATE_RANGE__"" AND 'Exclude from Clari Forecasting' is ""Not Checked"" AND 'New Platform ACV' in [""<> 0""]

Query for Forecast Manager: Forecast Category in [""Commit"", ""Pipeline"", ""Upside""] AND Scope is ""My Reports"" AND 'Close Date ' is ""__CLARI_FORMULA_DATE_RANGE__"" AND 'Exclude from Clari Forecasting' is ""Not Checked"" AND 'New Platform ACV' in [""<> 0""]

Location: Between ""Pipeline % of Total Pipeline and ""Pipeline Coverage (S1+)"" columns",The field has been added,P3,Lyuda Rogers,Samra Ahmed,"2/4/2025, 6:36 PM",6,Configuration,Forecast - Update,133,53.50888889
,211666,Gigamon,Add a widget to dashboard,"1. Please meet prior to building to understand the requirements well.
2. Pls let me know who can view this dashboard, its not in drop down if I am viewing the list, however one of our users can view it -
link to dashboard https://app.clari.com/dashboard?dashboardId=5d8cdf17f1ffbd0001efdf0f
3. Also on the same dashboard (https://app.clari.com/dashboard?dashboardId=5d8cdf17f1ffbd0001efdf0f) pls add the 2 widgets 'attached screenshot) (note i am unable to attach two files)

Pls provide some time to meet so we can go through the requirement together. thanks.
Note- I would prefer if someone can meet during pacific time. 
thanks,
Sahiba",Shared 'Support Renewals' dashboard with Sahiba and also updated the owner for the same dashboard.,Low,Amanda DeLuise,Sahiba Babbar,"2/4/2025, 10:31 PM",6,Dashboard,Other,138,62.245
,211669,Check Point,A question regarding forecaster is OOO,"Hi,
Is there a way for a forecaster to let Clari know they are OOO, and that way, the amber clock sign will not appear when they don’t submit a forecast?
If there is – please let us know. We would appreciate knowing how other companies are dealing with a situation where a forecaster is on PTO and cannot add their forecast call, but the status still needs to change to green.
We are well aware of the solution of setting up a proxy to submit a forecast for another user.",NA,P3,Toni Pang,Idan Saranga,"2/4/2025, 11:26 PM",1,Configuration,Other,20,16
,211719,Adobe Inc.,Change quota names,"Change the quota name for the following tabs:-
dx_specialist_quota_monthly_aep_arravg to dx_specialist_quota_aep_arravg_monthly;
dx_sam_quota_monthly_arravg to dx_sam_quota_arravg_monthly;
dx_specialist_quota_arravg to dx_specialist_quota_monthly_arravg_monthly;

Request to expedite this request as i need to perform quota upload functions",Updated the quota names and also adjusted the existing entries.,Low,Dov Markowitz,Abhinav Gupta,"2/5/2025, 7:20 AM",4,Configuration,Forecast - Update,109,42.66138889
,211734,"Vendavo, Inc.",Add Column to Renewals Forecast,"Can you please add a column to our 'Renewals' Tab on Forecast titled ""Churned Renewals""","Root Cause:
The customer requested a new column to manage forecasted churn for open renewals, requiring specific filtering and sorting criteria.

Resolution:
The column was created with the requested parameters, including filtering by Renewal Forecast",Low,Christopher Williams,John Gilmore,"2/5/2025, 8:20 AM",5,Configuration,Forecast - Update,119,47.155
,211787,GitLab,Worst Case Forecasted Churn & Most Likely Forecasted Churn,"Hi Team, could we please add the logic from the Worst Cast Forecasted Churn column and ML Forecasted Churn (SFDC) column in the RM Forecasted added to the WIP Renewal tab? These would need to be based off of default mode.","Root Cause:
Customer wanted the churn columns to be added to the WIP Renewal tab based on default mode, and the exclusion for specific user types needed to be consistent.

Resolution:
We added the requested columns and applied the necessary user type ",P3,Lizzie Rupp,Kathleen Rintelman-Betances,"2/5/2025, 11:06 AM",6,Configuration,Forecast - Update,154,70.89166667
,211775,Virtana,Mass Update Views and Default value,"We are moving away from the value field called Quota Bookings in favor or ACV.  Can you please do a mass update to all Views where Quota Bookings is used as the value and flip it to ACV?

Also, the ""default"" should be ACV, not Quota Bookings.

Thank you, 

Dana","Resolution:
Performed a mass update to replace 'Quota Bookings' with 'ACV' across all Views where it was used as the value. Additionally, set 'ACV' as the default value instead of 'Quota Bookings'",Low,Pooled CSM,Dana DeForge-Skrabak,"2/5/2025, 10:21 AM",7,Configuration,Saved View - Update,179,87.64027778
,211791,Okta,create new profiles for users in Sandbox  / Production,"Hi all,

We recently made some changes to profiles in our sandbox instance. Can we please rename 'Service Sales' to 'Service Sales Managers'?

Once that is completed, can you please incorporate all the new roles we added/changed in Sandbox into our production instance?",Feb 10 : Requested changes implemented in production,Low,Matthew Colangelo,Ricco Ugas,"2/5/2025, 11:20 AM",5,Configuration,Forecast - Update,122,50.29111111
,211816,Clari House Account,Remove saved views from spreadsheet from o:13,"We identified all of the saved views that are not tied to any dashboards ready for deletion. There are ~1000 saved views so I believe we can take the detail.filterID and search for them in Mongo to remove them as well. If you find that the saved views are still leveraged in widgets in dashboards, please remove. These saved views have not been accessed since 1/1/24 and earlier.",n/a,Low,Jessica Starr,Michelle Vu,"2/5/2025, 1:22 PM",19,Configuration,Saved View - Update,445,197.1686111
,211841,"Cornerstone OnDemand, Inc",Please create duplicate of Renewal tab,"Please create duplicate of Renewal tab and name it ""Evolve"". On this new Evolve tab add a new forecast column titled ""Evolve MLC"" and place next to Churn MLC column. Requirements for new column attached","Resolution:
Duplicate the 'Renewal' tab and rename it to 'Evolve'. Add a new forecast column titled 'Evolve MLC' next to the 'Churn MLC' column as per the requirements.",Low,Alison Quartironi,Andrew Fuoco,"2/5/2025, 3:21 PM",6,Configuration,Forecast - Update,150,66.64805556
,211854,Hewlett Packard Enterprise,Update Dashboard widgets,"Hi Team,
In the opportunity module, we have the view ""Storage HW+SaaS CQ All Deals Open & Won"", this has filter Product Line, with 178 values selected.
We want this 178 Product line to be enabled for all of the widget in the Dashboard under ""Storage HW + SaaS CQ revenue movement"".
Storage HW + SaaS CQ Closed Won Deals; Storage HW + SaaS CQ Commit Deals; Storage HW + SaaS CQ Upside Deals; Storage HW + SaaS CQ Open Deals; Storage HW + SaaS CQ Upside Deals; 
and also the Analyze widgets available in Dashboard - What slipped over the past week? How much have we pulled in the last 7 days to supplement; How has my CQopen revenue changed over the past week; Looking ahead : NQ open deals that have momentum in the last 30 days, Looking ahead : NQ open deals that have stalled in the last 30 days
Total 13 widgets on the dashboard.",The requested changes are completed,Low,Stephanie Ervin,Nagaraj S,"2/5/2025, 9:42 PM",8,Configuration,Dashboard - Update,192,96
,211897,Globalization Partners LLC,New forecast tab - Partner quarterly forecast,"Hi Team,

Can you help building a new tab ""Partner quarterly forecast""?
Let me know if there's any question

Regards
Sophie","Resolution:
Creation of a ""Partner quarterly forecast"" tab based on the requirement sheet.",Low,Andrew Pohlen,Sophie Mok,"2/6/2025, 5:13 AM",5,Configuration,Forecast - Update,136,60.77527778
,211900,Amagi Corporation,Request to Update Pipeline Goals by Region in Clari,"Hello 
I’d like to request an update to the target line in the Opportunities Created widget dashboard to reflect different pipeline goals by region for the quarter. Currently, there is a single target, which I am unable to change,  but we need to customize it per region based on our gross goals.

Could you please update the pipeline goals as follows:

Americas: $900K
EMEA: $190K
APAC: $90K
CAM: $50K
Let me know if you need any additional details or if there are any limitations in implementing this. Appreciate your support on this!

Best Regards
Cornel Prabhu",--,Low,Rohit Agarwal,Cornel Prabhu,"2/6/2025, 5:19 AM",22,Configuration,Dashboard - Update,525,253.2208333
,211909,Pure Storage,Update Forecast User Opt-ins,"Hi Support,

Pure Storage is updating their forecast opt-ins for there new fiscal. This update needs to take place on 2/7 @ 12pm PT. There are several users, so we are wanting to do this in bulk. Pure Storage will be providing a file to us with the right format. My understanding is this can be uploaded into the backend via Mongo in CSV/JSON format.

Please let me know who we can assign to this request. We will need someone US-based since this is a request for tomorrow at 12pm PT.

Thank you!",Closing this case after confirmation from Ty,Low,Matthew Colangelo,Ty Lapinski,"2/6/2025, 5:41 AM",5,Forecasting,Forecast Opt-In,136,60.30555556
,211902,Amagi Corporation,Request to Adjust Monthly Fees Thresholds in Clari,"Hi Clari Team,

I noticed that in the Monthly Fees filter, the range 10K-50K is grouped together in inspect tab, but we need it to be split into:

10K-25K
25K-50K
Could you please update the thresholds accordingly to reflect these changes? Let me know if this is possible or if there are any limitations.

Best Regards
Cornel Prabhu","Root Cause:
The Monthly Fees filter originally grouped the 10K-50K range together, which did not align with the customer's reporting requirements.

Resolution:
Modified the filter thresholds to create two separate ranges: 10K-25K and 25K-50K, ensuring",Low,Rohit Agarwal,Cornel Prabhu,"2/6/2025, 5:23 AM",3,Configuration,Field Config - Update,88,28.60055556
,211938,Adobe Inc.,"Can you please add ""Value Not Assigned"" as picklist value options for the sales play fields mentioned in the desciption.","Can you please add ""Value Not Assigned"" as picklist value options for the following fields so that users can filter the deals where these fields are not populated:
1. Strategic Sales Play
2. Portfolio Sales Play
3. Application Sales Tactic

These are multi-select picklist values fields but the picklist values are directly being read from SFDC and do not Value Not Assigned as an option either during field edit or filtering. Can you please let us know why Value Not Assigned was not added by default as a picklist value option so that we can filter on deals having blank value for the above mentioned fields.",We don't have the option to add a filter option to picklist; the change needs to be made in SFDC.,Low,Dov Markowitz,Radhika Khetan,"2/6/2025, 7:49 AM",14,Configuration,Field Config - Update,344,168.0630556
,211958,Stack Overflow,Updated Column for Forecast Module (Employer Branding Tab - Opportunities ),"Hi Support

Can you please help me rearrange some columns around on the Forecast Module under the Employer Branding Tab (Opportunities)
Column order from left:
Name
CRM Score
Owner
Sales Forecast
Amount
Clari Opportunity Type
Close Date
Stage
Channel (This is a new field we just created in Salesforce)
Days In Qualified Pipeline
Next Steps
everything else as is","Root Cause:
The customer requested a reordering of fields in the Forecast Expanded Details. Since this section operates under Opportunity Mode, any changes made here impact all other tabs using the same mode, including the Employer Branding tab.

Resol",Low,Matthew Mcginley,Alan Huang,"2/6/2025, 9:11 AM",8,Configuration,Forecast - Update,189,93.17666667
,211982,AppViewX,Enable AI deal insights,Please enable AI Deal Insights for their Inspect/Account modules. Thanks*,AI Deal insights are enabled.,Low,Jason Parawan,Jason Parawan,"2/6/2025, 10:43 AM",1,Data Science & Analytics,Other,15,7.476111111
,212026,OneRail,Quick Forecasting Changes for Renewal Saves,"Some quick fixes will go a LONG way to save this account from FULL CHURN:

1. Transportation Tab - Can we change ALL the columns filtersets for opportunity.recordtypeid= Transportation

2. Two new tabs. Just copy the ""Forecast"" tab for the layout. All same filtersets but the Record Type (opportunity.recordtypeid)

New Tab:
New Business
(All same from ""Forecast"" tab, only different thing is have opportunity.recordtypeid= Business Development & Strategic Accounts)

New Tab: CS
(All same from ""Forecast"" tab, only different thing is have opportunity.recordtypeid= Upsell/Change Request)","Resolution:
Transportation Tab

Update all column filter sets to apply only when opportunity.recordtypeid = Transportation.
Create Two New Tabs

New Business Tab
Duplicate the ""Forecast"" tab layout.
Modify the filter to apply only when opportunity",Low,Pooled CSM,Samuel Lee,"2/6/2025, 2:31 PM",5,Forecasting,Other,127,51.46861111
,212029,"Juniper Networks, Inc.",Configure Validation Rules,"In Clari currently when an oppty Sales Stage is marked Closed-Won or Closed-Lost, “Close Reason” and “Reason Detail” is not forced to be populated, which is the case in SFDC. This is causing the two fields mentioned to be blank when closed within Clari.

 

Please can we get this validation rule implemented in clari. 

There are two validation rules for this process as follows. Let me know if you need anything else from our side.",The validation rules are already in place in Clari,Low,Stephanie Ervin,Stephanie Ervin,"2/6/2025, 2:46 PM",42,Configuration,Validation Rules - Update,997,470.0105556
,212036,Eightfold Ai Inc.,New tab creation,"Please clone it using the existing ""New Business"" tab
Do not opt anyone in this tab

The customer added two new forecasting roles. We need to add additional formulas for individual columns.

Can this be finished by tomorrow for us to review since we will be away next week attending RKO?","Creation of the ""New Business - Testing"" tab based on the requirements.",Low,Alex Ertel,Janhavi Wagle,"2/6/2025, 4:11 PM",11,Configuration,Forecast - Update,269,113.8136111
,212052,Chainalysis,Forecasting Logic Error,"On the (Global) Renewals UAT Forecsting Tab for our ""Open Green"" column, I'm trying to use the following logic in part of the Query  

(('Risk Severity' is ""Green"" OR 'Contraction Risk' is not ""< 0"") AND 'SW Lost' is not ""< 0"")

The part of the logic  ""< 0"" does not seem to be working. How can I input a statement that returns Opportunities that don't have these fields with values less than 0?",Filter option was missing.,Low,Andrew Seymour,Maxwell Davison,"2/6/2025, 8:51 PM",7,Configuration,Forecast - Update,153,67.47666667
,212070,"Sage Intacct, Inc.",Set Up Chorus in Activty Signals,Set Up Chorus in Activty Signals for customer - copy of Task in Attachements,New Activity Signal (Chorus),Low,Said Mussa,Parin Lad,"2/7/2025, 3:00 AM",5,Configuration,Signals - Update,123,51.42694444
,212076,"Intercom, Inc.",Hide Fin New Logo Actual Column in AE Tab,"Hi Team,

Can we please hide Fin New Logo Actual column in AE Tab? We'll need to update this column more before we can put it in production","Root Cause:
The Fin New Logo Actual column in the AE Tab requires further updates before it is ready for production. To prevent premature visibility, it needed to be hidden.

Resolution:
The column has been hidden in the AE Tab as requested. It will r",Low,Tyler Jass,Leo Zhang,"2/7/2025, 4:15 AM",6,Configuration,Forecast - Update,162,77.74083333
,212095,ThousandEyes,Referencing Pipeline from previous year in Forecast tab,"Hi!

We are looking to build some new columns in one of our forecast tabs. One of the asks is; to provide the open pipeline at the start of the same quarter the previous year. For example - in Q3 2025, provide the value of pipeline at the start of Q3 2024. We are already referencing previous years quarters for bookings so wanted to know if it was possible to do the same with pipeline. Thank you!","Resolution:

Addition of a new column.",Low,Matthew Colangelo,Clay Swenson,"2/7/2025, 7:14 AM",11,Configuration,Forecast - Update,278,122.755
,212119,Godesic Limited (dba Cutover),New Forecast Tab,"Hi Team, 

I am looking to create a new forecast tab called ""NDR"". I would also like the following columns added as well from left to right (I assume I can now edit the columns to query what id like so im thinking I only need this ticket to really create the tab.)
Quota
Prior ARR
ARR Renewed
ARR Uplift
Churned ARR
Master ARR
NDR % Retention

Let me know what other info you may need to create this! 
I would love to have this created by EOD if possible! 

Again, I canmost likely do most of the editing but just need the tab created, thanks","Resolution:
Created a new NDR tab. The column order needs to be aligned based on the following fields:

Quota
Prior ARR
ARR Renewed
ARR Uplift
Churned ARR
Master ARR
NDR % Retention",Low,Pooled CSM,Adam Frank,"2/7/2025, 8:54 AM",6,Configuration,Forecast - Update,142,62.39388889
,212183,"Factor Systems, LLC d/b/a Billtrust",New WIP Tab for Billtrust,"Hello,

Billtrust would like to add Low and High Forecasting calls to their forecasting process.

To ensure that we're setting them up the right way I would like to create a new WIP tab for them to test out before we roll it out to the larger organization. 

Below are the link to the changes in red needed in the sheet, and please only make this change visible to Charlie Laracy and Jim Delaney,

claracy@billtrust.com
jdelaney@billtrust.com

https://docs.google.com/spreadsheets/d/1_bHGmmEsDUHmGCUR94aaMVkFlLYfukkdgpla7t-9H7k/edit?gid=1211817542#gid=1211817542","Root Cause:
Billtrust wants to incorporate Low and High Forecasting calls into their forecasting process. To ensure the setup meets their needs, they requested a WIP tab for testing before full implementation.

Resolution:
We created the requested WIP",Low,Matthew Mcginley,Matthew Mcginley,"2/7/2025, 1:16 PM",6,Configuration,Forecast - Update,153,68.73083333
,212234,Automation Anywhere,Request to Add Email Domains to Clari Exclusion List,"We need to add the attached email domain list to the Clari Exclusion List.

Thanks
Chetan Bhatt",Domain blacklist,Low,Nico Alvarez,Chetan Bhatt,"2/10/2025, 12:18 AM",8,Configuration,Other,205,107.3066667
,212235,Check Point,MEDDPICC Score - value not assigned,"Hi,
We need another category in the ""MEDDPICC Score"" filter = ""Value Not Assigned"", meaning that no score is assigned to the opportunity. Can you please implement this? Currently, when we are using the group by, the values are not summing up correctly as we are missing the Value Not Assigned opportunities.","Feb 12 : Filter option created

Feb 18 : Raised a support case 00213225

May 12 : Case being continued on the support case 00212235",P3,Toni Pang,Idan Saranga,"2/10/2025, 1:03 AM",91,Configuration,Field Config - Update,2186,1042.554167
,212241,Synopsys Inc.,Synopsys GTM Clari - production org 2622 -  Please fix the error in Forecast Configuration by implementing the same fix as stated in 00211395 to Clari production.,"Hello Clari Support,

We tested the fix done in sandbox - please reference case 00211395.  And would like to make similar changes to fix the Forecast Configuration error we are seeing in Clari Synopsys org instance (org 2622). 

Please let me know if you have any questions. 

Thanks!
Carol Cabezas",Feb 10 : Requested changes implemented,Low,Marina Addonizio,Carol Cabezas,"2/10/2025, 2:27 AM",1,Configuration,Forecast - Update,31,22.50166667
,212269,Wallix,Scope in views to change from roles to territory,"Client: 

We are struggling to understand why, when creating a new view (opportunity mode) the scope is set on the Role instead of the Territory.
Though we want to use the Territory as main dimension, while this is our setup in sfdc too.
See snapshot here under.

It is important for us to have the Scope aligned to our Territory hierarchy (instead of Roles) and have the Clari's Lens feature working accordingly, when sharing views with the rest of the org.",n/a,Low,Said Mussa,Said Mussa,"2/10/2025, 6:41 AM",8,Configuration,Other,205,107.3088889
,212278,Onfido Ltd,Commit / Best Case coverage is calculated wrongly,"Hi team, the Commit value in commit & Best Case coverage has included Closed wrongly, so the Closed value has been added twice in the coverage calculation. (attach Commit coverage calculation below)",updated the Commit coverage & Best Case coverage columns.,Low,Andrew Pohlen,Yu Hsuan Chen,"2/10/2025, 7:13 AM",18,Configuration,Forecast - Update,430,222.195
,212275,DigiCert,New Forecast Tab,Will you clone our T-ACV forecast tab and name the new tab: Consumption-ACV,Feb 10: Tab replicated,Low,Jason Parawan,Matt Casatelli,"2/10/2025, 7:02 AM",9,Configuration,Forecast - Update,209,106.9530556
,212293,Blackbaud,Need for 4 new tabs on Forecasting,"Currently, we have 4 tabs related to Pipe Gen and their budgets. 
Pipe Gen - Channel - Month
Pipe Gen - Channel - Quarter
Pipe Gen - Opp Type - Month
Pipe Gen - Opp Type - Quarter

These do their purpose of tracking the created pipeline vs budget.
But we have a need now to also track ""qualified pipeline"" against specific ""qualified pipeline budgets"". Meaning although we can identify the qualified pipe (with a filters in the existing tabs) we do need to display it vs. its own budget/quota that I have ready to load. So we will need 4 new tabs:
Qualified Pipe - Channel - Month
Qualified Pipe - Channel - Quarter
Qualified Pipe - Opp Type - Month
Qualified Pipe - Opp Type - Quarter

These new tabs should be set up almost identically to the current Pipe Gen tabs and work very similarly. Just with a different/more specific subset of opps.
Here is what we need to use to make the tabs work and be unique.

1) These are the open opp stages and closed dispositions that are possible for a ""qualifie","Root Cause:
The customer requested filtering by ""Initial Qualified Date"", but this field is not fully available in Clari yet. Applying the filter now causes errors on the tabs.

Resolution:
Created the four requested tabs and added the Stage field wit",Low,Lyuda Rogers,Adam Broering,"2/10/2025, 8:06 AM",10,Configuration,Forecast - Update,251,137.89
,212285,Unity Technologies,Remove Composite Forecastin,"Hello,

Would we be able to remove the 'Composite' forecasting roll-up on the 'New License & SST' and 'Renewal License' tabs, please? We'd like for them to match the 'New Business ARR' tab, and the composite forecast option is causing confusion.

Thank you!",Remove Composite from columns,Low,Ari Henck,Cass Burns,"2/10/2025, 7:42 AM",2,Configuration,Forecast - Update,47,30.71944444
,212306,Flexera,Making Changes to the Flexera IBM Forecast tab,"Hi Clari,

We would like to make changes changes to our Flexera IBM Forecast tab. The changes are meant to make this tab informational only and no longer require the sales team to update this tab with a weekly forecast going forward. Below are a list of the changes we would like to make to this tab.

Changes:
1.	Delete the IBM Current Projection column and the Gap to Projection column.
2.	Delete the IBM High Current Projection column. 
3.	Delete the IBM Low Current Projection column.
4.	Delete the Cloud Pipeline column.
5.	Delete the Subscription Pipeline column.
6.	Delete Perpetual Pipeline column. 


I have been in contact with Luke Tyson about these changes and we (Cathleen Neibch and I) would like to set up a quick meeting with someone on the configuration team to discuss the implications of these changes before any changes are made. If possible, setting up a meeting for today after noon Mountain Time would work best.",Feb 11: Requested changes implemented,Low,Nico Alvarez,Joseph Wnukowski,"2/10/2025, 9:14 AM",9,Configuration,Forecast - Update,207,104.7619444
,212308,Acxiom,Forecast Tab Add Column,"Hi Build Team-

On the newly created ""Acxiom Bookings ACV"" forecasting tab- can we add a brand new column to the far right, next to Prospecting. 
The purpose to this column will be to calculate the FYRR of those deals that are either in Closed/Won sales stage or the Commit Forecast Category. We want this column to summarize by the PCYRR_In_Year__c field versus the ACV field the rest of the columns look at. 

Will you please review and assist?

Thanks,
Justin","Root Cause:
The requested amount field (PCYRR_In_Year__c) belongs to the Opportunity object, but the existing Query Object is OpportunityLineItem, making it incompatible.

Resolution:
Used Total Price (ACV) – OpportunityLineItem.Total_Price_ACV__c as ",Low,Nico Alvarez,Justin Brown,"2/10/2025, 9:31 AM",3,Configuration,Forecast - Update,84,56.46833333
,212318,"Workday, Inc.",Requesting New Forecast Tab,Requesting a new forecast tab in Clari. Attached are the requirements. Can we get this into sandbox first before pushing to production? Looking to have this request completed by end of Feb. thank you!,Feb 12: Created tab in sandbox,Low,Mike Riggs,Christine Lau,"2/10/2025, 10:00 AM",35,Configuration,Forecast - Update,830,391.9888889
,212335,"Cybereason, Inc.",Forecasting Tab Addition,"Hi Team, 

Can you add a column called ""Worst Case Churn"" to the tab ""Test Global Renewals ARR Forecast""?

Formula have it be Subject to Renew ACV that is summed.
('Record Type ID' in [""012f1000001176dAAA""] OR ('Record Type ID' in [""0123Z0000004ahUQAQ""] AND 'CRKK Payment Record Only' in [""Not Checked""])) AND 'Scope (Renewals)' is ""Owned By Me"" AND 'ACV/ARR Date' is ""__CLARI_FORMULA_DATE_RANGE__"" AND 'Deal Type' in [""Renewal"", ""Renewal + Upsell"", ""Renewal + Cross Sell""] AND 'Account Type' in [""Customer"", ""Former Customer"", ""MSSP Customer"", ""Former MSSP Customer""] AND 'Closed Reason' not in [""Data Hygiene/Duplication""] AND Forecast in [""Closed"", ""Commit""]

Thanks!
Kristen","Resolution:
Add the ""Worst Case Churn"" column in the ""Test Global Renewals ARR Forecast View"" tab.",Low,Jason Parawan,Kristen Loomis,"2/10/2025, 12:09 PM",1,Configuration,Forecast - Update,33,21.83472222
,212342,"Sumo Logic, Inc.",Add New Forecast Columns,"Hi Clari Support,

Our sales leaders are looking for additional information when viewing their forecast. Could you please help me create the 3 new forecast columns below? Thank you!

1. Forecast Tab: New ACV
Column Name: $100K Opps
Placement: Directly to the right of ""Pipe Gen QTD""
Filters
- RECORD TYPE: Split Deal, New Business, Upgrades
- ACCOUNT RECORD TYPE: Exclude ""Test Account""
- Stage: Stage 1: SDR Meeting Scheduled, Stage 2: Sales Accepted Lead (SAL), Stage 3: Discovery, Stage 4: Demo, Stage 5: BVA, Stage 6: POV, Stage 7: Verbal Received / Negotiation, Stage 8: Order Management, Stage 9: Finance Review, Closed: Won
- Amount: >=$100,000
- Date Filter: Forecast Date
Additional Comments: This column isn't a forecast entry column and does not need to be editable. Please just display the total record count of opps.


2. Forecast Tab: New ACV
Column Name: New Logo Opps
Placement: Directly to the left of ""Month 1""
Filters
- TYPE: New Logo
- ACCOUNT RECORD TYPE: Exclude ""Test Account""
","Resolution:
Add ""$100K Opps"" and ""New Logo Opps"" column in the ""New ACV"" tab.
Add ""Forecast"" column in the ""Renewals (Sales)"" tab.",Low,Andrew Seymour,Hieu Huynh,"2/10/2025, 12:32 PM",3,Configuration,Forecast - Update,80,53.45083333
,212345,"Cybereason, Inc.",Add Columns to Forecast Tab - Test Global Renewals by Close Date View,"Hi Team, 

Can you add the highlighted columns to the Forecast view called ""Test Global Renewals by Close Date View""?

Thank you!","Root Cause:
Customer requested additional columns to be included in the forecast view for better tracking.

Resolution:
Added the requested columns and provided a screenshot for verification.",P3,Jason Parawan,Kristen Loomis,"2/10/2025, 12:38 PM",1,Configuration,Forecast - Update,33,21.35944444
,212383,Gigamon,Access to Analytics,pls provide access to all Analytics features,Provide Waterfall analytics access to Sahiba,P3,Amanda DeLuise,Sahiba Babbar,"2/10/2025, 4:03 PM",0,Data Science & Analytics,Waterfall,0,0.210555556
,212419,Bynder,"Add ""upside"" forecast in Expansion tab","Hi team,
In our Forecast tab:
- ""CSM Expansion"" tab
- Can we add one column after ""Closed Expansion""
- Name: ""Upside Expansion Pipeline""
- Criteria: Reporting date = current quarter, scope = CSM (same as all the others), Forecast level = Upside, Stage excluded closed/won, closed/lost, NEW/EXPANSION ARR FORECASTED/REPORTED
> 0, SALES TEAM Value Not Assigned

Thank you!","Root Cause: The column was not previously included in the Forecast tab, and the customer needed it for better reporting.

Resolution: Added the requested column with the defined criteria and notified the customer.",Low,Rohit Agarwal,Mandy Van Rijn,"2/11/2025, 3:29 AM",6,Configuration,Forecast - Update,162,78.50972222
,212413,"Aptean, Inc.",Add a Forecasting Column,"Hi,  Please could you add a column to the following forecast tabs:

RAD Software
RAD Software Wip

The properties should be a duplicate of SAAS Pipeline Generation (Last 90 Days) Ratio but looking at new logo instead, the title should be ""NSS Pipeline Generation (Last 90 Days) Ratio""  and the query:

'Scope (RAD Mode)' is ""Owned By Me"" AND 'Created Date' in [""Last 90 Days""] AND 'Order Type' in [""New Logo""]

If you need any further information or there is a way for me to add a column myself please let me know.  I checked the actions drop down and this option is not available for me, if you could add it that would be great.

Thanks,
Laura","Resolution:
The requested ""NSS Pipeline Generation (Last 90 Days) Ratio"" column has been added to the RAD Software and RAD Software WIP forecast tabs, following the specified query criteria.",Low,Nico Alvarez,Laura Day,"2/11/2025, 1:56 AM",1,Configuration,Forecast - Update,27,19.20694444
,212437,"CrowdStrike, Inc.",Update Column Query,"Tab: New Platform in Forecast Module
Columns: Commit % of Total Pipeline, Upside % of Total Pipeline, Pipeline % of Total Pipeline 
Update Required: Change query to divide by Pipeline Coverage (S0+) Total instead of Pipeline Coverage (S1+) Total 
Example: Commit Total / Pipeline Coverage (S1+) Total will be updated to Commit Total / Pipeline Coverage (S0+) Total",,Low,Lyuda Rogers,Samra Ahmed,"2/11/2025, 6:24 AM",1,Configuration,Forecast - Update,29,20.84444444
,212433,Checkmarx,Updates to Renewal tab,"On Renewal tab in forecasting please update formula:
Estimated Orr = Realistic + Won Before 2024 / Expected Renewal Total - Early Won w/Downsell 
Actual Orr = Closed + Won Before 2024 / Expected Renewal Total - Early Won w/Downsell",-,Low,Toni Pang,Lala Djafarov,"2/11/2025, 5:55 AM",1,Configuration,Forecast - Update,29,21.33805556
,212460,Dynatrace LLC,Update Swap Typ to Exclude Swap Type = Repackage,"Once the Swap Type field is Available, we need to make a system wide filter configuration change to exclude Swap Type =Repackage wherever pipeline is calculated.
This is a Global change.

Please make this change and let us know when it is complete.",NA,P3,Liz LeDoux Tajonar,Simina Roman,"2/11/2025, 7:51 AM",8,Configuration,Forecast - Update,206,106.1430556
,212459,"Trellix (Musarubra US, LLC)",Update MODE in Forecast Columns,"In the forecast tab, FUTURE PIPE GEN TCV, please update the MODE in the following columns:

Next 4Qs TCV NB Attach >  Mode = 'New Biz View into Renewals Mode'
NQ TCV NB Attach >  Mode = 'New Biz View into Renewals Mode'
NQ+1 TCV NB Attach >  Mode = 'New Biz View into Renewals Mode'
NQ+2 TCV NB Attach >  Mode = 'New Biz View into Renewals Mode'
NQ+3 TCV NB Attach >  Mode = 'New Biz View into Renewals Mode'",Feb 11: Requested change implemented,Low,Whitney Drazovich,Kim Grant,"2/11/2025, 7:50 AM",8,Configuration,Forecast - Update,188,92.15138889
,212479,Godesic Limited (dba Cutover),Connect with CSM to overhaul 2 forecast tabs,"Hi Team,

I have a lot to discuss and edit regarding 2 tabs in my forecast and instead of creating 10 tickets and it taking weeks to accomplish, Id much rather meet with a CSM for 30 -45 min and tackle everything as my board needs this information completed this week. 

My availability is as follows this week: All times EST
2/11 - 1pm, 2pm, 3pm, 4pm
2/12 - 1pm, 2pm, 4pm
2/13 - 1pm, 2pm, 3pm, 4pm
2/14 - 1pm, 2pm, 3pm, 4pm

Thanks, 
Adam",CSM assigned,Low,Pooled CSM,Adam Frank,"2/11/2025, 8:46 AM",8,Configuration,Forecast - Update,184,89.21861111
,212537,Canto,New forecasting tab,"Hi Support,

Please see the requirments for a new tab called PIM Upsell. This tab should follow the exact same structure as our Addon tab, except for the record type on the tab and the group by field is different. 

Please let me know if anything additional is needed.","Root Cause: The PIM Upsell tab did not exist, and the customer needed it for forecasting with a different record type and grouping.

Resolution: Created the PIM Upsell tab, applied the necessary filters, and grouped data by Account Manager as requested.",Low,Pooled CSM,Megan Jacobson,"2/11/2025, 12:48 PM",2,Configuration,Forecast - Update,56,37.19222222
,212555,Druva,"Copy worst case, forecast and best case columns from Production to Sandbox","The customer wants worst case, forecast and best case columns for all Forecast users copied from Production to Sandbox.",We observed that both the sandbox and production have the same tabs and columns,Low,Asante Muhammad,Nic Boutte,"2/11/2025, 2:03 PM",13,Configuration,Forecast - Update,307,139.0158333
,212618,Coursera Inc,Updated filters in forecasting rollups,"In the below 3 forecast tabs and columns, we need to add a filter for ""AND (opportunitysplit.splittype.masterlabel = ACV)"" to make sure that only ACV type splits are rolled into the number. 
- Renewal - C4B tab > ""Renewal Upside ACV Rollup"" column
- Renewal - C4C tab > ""Renewal Upside ACV Rollup"" column
- Renewal - C4G tab > ""Renewal Upside ACV Rollup"" column",,P3,Liz LeDoux Tajonar,Tyler Class,"2/12/2025, 4:44 AM",6,,,139,61.25194444
,212645,"Yext, Inc.",New Forecasting Columns,"Hi There - Can we please get the below two new forecasting columns in the Yext ""Retention - Ownership"" tab? Any chance we can get this done today? Thank you and can always hop on a call whenever!

Open - Total Churn 
- Amount Field to Sum: Clari: Open - Total Churn (Clari_Open_Total_Churn__c)
- Deal Status = Open
- Clari Retention - Sales and CS = Checked
- Clari: Open - Total Churn (Clari_Open_Total_Churn__c) < 0
- Place this column to the right of the ""Open - Churn"" column


Closed - Total Churn
- Amount Field to Sum: Clari: Closed - Total Churn (Clari_Closed_Total_Churn__c)
- Deal Status = Closed-Won OR Closed-Lost
- Clari Retention - Sales and CS = Checked
- Clari: Closed - Total Churn (Clari_Closed_Total_Churn__c) < 0
- Place this column to the right of the ""Closed - Churn"" column

There are some updates to be made to the ""All Forecasts"" screen as well in the ""Retention - Ownership (Yext/HS)"" tab:
- Open - Churn: This column should point to the new ""Open - Total Churn"" column in t",Feb 12: Requested changes implemented,Low,Marina Addonizio,Brandon Peters,"2/12/2025, 8:01 AM",7,Configuration,Forecast - Update,183,89.97416667
,212673,Atlassian Pty Ltd,Atlassian | Clari Total SSE Logic injection,"The Atlassian team have some logic that we would like implemented into the Total SSE rollup and are unsure of the best way to make it compatible with Clari syntax. We have the code working in SQL and would like to review.

We have a call on February 13th at 3:00 PM EST, that I would like to have someone join the call.",n/a,Low,Chris Hughes,Chris Hughes,"2/12/2025, 10:06 AM",13,Configuration,Forecast - Update,305,137.4347222
,212708,"CrowdStrike, Inc.",Need assistance with Filter,"Hey Team,

We’re trying to create a filter in the currency field “opportunity.falcon_shield_nacv__c” that removes blank values. We initially thought that the filter <>0, which means “not equal to zero,” might be helpful, but it’s not.

Could you please help us develop a filter to eliminate blank values?",NA,Low,Lyuda Rogers,Apurva Yadav,"2/12/2025, 12:29 PM",7,Configuration,Field Config - Update,177,85.51055556
,212728,"Hyland Software, Inc.",Clari Forecast Module configuration,"I recently worked with Clari engineering to update several configuration changes. I reviewed them yesterday, and today many of the configurations are reverted back/incorrect. I have tried to make the below changes on my own in Studio; however, every time I make a change on Perpetual ACV tab the system creates the same draft changes on the Sub & SaaS ACV tab.  I have tried several times, and this happens every time, so I ""Clear All Changes."" 

That said, I am requesting the following changes: 
1.)  on the Perpetual ACV tab,  in the month section on the Quota section -
A. Aggregation Field - change to Perpetual ACV (opportunity.Perpetual_Sales_Credit__c)
B. Sort Field - change to Perpetual ACV (opportunity.Perpetual_Sales_Credit__c)
C. For All queries - change ""Subscription & SaaS ACV"" to ""Perpetual ACV"" (to mirror the tab)

2.) on the Perpetual ACV tab, in the month section on the Call section -
A. Aggregation Field - change to Perpetual ACV (opportunity.Perpetual_Sales_Credit__c)
B. So","Resolution:
Updates to the ""Perpetual ACV"" Tab
1. Month Section – Quota Section
Aggregation Field ? Change to Perpetual ACV (opportunity.Perpetual_Sales_Credit__c)
Sort Field ? Change to Perpetual ACV (opportunity.Perpetual_Sales_Credit__c)
All Queri",P3,Chris Hughes,Jason Kupcak,"2/12/2025, 2:50 PM",1,Configuration,Forecast - Update,30,19.15444444
,212729,WalkMe,Add New Forecast tab,Hi Clari support! Can you add a new Forecast tab for us titled 'Net New & Upsell (N&U) ACV'? I've attached the excel with required details,"Root Cause:
The customer required a dedicated forecast tab to track ""New & Upsell ACV"" separately, with specific filters applied.

Resolution:
A new tab was created, and the requested filters were implemented. The customer has been informed and provid",P3,Pooled CSM,Marie Kagay,"2/12/2025, 3:31 PM",14,Configuration,Forecast - Update,340,162.4727778
,212735,Okta,Create new ISR views,"1. Delete ALL existing ISR Forecasting tabs in Sandbox and Production (Production deletion can start on the 15th.
2a. Duplicate the following forecasting views in Sandbox2:
Pipe Coverage
Pipe Gen
Pipe Gen by Source
Auth0 Forecast
Okta Forecast
Total Bookings Forecast

2b. Rename the new (duplicated) views to
ISR Pipe Coverage
ISR Pipe Gen
ISR Pipe Gen by Source
ISR Auth0 Forecast
ISR Okta Forecast
ISR Total Bookings Forecast

3. Adjust the logic within those views' forecasting fields to leverage Split Type = Overlay. Rather than Revenue-Okta / Revenue Auth0. All other logic should remain the same, with the net bu arr and close date for pacing fields.
4. Create 4 new user roles and add them to both production and Sandbox2.
ISR Okta Sales Rep
ISR Auth0 Sales Rep
ISR Okta Sales Manager
ISR Auth0 Sales Manager","All the requested changes are completed.
I had deleted the mentioned tabs in both Sandbox and Production.
I had created the new ISR tabs in Sandbox by updating the Split type filter.
I had created the 4 new roles in both Sandbox and Production.",P3,Matthew Colangelo,Ricco Ugas,"2/12/2025, 4:22 PM",14,Configuration,Forecast - Update,343,161.63
,212743,Acuity Knowledge Partners (UK) Limited,Either / Or Logic While Applying Filters in View,"Hi team,

We want to use two filters in a way that the data displayed in the view should be from the first OR the second filter. To explain by an example, we want to check certain opportunities that have 'Website Inbound Lead' in the field 'Opportunity Source' OR a couple of other options in 'Oppy Source' field. Kindly note that these are two different and independent fields, and it is not necessary that opportunities having the required options in 'Oppy Source' would have 'Website Inbound Lead' in the 'Opportunity Source' field.

Hope this is clear. Do let me know if you need any additional information. Thank you.",-,Low,Said Mussa,Suraaj Sukomal,"2/12/2025, 10:53 PM",25,Configuration,Saved View - Update,584,272
,212835,Corelight,(urgent) Corelight - Enable Deal/activity insights,"Hey team - we have a demo with Corelight at 12:30 pm CT (an hour) and need their deal insights and activity insights turned on immediately please. 

Thank you,",The Deal insights and the Activity insights are already enabled.,Low,Christopher Williams,Christopher Williams,"2/13/2025, 10:19 AM",9,Configuration,Other,227,103.6713889
,212872,"Sodexo Operations, LLC",Update to New Dev & Cross-Sell Tab,"Hi there!

Sodexo would like to add a new column to the forecast tab titled ""New Dev & Cross Sell."" The new column is outlined in the linked spreadsheet and will be titled ""Total Forecast.""

Can we also please delete the forecast tab titled: ""New Dev & Cross-Sell (WIP)""?

Thank you!","Resolution:
Addition of a new ""Total Forecast"" column in the ""New Dev & Cross-Sell"" tab.",Low,Ari Henck,Ari Henck,"2/13/2025, 1:22 PM",3,Configuration,Forecast - Update,79,20.62916667
,212888,"PolyAI Technologies, Inc.",Forecast Categories Update,"Hi there,

We're changing our forecasting categories from/to the below, and I've tried to update our Clari settings accordingly via the CRM Sync, editing Forecast labels in Studio, etc. but now thinking I may need admin support on your side in order to publish these changes across our Forecast Category field and Forecast module.

We previously had the below categories:
- Unqualified
- Pipeline
- Best Case
- Most Likely
- Worst Case
-Closed

Now we are moving to the below categories:
- Unqualified
- Pipeline
- Upside (previously Best Case)
- Commit (previously Worst Case)
- Closed
*Most Likely has been retired, and will not be used in our forecasting moving forward (but still has to remain active in Salesforce per system requirements, but we don't want to show in that field in Clari and in our Forecast module)

Please let me know what additional information you might need to help us make this change.

Thanks in advance!","Root Cause:
The API names for picklist values were modified, and the updated values needed to be reflected in the system.

Resolution:
Updated the ""opportunity.forecastcategoryname"" field values to match the new API names. The changes should now sync ",Low,Pooled CSM,Taylor Johnson,"2/13/2025, 2:38 PM",13,Configuration,Forecast - Update,317,147.3502778
,212902,Nozomi Networks,Activity - Email body not showing in insights,"Per Janhavi - Hi Balrit,
 
1. Please add a support ticket to view the email body in the activities section. The support team needs to check a feature to flag in your Clari instance",Enabled the Feature Flag which allows you to view the email and meeting body. This is applicable for all the future emails and meetings.,P3,Sarah Fagan,Balrit Singh,"2/13/2025, 3:53 PM",5,Configuration,Other,125,50.11277778
,212891,Canto,Create a New Tab,"Hi Support, 

Please create a new forecasting tab called PIM New. This tab should clone the existing New tab with the following changes. 

Where the columns are pulling RecordType, please change the logic to be:
If Record Type is PIM Upsell (ID: 012Sc000003oIzJIAU) OR 
((Record Type is Canto New Business (ID: 01220000000MeOWAA0) OR Canto Cumulus Migration (ID: 0126M000000VHJLQA4)  OR Canto Cross-Sell (ID: 0120J000000YgikQAC)) AND PIM Opportunity = TRUE))

Example: the column for Commit should change to be:
    Forecast IN ('Commit', 'Won') 
    AND 'Close Date' = '__CLARI_FORMULA_DATE_RANGE__' 
    AND 'Record Type ID' = '012Sc000003oIzJIAU'
    OR (
        'Record Type ID' IN ('01220000000MeOWAA0', '0126M000000VHJLQA4', '0120J000000YgikQAC') 
        AND 'PIM Opportunity' = TRUE
    )


Let me know if you have any questions","Root Cause:
The PIM Opportunity field has not been loaded into Clari, preventing proper filtering.

Resolution:
Awaiting full field availability in Clari. Once loaded, adjustments will be made to ensure the filter functions correctly.",Low,Pooled CSM,Megan Jacobson,"2/13/2025, 2:57 PM",8,Configuration,Forecast - Update,188,91.71444444
,212906,"ConnectWise, LLC",Forecast Config,"Hi Team,

Can we create a new tab called "" Digital Sales"" this is essentially a copy of the acquisition tab just with different naming conventions for the columns. Also please update the Summary tab to include the digital sales forecast calls. Requirements are in this spreadsheet here please let me know if you have any questions! Also please do not leave any user opted into these tabs. https://docs.google.com/spreadsheets/d/1XewL2ml-COkOa_yDtbkwseLz1bQDORqZ7yg4uVs9esY/edit?gid=417028854#gid=417028854","Resolution:

Created a new tab called ""Digital Sales"", which is a copy of the ""Acquisition"" tab with updated column naming conventions.
Updated the Summary tab to include Digital Sales Forecast Calls.",Low,Nico Alvarez,Nico Alvarez,"2/13/2025, 5:17 PM",6,Configuration,Forecast - Update,134,53.98638889
,212916,Siteimprove,Pipeline forecast Tab,"AE Pipe Generation Target from 30% -> 20%; Customer Success from 10% -> 18% and Partner from 5% to 7.5%. 
Change the first column from 2024 Pipeline target to ->2025 Q1 pipeline target. 
Remove closed won column 
Can we % under AE Pipe Generation actual attainment, i.e. AE Pipe Generation Actual / AE Pipe Generation Target? Same for all BDR, CS and Partner?","Resolution:
Update AE Pipe Generation Target:

Change from 30% ? 20%
Update Customer Success Target:

Change from 10% ? 18%
Update Partner Target:

Change from 5% ? 7.5%
Column Name Change:

Rename ""2024 Pipeline Target"" ? ""2025 Q1 Pipeline Ta",Low,Caitlin Stone,Carmen Wong,"2/13/2025, 6:53 PM",17,Configuration,Forecast - Update,411,176
,212956,"Cornerstone OnDemand, Inc",Calculated Field for Aggregation in Forecast Module (Evolve),"Hi Team, Hoping you might be able to shed some light here.
In our Evolve Forecasting module, we currently have an Up For Migration column that aggregates the Expected Baseline RR field.
However, in an ideal world what we want to do is aggregate the Total Renewal Baseline Start Year (USD) field providing the latter is NOT blank (or zero) and if the latter is blank, (or zero),  then to use the Expected Baseline RR field instead.
Is this at all possible, even if there has to be a number of interim columns created before a final calculated field gives the required aggregation?
Please let me know. Happy to jump on a call to discuss, if the above does not make sense or needs further clarification.
Thanks,
Guy","Root Cause:
This requirement cannot be implemented in Clari because Clari does not support condition-based configuration for aggregate fields.

Instead, we can create separate columns based on the aggregate field within the tab to achieve the desired o",Low,Alison Quartironi,Guy Clark,"2/14/2025, 3:07 AM",5,Configuration,Forecast - Update,138,62.87111111
,213039,"Cornerstone OnDemand, Inc",Please Add 3 x Columns and Remove 3 x Columns from Evolve Forecasting,"Hi Team, Please see attached ppt slide detailing the 3 x Columns to add and the 3 x Columns to remove from Evolve Forecasting. 
Without RevDB I am unable to add any columns and also believe that is stopping me from deleting the other three columns too :-(
Many thanks,
Guy","Resolution:
Add three new ""Migration Booked"",""Gap to target"" and ""New RR Booked"" column in the ""Evolve"" tab
Remove ""Churn Factored"", ""Churn MLC"" and ""Renewal Target"" column from the ""Evolve"" tab.",Low,Alison Quartironi,Guy Clark,"2/14/2025, 9:45 AM",5,Configuration,Forecast - Update,115,42.55222222
,213084,Salt Security,Update Opportunity Validation Rules,"Hi there - please update opportunity validation rules based on the attached screenshots, to be enforced in Clari.

Can you please also confirm what validation rules you have in place so we can be sure to review and confirm they are up-to-date? thank you!",New VR configured,Low,Pooled CSM,Kim Burditt,"2/14/2025, 2:05 PM",11,Configuration,Validation Rules - Update,269,115.9016667
,213171,"Sumo Logic, Inc.",Forecast Owner Field Update,"Hi Clari Support,

We currently have a forecast tab called ""Renewals (CSM)"" that uses opportunity.owner as the owner field. There's another user lookup field on our SFDC Opportunity object that we'd like to use as the owner field for this forecast tab. Could you please help me make this adjustment?

Field name: Technical Account Engineer (TAE)
API name: Opportunity_CAM_Owner__c",The Renewals (CSM) tab was updated to reference the Opportunity_CAM_Owner__c field as the owner instead of the default owner field.,Low,Andrew Seymour,Hieu Huynh,"2/17/2025, 10:37 AM",2,Configuration,Forecast - Update,45,28.68333333
,213181,Siteimprove,Pipeline forecast Tab,"Can we build a pacing view for Pipeline Progress vs Pipeline target, i.e. 21.7m target and what is the WoW creation and projection by end of Q1 vs Target, similar to pulse?","Root Cause:
The Pacing View feature is restricted to the Pulse module and is not configurable in the Forecast module.

Resolution:
Informed the customer that the Forecast module can only map columns (as shown in the screenshot), and the Pacing View is",Low,Caitlin Stone,Carmen Wong,"2/17/2025, 12:29 PM",13,Configuration,Forecast - Update,322,149.5066667
,213223,GWI,Clari Forecasting -Reconfig,"We have been working with Toni Pang to consider the redesign of our forecasting tabs following the reorg of our revenue functions. Please can we have support from the configuration team to build out (but not publish) the Forecast Tabs in the attached spreadsheet.

There are 3 new tabs in total, including:

Growth - combination of new business and expansion revenue, which includes a manual commit and best case call
Renewal- renewals revenue - which includes a manual commit and best case call
Company Dashboard - which is a read only tab, that pulls together an overall Commit & Best Case

The new build has to go live on 1st April, but ideally we would like to build out and test the new forecast config with select teams prior to full go live.

Let us know if you have any questions",In Progress,Low,Toni Pang,Andrew Dorling,"2/18/2025, 1:40 AM",42,Configuration,Forecast - Update,1006,480
,213349,Tealium,Consumption Forecast - Configuration Updates,"In the tab ""Consumption Forecast"", the following revisions need to be added:

1. When a user selects the ""quarter"" filter at the top, for example, ""What's [Role Name] Outlook for This Quarter"", the ""quarter"" filter should be based on the field ""account.next_renewal_date__c"" instead of close date.  This only applies to the ""Consumption Forecast"" tab.

2. When the grid is expanded to account owner - account name - product name, the product names displayed are the following: ""NAME_"" followed by a unique identifier for product.  Can this product value be replaced with the field ""sbqq__subscription__c.sbqq__productname__c"" to display the text version of the product name instead of the unique ID code?","Root Cause:

The ""Quarter"" filter in the ""Consumption Forecast"" tab was previously based on the close date instead of account.next_renewal_date__c, which led to incorrect filtering.
When expanding the grid to account owner ? account name ? product name",P3,Amanda DeLuise,Lia Stahl,"2/18/2025, 10:18 AM",7,Configuration,Forecast - Update,178,87.69972222
,213365,Doppel,Forecast - requested changes to New Business Forecast,"Hey folks - I have attached a PDF outlining some changes I would like to make to our forecast layout for New Business. Let's drop the year, I plan to add a separate YTD forecast in the near future. 
For Pipeline, Type = New Business or Type = Upsell and STAGE DOES NOT EQUAL Prequalification and FORECAST CATEGORY DOES NOT EQUAL OMITTED
PLEASE reach out to trevor.barrett@doppel.com with any questions and see the attached PDF!


Quota	  Uploaded New Business and Upsell Quota for Quarter
Closed	     (Closed Won where Type = New Business or Type = Upsell)
Gap to Go	Quota LESS Closed
Commit	         Editable by Reps and Managers with Roll ups
Call	              Editable by Reps and Managers with Roll ups
Best Case	Editable by Reps and Managers with Roll ups
Commit Coverage	(Pipeline / (Commit Less Closed))
Call Coverage	   (Pipeline / (Call Less Closed))
Best Case Coverage	        (Pipeline / (Best Case Less Closed))	
Month 1 Closed	                 (Closed Won where Type = New Business or T","Resolution:

Update the ""Quota"", ""Pipeline Coverage"" and ""Closed""(Monthly) column filter based on the requirement in the ""New Business"".",Low,Pooled CSM,Trevor Barrett,"2/18/2025, 11:38 AM",19,Configuration,Forecast - Update,465,214.355
,213383,ThousandEyes,Re-Tooling of Pipeline Tab in Forecast,"Hello. We are looking to re-tool our Pipeline tab in Clari Forecast. We arent using the Pipeline view as it is today so we would like to overhaul it with the attached.If its easier to start a different tab than redo the current Pipeline tab, that fine but we wont be using it as is.

A few call outs. 
- this will be a view for the next quarter on everything. so the below columns will be Q+1
  - Open Pipeline
  - Commit
  - Strong Upside
  - Weak Upside
- The Prior Year Open Pipeline Column - I don't know how to write/calculate this. We would want this to be the open pipeline at the start of the quarter for same quarter last year. So since this will be quarter out info, this column would be Q-3. We were told it was possible to pull the starting pipeline for the previous years quarter so I provided the formula for what we would want to pull in but I don't know how to write this to reference Q - 3 and hold it at the starting pipeline for the quarter. 

Please let me know if there are any q","Create new tab based on the requirement sheet. Open pipeline column should be last year same quarter. Commit , Strong Upside and Weak Upside column should be Quarter(+1).",Low,Matthew Colangelo,Clay Swenson,"2/18/2025, 12:27 PM",14,Configuration,Forecast - Update,325,149.5358333
,213369,Flexera,Revenera New Business Tab,"Hi,  Can we please schedule a call to review possible changes to the Revenera New Business forecast tab, SWM Forecast, SCA Forecast and Installation Forecast?  Initial thought is to hide SWM forecast, SCA forecast and Installation forecast; however, we need to understand the impact this has on the Revenera New Business tab before we make any changes.  Thank you",-,Low,Nico Alvarez,Cathleen Neibch,"2/18/2025, 11:49 AM",14,Configuration,Forecast - Update,346,166.1758333
,213387,Sensor Tower,Forecast Configuration,"Hey! I would like to edit both my Upsell and New Sale Forecasting tabs to include the Opportunity Types 'New Sale' or 'Upsell.' I attempted to edit the configuration last week, but I began pulling in all opportunities that were tagged new sale or upsell even for representatives that were not assigned to that specific forecasting tab. Those outliers would be included under the topmost manager and skewed our forecasting numbers. Is there a way to include both opportunity types while only pulling in the opportunities that the reps assigned to that specific forecasting tab are connected to? If this is confusing, I'm able to hop on a call and breakdown the issue further. Best, Ryan Stiskin","Updated ""New Business"" tab based on the Opportunity.type= ""New Sale"" and ""Upsell"".",Low,Sarah Fagan,Ryan Stiskin,"2/18/2025, 12:44 PM",29,Configuration,Forecast - Update,694,335.3369444
,213406,"Dataiku, Inc.",New forecasting tab,"Hello Clari team! Could we please create a new tab in the Forecasting module - it should be a copy of 'Downsell & Churn Declarative', please name it 'D&C TEST TAB'.
1. There should be only 4 people provisioned to forecast on this tab - Philip Coady, JY Pook, Jonny Orton, Kris Wood.
2. View permissions for this tab should be only for Inna Logunova and Mong-Tuyet Nguyen
3. Remove all monthly columns from this tab
4. Replace Close Date with ARR start date field in all filters for all columns - ARR_Start_Date__c

Thank you,
Inna","Root Cause:
The ARR_Start_Date__c field is not currently extracted from Salesforce, preventing its use in filters.

Resolution:
Request Integration User access to the ARR_Start_Date__c field from the customer to enable configuration.",Low,Lyuda Rogers,Inna Logunova,"2/18/2025, 1:31 PM",14,Configuration,Forecast - Update,345,164.4669444
,213443,REMOTE EUROPE HOLDING B.V.,CX Led question,"I would like to understand what can be changed in Clari to include non-Sales-Led Opps with splits to Sales Reps.
Currently, we are excluding revenue motion= CX Led.
However, in some situations, CX Led opportunities have a Sales rep in the splits. Could these be included ONLY when a sales user is in the splits, without the total CX led beingincluded?",In Progress,P3,Said Mussa,Hind Zerrouki,"2/18/2025, 11:46 PM",12,Configuration,Other,265,128
,213458,Infoblox,Bulk Deletion of Views,"Hi Team ,

Can you assist us in bulk deleting all the Views from Clari that have not been run in the last 6 Months from the backend .

Thanks and Regards
Kashyap Raina","The list I shared has 500+ saved views and I am afraid there is no option for us to identify if the saved view is being used in a dashboard or not from the backend when the list is this big, and also there is no option to export that specific column. The ",Low,Lyuda Rogers,Kashyap Raina,"2/19/2025, 3:29 AM",12,Configuration,Saved View - Update,304,142.5105556
,213505,"CloudBees, Inc.",Cloudbees request to import MEDDPIC Scores into Opp Grid,Hey team - Cloudbees currently has a field in SFDC that contains a MEDDPIC Score that the team would like to see reflected in their opp grid and make sortable. Is this something we can add for them? What would next steps be?,n/a,Low,Christopher Williams,Christopher Williams,"2/19/2025, 8:38 AM",13,Configuration,Field Config - Update,305,137.3713889
,213510,Okta,Filters for our Global Services Sales mode not brought over from Sandbox,"Hi all, 

The filters we had in place for the Global Services Sales mode sandbox didn't get copied over as part of the move to production. Can you please go in and ensure that the filters in production line up with the work done in the sandbox?",In Progress,Low,Matthew Colangelo,Ricco Ugas,"2/19/2025, 8:55 AM",7,Configuration,Forecast - Update,183,89.0725
,213532,FireHydrant,Account Engagement,Can you please activate account engagement for this customer? They were recently migrated to a new SKU that includes this module.,Enabled FF,Low,Pooled CSM,Edward Fuerst,"2/19/2025, 9:46 AM",4,,,108,40.23027778
,213512,Sphera,Please load activity to DH,"We are trying to enable the accounts module for this clients and it appears their activity hasnt been loaded to DH. Will you please load activity to DH?

https://clarius.atlassian.net/browse/DO-22125",The Org is on v7 and the Accounts module is enabled,Low,Alison Quartironi,Andrew Fuoco,"2/19/2025, 9:03 AM",8,Configuration,Activity Migration,204,104.9416667
,213524,"Cornerstone OnDemand, Inc",Enable Account Module,"Can you please enable Account Module for this account and grant all users access?
Thank you!",Enabled FF,Low,Alison Quartironi,Alison Quartironi,"2/19/2025, 9:24 AM",4,Revenue Intelligence,Account Engagement,108,40.59888889
,213545,Socure,UPDATE REQUESTED: Updated Field Label,"Hi - Previously we have had to reach out to inform Clari that we changed a field label of a field in Forecast. 
Previous Field Label: Sales Leader Commit
NEW Field Label: CRO Forecast
UNCHANGED API Name: CRO_Forecast

Please let me know if you have any questions

Thanks!","Root Cause: The customer needed a label change in the Forecast field while keeping the API name CRO_Forecast unchanged.

Resolution: Successfully updated the field label and informed the customer. Awaiting their review and confirmation.",Low,Chandler Zitzmann,Brigette Sjoboen,"2/19/2025, 10:32 AM",1,Configuration,Field Config - Update,22,13.54777778
,213594,Quanterix,Flow Analytics Module - Yearly Date Range,Can you please add the ability to see a yearly date range in the Flow analytics module?,enabled FF,Low,Christopher Williams,Edward Fuerst,"2/19/2025, 1:16 PM",4,Configuration,Analytics - Update,104,36.71694444
,213613,Epicor Software,Hardware tab filter capabilities,"We have a Hardware tab in our Forecast dashboard that we're wondering if we could adjust a bit.  

is it possible to adjust the ""scope"" in the filter for two people?  Basically, they get credit for all Hardware opportunities regardless of where the opportunity resides.  Currently, when Kevin Hingley or Dean Murin log in, their ""scope"" that filters the activities is set to ""Americas Retail - HW - Inside Sales"".  Could this scope be changed for just these top people to be ""Americas Sales EVP"" but just in the Hardware tab?

if that is not possible, could we set this tab to show all deals where the person logging in is the opportunity owner or part of the opportunity team?

If neither of those two are possible, would you have any suggestions on how we can expand the scope of what the team sees on this tab?",-,Low,Sarah Fagan,Tomas Kral,"2/19/2025, 2:39 PM",11,Configuration,Forecast - Update,270,115.3375
,213619,Epicor Software,Accounts Module,"Epicor is looking to enable the Accounts Module for the following users: tomas.kral@epicor.com, traci.rauch@epicor.com, erin.gannon@epicor.com,
nigel.rohan@epicor.com. Thanks!",enabled FF,Low,Sarah Fagan,Tyler Jass,"2/19/2025, 3:10 PM",1,Access & Security,Other,30,18.82972222
,213646,Zuora,Forecast Config,"Hi Team - Urgent request that we make a few quick changes to Zuora's Renewals Forecast tab. They had made the transition to new amount fields in SFDC however were late to adjust forecasting. Here are the requirements below. Would be amazing if we can get this done for them as soon as possible! Thank you!
 https://docs.google.com/spreadsheets/d/1fxtifPNKu78SQ2EqJRtngzhtUKeRGPzmSVr7AZ_eA8w/edit?gid=953293406#gid=953293406","Resolution:
Update the ""Renewal"" tab based on the requirement sheet.",High,Nico Alvarez,Nico Alvarez,"2/19/2025, 5:56 PM",4,Configuration,Forecast - Update,98,32.05666667
,213638,Nutanix,Exclude SP Proxy Opportunity Check Box Filter,"Hi Team,

We would like to get your help to exclude the field ""SP Proxy Opportunity"" when checked. This filter applies to all Saved Views/DB's & all Forecast tabs. Hoping this can be mass updated on the backend.

Please let me know if you have any questions. 

Thanks,
Samson R","Mar 3: Raised a support case for the filter not loading in Inspect module issue : 00215021

Mar 4: Requested changes implemented.",Low,Cortney Fickey,Samson R,"2/19/2025, 4:53 PM",18,Configuration,Forecast - Update,434,193.1066667
,213639,Camunda,Forecasting Changes,"Please find attached the revised forecast tab document. 
I'm happy to jump on call if further clarification is needed.
To summarize, we have created a new forecast category for our VPs and reduce complexity by using the opportunity amount field for all roll-up amounts.

The file highlights:

    the change in the calculation of GVP Commit, GVP Best Case and GVP Upside
    the change in the calculation of Manager Commit, Manager Best Case and Manager Upside
    The introduction of a VP Commit, VP Best Case and VP Upside


These change should affect the ""Forecast"" and ""Yearly Forecast"" tabs.

File has been uploaded to case.","Root Cause: The customer wanted to simplify the forecast by using the opportunity amount field for roll-ups and introducing a new VP-level forecast category.

Resolution: Updated the calculations for GVP Commit, Best Case, and Upside, Manager Commit, Be",Low,Caroline McCarthy,Ken Vader,"2/19/2025, 4:55 PM",20,Configuration,Forecast - Update,464,209.0755556
,213645,"Dataiku, Inc.",Forecasting,"HiClari team! Could you please change the filter from DATE MOVED TO CHAMPION (DATE) to FIRST TIME CHAMPION OR ABOVE
for the column ' Champion+ Pipe Influenced by Marketing' on the Pipeline generation tab. Thank you!","Root Cause: Customer requested a filter change from ""DATE MOVED TO CHAMPION (DATE)"" to ""FIRST TIME CHAMPION OR ABOVE"" for the 'Champion+ Pipe Influenced by Marketing' column.

Resolution: Updated the filter as requested.",Low,Lyuda Rogers,Inna Logunova,"2/19/2025, 5:54 PM",1,Configuration,Forecast - Update,16,8.056944444
,213664,FireHydrant,AI Summaries for Account Engagement,Can you please activate the AI summaries for the account engagement module?,Enable AI summaries,Low,Pooled CSM,Edward Fuerst,"2/19/2025, 9:56 PM",6,Configuration,Other,142,64
,213700,Checkmarx,More updates to Renewal tab :),"1. for Closed: add filter -  exclude ""Out of Quota"" = checked
2. Won+Commit, Commit, Upside, Pipeline, Pipeline Rollup - Close date filter should be adjusted to include CLARI_FORMULA_DATE_RANGE + Last year. tried doing it myself via forecast config but didn't got 0 results for some reason. Now it's set for ""this quarter+last year"" so when we flip through the quarters in forecast the data is ""stuck"" on Q1 - when solved case 00212954 can be closed
3. add column, in the end of the table: ""Out of Quota Wins"". Filter: close date ""CLARI_FORMULA_DATE_RANGE"", deal status: closed-won, exclude expected renewal acv = 0. type: renewal, out of quota = checked 
4. Actual ORR formula: Closed + Won Before 2024 + Out of Quota Wins / Expected Renewal Total","Root Cause: The system only supports one dynamic date range at a time, preventing the combination of CLARI_FORMULA_DATE_RANGE and Last Year.

Resolution: Informed the customer that the requested setup isn’t possible and awaiting further instructions.",Low,Toni Pang,Lala Djafarov,"2/20/2025, 5:23 AM",24,Configuration,Forecast - Update,590,268.6077778
,213703,"Digital.ai Software, Inc",New Validation Rules,"Hi,

We are working on new validation rules to enforce that certain fields are populated before a user can move the opportunity to the next Stage. I was told to request a template for the Clari side.

Thanks,

Immi",New Validation rules,Low,Sarah Fagan,Immi Pfennig,"2/20/2025, 5:50 AM",5,Configuration,Validation Rules - Update,134,60.15666667
,213744,Bishop Fox,Bishop Fox - Enable Email Body in Deal Insights,Hey team - Can we have activity insights (Email body) enabled for Bishop Fox please? I went to Clari Studio to turn it on but didn't see the option. (See screenshot below),Enable activity toggle,Low,Christopher Williams,Christopher Williams,"2/20/2025, 7:35 AM",5,Configuration,Other,132,58.41472222
,213800,Logpoint,New Forecast view,Can you create a new forecast view called Total-WIP with all the fields from the Sales-WIP and Renewals-WIP view,"Root Cause:
There was no consolidated Total-WIP forecast view, requiring users to reference both New Business-WIP and Renewals-WIP separately, leading to inefficiencies.

Resolution:
A new Total-WIP forecast view has been created, combining all fields",Low,Rohit Agarwal,Mark Wilson,"2/20/2025, 10:36 AM",12,Configuration,Forecast - Update,286,125.9802778
,213849,"Juniper Networks, Inc.",Accounts Module Updates,"These updates were not possible in Clari Studio - is it possible to make any of the below field updates for the Accounts Module? Thank you.

On the Accounts Module- we like to add the following

JAS Score:
Add JAS Score to the Rep View (Account Owner Mode)? (Can give them insight on total JAS they can spend)

Add JAS to All Engaged Accounts -Rep & Account Views - in grid and as filterable

 

Opp Count:
Add it to the Account Owner Mode (rep & account) as a filter and in the grid
Currently exists for the All Engaged Account view.",n/a,Low,Stephanie Ervin,Stephanie Ervin,"2/20/2025, 1:50 PM",5,Configuration,Other,126,52.16444444
,213870,Harness,2 new tabs,"Please create 2 new tabs. Clone these existing tabs - Forecast - FQ
Renewal - FQ

Names: Forecast - FY and Renewals - FY

The only change we need is 
1. ""fiscalPeriodType"": ""YEAR"",
2. In the forecast FY - we need a  new Quota column","Root Cause:
Forecast and Calculation columns do not support a YEAR duration configuration.

Resolution:
Cloned and renamed the tabs, updated the duration, and informed Janhavi about the Quota column requirement.",Low,Alex Ertel,Janhavi Wagle,"2/20/2025, 4:02 PM",6,Configuration,Forecast - Update,128,49.95111111
,213888,"Cribl, Inc.",Adding New Columns to Forecast & Opportunity Modules (SRD Forecast),"Hi Team,

In the attached requirements doc, I've highlighted (in BLUE) changes we want to make for the ""SRD Forecast"" field in the Opp Grid and the ""SRD Forecast Path"" column in the Forecast module. Take a look at the attached doc for the rows highlighted in BLUE - these are the enhancements we'd like to push into production. Let me know if you have any Q's.

Best,
Matt","Resolution:
Create the ""SDR Forecast"" column in the New ARR, Cloud New ARR, Upsells/Expansions, New Logo, Renewals, and Services tabs and place it as mentioned in the requirement.
Reorder the opportunity grid and rename the “L2 Forecast” to “SRD FORECAS",Low,Jason Parawan,Matt Ashburn,"2/21/2025, 12:27 AM",3,Configuration,Forecast - Update,91,32
,213889,Superside,Edit Commit & Best Case as roll-up for Managers,"Hey there,

We just finished the implementation phase of Clari and our Reps and Managers are just starting to use the tool, so a lot of little things to iron out are coming up these weeks. 
One thing that an AE Manager brought to our attention is that they need to submit a Commit and Best Case number for each AE, apart from their own Commit and Best Case as a Manager (like a total for their team). They're asking if the following would be possible:

1) AE submits their Commit and Best Case - in green in the screenshot
2) Clari rolls-up a Commit and Best Case (visible for the Manager) - in red in the screenshot (this would be instead of Managers having to put a Commit and Best Case for each AE)
3) AE Manager reviews the roll-up and submits their own Commit and Best Case at their level - in pink in the screenshot

The AE Manager that requested this mentioned this is how he used Clari in the company where he was working before.

Thanks!
Belén","Root Cause:
Managers were required to manually edit and submit individual forecast values for each rep, which was time-consuming and inefficient. They wanted the ability to review rep-submitted forecasts and only edit/submit their own team-wide forecast.",Low,Pooled CSM,Belen Conteri,"2/21/2025, 12:53 AM",5,Configuration,Forecast - Update,139,64
,213929,"CrowdStrike, Inc.",Urgent: Sandbox Forecast Tabs,"Hi team,

Crowdstrike has been jumping through a lot of hoops to get up their Sandbox. It's finally up and running today but they don't have any forecast tabs set up. Is there a way to copy two of their forecast tabs from the their production environment (O:620) to Org ID 3283 (s2-crowdstrike.com):

- New Platform
-Weekly Forecast -WIP

This is a super urgent request from their leadership team and they want to test things out today if possible. 

Is it this even possible to be built today? 

Also, their user management is not showing any users, even samra's so they can't opt anyone in forecast. Is this because of their team linking is not set up?",n/a,Low,Lyuda Rogers,Lyuda Rogers,"2/21/2025, 8:05 AM",4,,,106,41.90083333
,213939,Honeycomb,Add columns to forecasting tabs,"Hi - can we please add new forecast fields/columns into our Forecast module? The fields fields should be:

on Renewals Forecast tab: 
Add 1 input column - ""Forecast - Renewals"" ; this field should be input only (reps, managers, etc input these numbers but they do not tie directly to a salesforce field).

On Forecast Rollup Tab 
Add 4 New columns - these should all be equal to their equivalents in the new/exp forecast tab and renewals tab in the same way TOTAL COMMIT - NEW/EXP in the rollup equals the Commit - New/Exp in the new/exp forecast (see attached image)

1. TOTAL FORECAST - NEW/EXP (from New/Exp forecast); = Forecast - New/Exp"" from New/Exp Tab
2. TOTAL FORECAST - NEW (from New/Exp forecast) = ""Forecast - New"" from New/Exp Tab
3. TOTAL FORECAST - EXP (from New/Exp forecast) = ""Forecast - Exp"" from New/Exp Tab
4. TOTAL FORECAST - RENEWALS (from renewals forecast)= ""Forecast - Renewals"" from Renewals Forecast Tab (this should equal the new column requested in the earlier part of ","Resolution:

Renewals Forecast Tab:

Added a new input column: ""Forecast - Renewals"" (This field is input-only, allowing reps, managers, etc., to enter values manually without linking to a Salesforce field).
Forecast Rollup Tab:

Added the followin",P3,Pooled CSM,Laura Krieger,"2/21/2025, 8:42 AM",4,Configuration,Forecast - Update,108,41.28888889
,213952,"WebPT, Inc.",New Forecast View,"Hello, 

creating a new case with attached requirements for Forecast views.
I need to have a few updates made to the Overall Forecast View , as well as a brand new Forecast View created.

In the attached sheet you will see the updates for the Overall Forecast view highlighted as well as I highlighted the Entire new view that needs to be created.","Root Cause:

The ""opportunity.Commissionable_ARR__c"" field is still in the process of being loaded into Clari, preventing its use in the forecast view.
The ""opportunity.bookings_arr__c"" field is missing or incorrectly referenced, causing a data retriev",Low,Pooled CSM,Andrew Traeger,"2/21/2025, 9:36 AM",7,Configuration,Forecast - Update,182,88.39333333
,213957,"ZoomInfo Technologies, LLC",New Tab GARR Forecast Sandbox,The customer would like a copy of their GARR tab listed columns from requirements doc,n/a,Low,Caitlin Stone,Caitlin Stone,"2/21/2025, 9:59 AM",3,Forecasting,Other,82,24.00416667
,213970,Eightfold Ai Inc.,New Role in SFDC Hierarchy,"We have added a new hierarchy role in sfdc - Customer base mgr and AE who reports to our head of sales in AMEA - but i think bez of this new role, the team is not showing up in clari. It might be bez i have these users setup as Rep and instead i might need a new role - not sure. Need help to understand why the team members are not showing in the new business tab",Feb 27 : Requested changes implemented,P3,Alex Ertel,Yukti Singh,"2/21/2025, 10:28 AM",7,Configuration,Other,159,71.52222222
,213998,Barracuda,Barracuda | Upcoming Territory Changes,"Barracuda is planning for a change to their territory hierarchy and we want to make sure that we have everything scoped, the implications and aid them in developing a hierarchy that meets their criteria.

There are more changes that will likely be included but this is the general outline of the changes. Our recommendation is speaking with Marco and the Barracuda team to ensure that we are capturing everything in the request correctly. 

The core of the changes are as followed:


International Regions:

Apac and EMEA are being consolidated into a single ""International"" category under Jeff's leadership.
This means we need to update how we manage these territories in Clari.
US Territory Restructure:

We’re eliminating the Central region and splitting it into East and West.
""Hunters"" will cover both regions, while ""Farmers"" will also align within the new structure.
Clari Hierarchy Adjustments:

I need assistance with adjusting the hierarchy in Clari to reflect these change",n/a,Low,Chris Hughes,Chris Hughes,"2/21/2025, 1:35 PM",9,Configuration,Other,224,84.41138889
,214071,Coursera Inc,forecasting tab update for NARR Summary,"Please make the marked updates in the NARR Summary tab. Please make the NEW fields marked in green only visible to users in the ""Sales Ops"" and ""Manager"" user roles. 
Thank you, and let me know if you have any questions","Resolution:
Addition of the ""All Vertical NARR %"" calculation column in the ""NARR Summary"" tab and made this column visible to only ""Sales Ops"" and ""Manager"".",P3,Liz LeDoux Tajonar,Tyler Class,"2/24/2025, 6:07 AM",8,Configuration,Forecast - Update,204,107.8833333
,214126,Zendesk,Update Partner Forecast under Forecast Configuration,"We need to update the Partner Forecast to what is provided in this sheet under LB Partner.  Partner Forecast ENT (WIP), Partner Forecast COMM (WIP) and Partner Forecast SMB (WIP) are no longer required and none should roll up to the Partner Forecast

This is an adjustment to Partner Forecast PLEASE do not make adjustments to our default forecasting.",Partner forecast tab updated,Low,Chris Hughes,Laura Bosley,"2/24/2025, 9:06 AM",7,Configuration,Forecast - Update,176,87.64972222
,214105,Immersive Labs Corporation,Additional Columns in Pipeline Generation,"Hi there, Are we able to have some calculation columns in our Pipeline Generation forecast tab to create % of actual.

For the annual section:
- Open %: Open / YTD Pipe Created
- Closed Won %: Closed Won / YTD Pipe Created
- Closed Lost %: Closed Lost / YTD Pipe Created

For the Quarterly Section:
- Marketing %: Marketing Sourced / Actual Pipe Created
- SDR %: SDR Sourced / Actual Pipe Created
- Partner %: Partner Sourced / Actual Pipe Created
- Sakes %: Sales Sourced / Actual Pipe Created
- Closed Lost %: Closed Lost / Actual Pipe Created

Can I have these to 0 decimal places. For example, 25% not 25.04% 

I've attached a screenshot with the respective fields that should align to the above descriptions","Root Cause:
Clari does not have functionality to create yearly calculation columns.

Resolution:
Quarterly columns were created successfully. Awaiting confirmation on decimal formatting from the senior team.",Low,Caroline McCarthy,Frederick Knowlton,"2/24/2025, 7:59 AM",2,Configuration,Forecast - Update,45,29.00277778
,214133,LiveRamp,Archive Forecast Tabs,"Can you please archive / delete the following tabs and remove all users associated with these tabs?

- Global_Forecast Meeting View
- US_Scorecard
- US_Subscription Scorecard

Thanks,
Drew","we have removed the tab access of all users for the below tabs:
- Global_Forecast Meeting View
- US_Scorecard
- US_Subscription Scorecard",Low,Nico Alvarez,Drew Esterberg,"2/24/2025, 9:26 AM",4,Configuration,Forecast - Update,93,61.29472222
,214177,Invoca,Updates to Renewal Forecasting Tab,"Hi Team, 

Is there any way we can customize the ""aggregate off"" fields for the following columns nested in the Renewals forecasting tab?

Total Renewal Install Base  aggregate off of Renewal_ARR__c
Total Renewals  aggregate off of calculation of exit_arr_2__c divided by acv_forecasting__c
Late Renewals aggregate off of exit_arr_2__c
Early Renewals aggregate off of exit_arr_2__c

Let me know if this is possible or if there is anything else you need from me!

Thank you,","Root Cause: The newly detected field took some time to fully load after extraction, which caused a delay in its visibility. Additionally, the requested Total Renewals aggregate calculation could not be applied due to limitations in aggregating calculated ",Low,Sarah Fagan,Jesus Martinez,"2/24/2025, 12:37 PM",8,Configuration,Forecast - Update,181,85.3675
,214192,Synopsys Inc.,Change forecast column to show coverage ratio not %,"hi!

I have been granted Beta access to the new forecast configuration admin (its freaking AWESOME!). I have been creating a new pipeline coverage tab (called growth pipeline coverage). and the Pipeline coverage column associated with the quota is showing as a % but i was wondering if we could show that as a coverage ratio? I originally had a separate column which was essentially a duplicate of the Pipeline coverage which did that, but then i didn't want to have two duplicate columns just to show one as a ratio.
Was wondering it it was possible to have that as a ratio instead of % OR if i could hide the pipeline coverage column and i can recreate as a read only column showing as coverage?

thank you!
Curtneyo",Feb 25 : Quota closed columns display the coverage in % by default,Low,Marina Addonizio,Courtney Holmberg,"2/24/2025, 1:22 PM",6,Configuration,Forecast - Update,152,68.63083333
,214200,Scality,Create Copilot org for Scality,"Please create a new copilot org, they purchased copilot with a $0 implementation fee.",Feb 25 : Copilot org already created,Low,Alex Ertel,Alex Ertel,"2/24/2025, 2:07 PM",2,Configuration,Other,36,19.87222222
,214183,Web Services Integration Limited,Forecast View Columns,"Hello,

We have multiple forecast views. Is it possible to have different column layouts for each forecast view?

Thanks,
Mikey","Asked for more details
Dupliacte Case",Low,Pooled CSM,Miguel Solomon,"2/24/2025, 12:44 PM",3,Configuration,Forecast - Update,66,42.05972222
,214195,"CrowdStrike, Inc.",Weekly Forecast Tab Configuration,"Tab: Weekly Forecast - WIP
Could you please make the following changes in both the UAT and Prod environment?

Changes Requested: 

1. Auto-populate ""Weekly Most Likely"" with the following logic: Close Date = Week it falls under, Stage <> 7, 8and keep the ability to over-write by forecaster 
2. Add in new column titled ""Expected to Close"" with the same logic as Weekly Most Likely column to the right of Weekly Most Likely column 
3. Is there a way to show ""Closed"" column for past and current week, but not for future weeks?
4. Can you add in a Month 1, Month 2, and Month 3 sections that show up after Week 4, 8 and 12?",updated weekly forecast tab,Low,Lyuda Rogers,Samra Ahmed,"2/24/2025, 1:27 PM",31,Configuration,Forecast - Update,753,372.5494444
,214222,Honeycomb,Quick changes for Forecasting Columns in the Forecast Rollup and New /Exp Forecast Tab,"Just met with the customer, they were wondering for the tab New/Exp Forecast Tab and Forecast Roll Up if they can have the column ""Total Commit - New/Exp"" be a strict-composite of ""New Commit"" and ""Exp Commit"", and for ""Total Forecast - New/Exp"" to be a strict composite of ""New Forecast"" and ""EXP Forecast"" and ""Total Best Case - New/EXP"" to be a strict composite of ""New Best Case"" and ""EXP Best Case"".","Creation of the composite for ""Total Commit - New/Exp"" to be a strict composite of ""New Commit"" and ""Exp Commit"", and for ""Total Forecast - New/Exp"" to be a strict composite of ""New Forecast"" and ""EXP Forecast"" and ""Total Best Case - New/EXP"" to be a stri",Low,Pooled CSM,Samuel Lee,"2/24/2025, 3:32 PM",6,Forecasting,Other,150,66.46083333
,214210,"nCino OpCo, Inc. (“nCino”)",Enable Accounts Module for Sales Reps,Please enable Accounts Module for the Sales Rep User Type,n/a,Low,Jason Parawan,Jason Parawan,"2/24/2025, 2:36 PM",1,Configuration,Profile - Update,29,19.39833333
,214233,"Versa Networks, Inc.",Updating Forecasting Configuration to capture Opportunities with Splits,"Hello,

We've had several closed won opportunities that were split amongst different rep. However, the deal amounts are all being credited to the opportunity owner in the Forecasting module. Can we update the Forecasting configuration so that the correct attainment is being shown for our reps on split opportunities?

Thanks,",I had updated all the columns in all the tabs to use 'Split Amount' and the scope to consider 'Split Owner'.,P3,Christopher Williams,Danny Yang,"2/24/2025, 4:56 PM",9,Configuration,Forecast - Update,218,113.0591667
,214238,FloQast,DELETING AMODE,"i'd like to have this MODE deleted - PRODUCT MODE (SEGMENT ARR) 
How do i do that?",Mar 3: Mode deleted,Low,Matthew Mcginley,Casey Scurich,"2/24/2025, 6:02 PM",7,Configuration,Field Config - Update,171,80
,214277,UserTesting,Forecasting Quota Question,"Hi there,
Am I able to add a quota as a percentage, and show progress against that percentage (this would require a calculation)?

The screenshot shows what I am trying to achieve - the plan % will differ for each person.

Thanks,
Kelly",I had reviewed the case and unfortunately we don't have the option to enter the Quota as percentage and perform a calculation (multiplication with a dynamic value varying for each user).,Low,Cortney Fickey,Kelly Ahearne,"2/25/2025, 4:01 AM",5,Configuration,Forecast - Update,138,61.97027778
,214272,Check Point,Enhancing the CRM score,"Hi,
We are interested in enhancing the CRM score. Please let us know if this is possible:
The goal is to add in the current ‘CRM SCORE’ of Clari, MEDDPICC input [quantitative and qualitative]:
A.	It is in the Opportunity level
B.	Threshold:
a.	>$100K New Business Annualized
b.	>$1M Renew Business Annualized
C.	MEDDPICC score:
a.	>70% Month # 1
b.	>80% Month # 2
c.	>80% Month # 3
D.	Qualifier [Salesforce MEDDPICC Tab] being filled:
a.	If the ‘APP UTILIZATION’ is showing ‘NOT IN USE’, for Opportunities above the required threshold, this should impact the CRM SCORE",Asked for more details.,P3,Toni Pang,Idan Saranga,"2/25/2025, 3:28 AM",16,Data Science & Analytics,CRM Score,387,196.3186111
,214283,Adobe Inc.,Duplicate a forecast tab,"Hi Team,

I would like to duplicate ETLA total tab for a certain sub-segment, as they are unable to see numbers between 2 countries for e.g.. My question is:-
Is there a way to create a duplicate tab for a certain sub-segment based on criteria but have the quota and outlook duplicated from etla total? As in the the users wouldn't have to reupdate outlooks and quotas on this duplicated tab.","Mar 6 : Requested tab draft created

Mar 17 : Requested tab is created in sbx",Low,Dov Markowitz,Abhinav Gupta,"2/25/2025, 5:01 AM",29,Configuration,Forecast - Update,699,339.7794444
,214330,Modulr Technology Ltd,Add Implementation tab,"Hi team,

I am trying to create an “ Implementation” tab next to Renewals to capture the information we need:

Basically, this new tab will need to be a replicate of the “Forecast” tab, just with a different tab name  “Implementation”.",NA,Low,Pooled CSM,Christina Andreou,"2/25/2025, 8:27 AM",2,Configuration,Forecast - Update,43,27.08194444
,214316,strongDM,Add 2 Columns in Forecasting Tab,"Hello - We are needing two columns added to our Forecast Tab:
1) Column 1:
     - Name: ""SFDC Pipeline Created""
     - Filters: Opportunity Creation Date = quarter you are in within the forecasting tab AND Stage <> ""Closed Lost""
2) Column 2: 
     - Name: ""SFDC Pipeline Created % to Plan""
     - Filters/Criteria: Formula field taking ""SFDC Pipeline Created"" divided by ""Plan""",NA,Low,Pooled CSM,Allison Meyer,"2/25/2025, 7:51 AM",2,Configuration,Forecast - Update,47,31.34833333
,214334,Web Services Integration Limited,Creating/Re-purposing a forecast view (for New Business),"Hello, we would like to create/re-purpose a new view which is dedicated to New Business. Can the team assist on this?",NA,Low,Pooled CSM,Miguel Solomon,"2/25/2025, 8:36 AM",2,Configuration,Forecast - Update,59,41.39166667
,214356,Honeycomb,Update Forecast Reset Time,Hi - we'd like to update the time that the forecast resets (when all the green checkboxes revert to red xs) to Sunday at 12:00am PT (3am Sunday ET). Could you help with this?,it was already configured for Sunday at 12:00am PT,P3,Pooled CSM,Laura Krieger,"2/25/2025, 10:09 AM",10,Configuration,Other,234,121.6336111
,214370,Tealium,Add 1 Column to Consumption Forecast Grid,"This case is to request 1 additional column added to the Consumption Forecast grid:
Projected % Utilization = SBQQ__Subscription__c.Projected_End_of_Term__c
Include the same filters applied to ""Volume Consumed"" column, but replace the ""Amount Field"" in the grid with SBQQ__Subscription__c.Projected_End_of_Term__c.  The data type displayed for this ""Amount Field"" is a percentage.",NA,P3,Amanda DeLuise,Lia Stahl,"2/25/2025, 10:47 AM",13,Configuration,Forecast - Update,304,136.5702778
,214348,Snyk Limited,Sandbox (s2-snyk.io) to be transitioned to role hierarchy,"Hi team,

Snyk is asking if there is a way to update their sandbox environment s2-snyk.io to use role hierarchy vs role?

Thank you!",n/a,Low,Andrew Pohlen,Lyuda Rogers,"2/25/2025, 9:43 AM",13,Configuration,Other,305,137.7422222
,214367,"Sprinklr, Inc.",Forecast Config,"Our POC got a request this week to create a services tab in Clari. The requirements have been drafted out (attached) Their ask is that this is completed by end of month*** Originally submitted a DAR (	
DAR-0009529) by mistake.","I had created the new 'Services' tab as requested, I hadn't opted any users into this new tab.",Low,Cortney Fickey,Cortney Fickey,"2/25/2025, 10:37 AM",5,Configuration,Forecast - Update,131,55.37305556
,214385,Certinia,Create Renewal Forecast,We would like to create a Renewals forecast with the requirements attached below.,"Mar 4: Fields stuck in FIELD NOT LOADED state. Once in AVAILABLE state, we will implement the change.

Mar 5: Requested tab created",Low,Matthew Mcginley,Zach Lewis,"2/25/2025, 11:57 AM",15,Configuration,Forecast - Update,348,166.0366667
,214398,Fastly,Update Metrics Card on Pulse module,"Hello - we'd like our pulse module to show the Worse Case amount instead of Commit on the metrics cards atop the pulse modules.   

this is what our CS rep Amanda advised:  Metric cards/KPIs in Pulse: These are unfortunately not very customizable in terms of adding new cards. The KPIs dynamically adjust based on the filters and level of the hierarchy that you've selected. However, this is also something that we can adjust slightly with the help of support. 
We can adjust the only IsCall value in that tab of your forecast configuration to be your Commit - so that the Commit appears instead of the Worst Case in your metrics cards. It would look something like this in your JSON file:
“id”: “fc_mostlikely”,
      “title”: “Commit”,
      “fieldType”: “FORECAST”,
      “opportunityMode”: “OPPORTUNITY_MODE”,
      “fiscalPeriodType”: “QUARTER”,
      “isCall”: true,
      “isDefaultField”: true",I had updated the scripts to show Commit amount instead of Worst Case,Low,Amanda DeLuise,Rob Killian,"2/25/2025, 1:13 PM",5,Data Science & Analytics,Pulse,129,52.77694444
,214424,Cognite AS,QS Fields in Forecast tab have incorrect filters,"Hi. Seeing some issues in our QS columns.

 The ""QS Generated QTD"" and ""QS Count"" Fields on the Pipeline Gen tab is not pulling anything through. This should have the same filters as the ""Generated QTD"" tab with the addition of the ""Opportunity Tag"" field = ""Quick Start""

The ""CQ QS Pipeline"" and ""CQ Mature QS"" columns on the Pipeline Coverage tab are pulling in the same numbers as the ""CQ Pipeline"" and ""CQ Mature Pipe"" columns. The QS columns have the same filters, but also with the addition of ""Opportunity Tag"" field = ""Quick Start."".

Can you make these updates?

Thank you!",Feb 27 : Requested changes implemented,Low,Said Mussa,Kharina Pineda,"2/25/2025, 3:15 PM",6,Configuration,Forecast - Update,150,66.74388889
,214431,"Vectra AI, Inc.",Salesforce Opportunity Stage Updates - March FY26,"Hi Clari Support,

Vectra will be updating our Salesforce Opportunity Stages, we are targeting to make the updates in Salesforce in early March. Target date for Salesforce Production is March 3rd.

On 2/24/25, I received confirmation from our Dev Team on the Opp Stages, Forecast Category and Percentages. I’m attaching an Excel file showing the new Opportunity Stages (green highlight) and the mapping of the old/existing Opportunity Stages.

Example, the old/existing stages that are “POV”-related, the details of these will now be managed by a Custom Object and the stages replaced by a single “Validation” Opportunity Stage.

Can you please review the attached file and let me know if you have any questions? Can you please confirm if there is opportunity to view these changes in Clari Sandbox prior to rollout to Clari Production? Can you please confirm what backups you perform prior to any updates? Please let me know what Clari Support will need to update on the backend, how much lead time ",I had updated the Historical Stage mapping and also updated all the saved views.,P3,Jason Parawan,Barinda Zarn,"2/25/2025, 4:13 PM",14,Data Science & Analytics,Stage Mapping,342,161.7830556
,214433,"ConnectWise, LLC",Add Closed Won and Quota to Monthly breakout in Summary Tab,"Hello. 
Currently our ""Summary"" tab only has Quota and Closed Won values in the Quarter view. Could you please also add these 2 values to be at the monthly level as well on that tab?",The quota column has created,Low,Nico Alvarez,Daniel Kabakov,"2/25/2025, 5:04 PM",2,Configuration,Forecast - Update,51,32.91694444
,214494,Logpoint,Calculation of Remaining to go,"Change the field type to Calculation based on the following logic:

ATR Start in QTR - Booked Renewals in QTR","Root Cause:
The column was previously set as Readonly, preventing dynamic calculations based on the required logic.

Resolution:
Updated the column type to Calculation and applied the requested logic to ensure accurate data representation.",Low,Rohit Agarwal,Mark Wilson,"2/26/2025, 6:59 AM",8,Configuration,Forecast - Update,193,97.22027778
,214483,THE BEATLES _ TESTING,RBA-1660 Build/Change Test 1,RBA-1660 Build/Change Test 1,,P3,Winnie Nguyen,George Harrison,"2/26/2025, 6:30 AM",0,,,8,8.470555556
,214497,Secure Code Warrior Limited,Add YTD columns to Forecast tab,"Please replicate the YTD columns from the Pipeline Gen grid on the Forecast grid using the following:
YTD Quota Target = I will manually populate this column
YTD Closed = Total Closed/won deals for current year & showing the % of Closed/won against YTD Quota Target
YTD Gap to Go =YTD Quota Target minus YTD Closed","Root Cause:
The Forecast grid was missing YTD-related columns that are present in the Pipeline Gen grid, making it difficult to track progress against the YTD quota.

Resolution:
Added the following columns to the Forecast grid:

YTD Quota Target (m",Low,Rohit Agarwal,Wendy Caputo,"2/26/2025, 7:08 AM",5,Configuration,Forecast - Update,124,52.26361111
,214547,"Sage Intacct, Inc.",ModifyForecasting Tab US Channel NCA,"Hi- 
I need a filter added to the US Channel NCA forecasting tab. 
Field Name: CRE Opportunity
Value: unchecked 
API Name CRE_Opportunity__c

Attached is the CSV export of the forecast module","Root Cause:
The required filter was missing from the US Channel NCA tab, causing unwanted records to be included in the forecast view.

Resolution:
Added a filter to exclude records where CRE_Opportunity__c is checked, ensuring accurate data visibilit",P3,Said Mussa,Jackie Lickus,"2/26/2025, 9:59 AM",6,Configuration,Forecast - Update,156,72.00277778
,214590,"Medallia, Inc.",Update all Validation rules,"I am attaching a list of all validation rules on our opportunity and account object. Pls ensure these are updated at the backend and comparing the list attached with how its currently set-up within Clari

https://docs.google.com/spreadsheets/d/1tXhBaR5lPgNQHxJGj0ezVhtzafZ29t-L/edit?usp=sharing&ouid=105522829341685026359&rtpof=true&sd=true",VR update,Low,Ari Henck,Abhirup Dutta,"2/26/2025, 1:45 PM",5,Configuration,Validation Rules - Update,123,50.99111111
,214599,"Quorum Business Solutions, Inc.",Account Module Access,Can you please enable the Accounts Module for their Sales Ops team only? Thank you!,Enable Accounts Module,Low,Tyler Jass,Tyler Jass,"2/26/2025, 2:13 PM",1,Configuration,Other,24,16.17083333
,214644,"CrowdStrike, Inc.",Add Filter option in field,"Hey Team,

Could you bulk push the below values as Filter in the field ""opportunity.account.billingcountry""

Afghanistan
Aland Islands
Albania
Algeria
Andorra
Angola
Anguilla
Antarctica
Antigua and Barbuda
Argentina
Armenia
Aruba
Australia
Austria
Azerbaijan
Bahamas
Bahrain
Bangladesh
Barbados
Belarus
Belgium
Belize
Benin
Bermuda
Bhutan
Bosnia and Herzegovina
Botswana
Brazil
British Indian Ocean Territory
Brunei Darussalam
Bulgaria
Burkina Faso
Burundi
Cambodia
Cameroon
Canada
Cape Verde
Cayman Islands
Central African Republic
Chad
Chile
China
Cocos (Keeling) Islands
Colombia
Comoros
Congo
Cook Islands
Costa Rica
Cote d'Ivoire
Croatia
Cuba
Curaçao
Cyprus
Czech Republic
Denmark
Djibouti
Dominica
Dominican Republic
Ecuador
Egypt
El Salvador
Equatorial Guinea
Eritrea
Estonia
Ethiopia
Falkland Islands (Malvinas)
Faroe Islands
Fiji
Finland
France
French Guiana
French Polynesia
French Southern Territories
Gabon
Gambia
Georgia
Germany
Ghana
Gibraltar
Greece
Greenland
Grenada
Guadeloupe
Guatem",filter options been added,Low,Lyuda Rogers,Apurva Yadav,"2/27/2025, 2:15 AM",3,Configuration,Field Config - Update,91,31.74638889
,214640,"Armada Systems, Inc.",Forecast Category Field changes,"Hi Team,

We are currently using a custom forecast category field instead of the standard forecast field in Salesforce and Clarie. I’ve updated the Forecast tab to pull records from the AE Forecast Category field, which is the custom field we created. After the changes, everything seems to be working well.

I need your assistance with the following two items:

1. We need to remove the standard forecast category field from all Opportunity layouts. I tried to do this, but it appears that the field is added by default to the layout.
2. Similar to the standard field, can we highlight the AE Forecast field when there is a change in values? Field tracking history for this custom field is already enabled in Salesforce.
Thanks in advance for your help!",Mar 3: Requested changes implemented,Low,Pooled CSM,Goutham Nagaraj,"2/27/2025, 1:35 AM",5,Configuration,Field Config - Update,124,51.14694444
,214696,Varicent Canada Opco Ltd.,Varicent - Need Best Case Forecasting Collumn,"Hello,

Could we create a best case forecasting collumn right next to the quarterly call in the sales forecasting tab?

We only need a quarterly forecast input for ""best case"" (nothing added for monthly) and it will take the same filters as the ""quarterly call"" column.

'Rep Forecast' in [""Closed"", ""Commit"", ""Most Likely"", ""Upside"", ""Pipeline""] AND Scope is ""Owned By Me"" AND 'Close Date' is ""__CLARI_FORMULA_DATE_RANGE__"" AND 'Opportunity Type' in [""New Business"", ""New Line of Business"", ""Existing Line of Business""] AND ('Record Type ID' not in [""0124v000001ZXtEAAW"", ""0126g0000007wAFAAY""] OR ('Record Type ID' in [""0126g0000007wAFAAY""] AND 'Delta Status' in [""Upsell""])) AND Stage not in [""Prospecting"", ""Closed Lost""]

Sorry Varicent also wants one additional collumn for ""Won Pending""

Currently on the Sales Forecast in the Quarter View and Monthly View, we have a column called “Closed”
We would like to add an additional column to the right of Closed for the Quarterly view call","Root Cause:
The customer needed additional visibility into ""Best Case"" forecasting and ""Won Pending"" deals, requiring modifications to the existing sales forecasting logic.

Resolution:
Implemented the requested columns and logic changes to ensure acc",Low,Matthew Mcginley,Matthew Mcginley,"2/27/2025, 8:24 AM",7,Configuration,Forecast - Update,168,79.76888889
,214691,ClickUp,Add a pick list option on a field,"Hi team,

Could you please add ""Last 30 Days"" picklist option on the opportunity.next_step_date__c field? Thank you!",n/a,Low,Lyuda Rogers,Lyuda Rogers,"2/27/2025, 8:15 AM",0,,,0,0.116666667
,214749,"Juniper Networks, Inc.",Turn on Inspect > Accounts Module for all Managers,Please turn on the Accounts module for all users in the manager role. (add activityAnalytics at the role level for Managers),n/a,Low,Stephanie Ervin,Stephanie Ervin,"2/27/2025, 12:15 PM",9,,,219,101.7372222
,214724,eSentire,Please re-enable the Clari Gong intigration,"Hi Support,

At some point I believe we disabled the gong integration with eSentire due to some issues that it may have been causing. Assuming that these issues have since been resolved I would like to have us re-activate this integration.

Can we please turn this back on for eSentire?

Thank you,

Alex",Enabled Gong Integration,Low,Alex Ertel,Alex Ertel,"2/27/2025, 10:43 AM",3,Configuration,Signals - Update,83,23.28333333
,214745,LiveView Technologies,Formula change on forecast,"In the forecast section, there is a tab called LVT Renewal Forecast (All). In that view, there is a formula column called Commit Call GRR%. The formula calculating in that column needs to be updated please. The new formula should be:
Commit Call / (Quarterly Bookings + Pipeline + Quarterly Closed Lost). I'm not sure if Quarterly Closed Lost is tracked by Clari or not. If it isn't, then exclude it from the formula. If it is available, that's great.","Root Cause:
The customer requested an update to the Commit Call GRR% formula to include Quarterly Closed Lost, but this column is not available in Clari.

Resolution:
Modified the formula to exclude Quarterly Closed Lost and applied the changes. Share",Low,Christopher Williams,Sam Bowley,"2/27/2025, 12:00 PM",5,Configuration,Forecast - Update,117,44.57666667
,214764,"Accruent, LLC",Forecast Configuration Help,"We need assistance making changes to our Forecast views. We were told we had the ability on our end, but looking through documentation it appears neither myself or the other admin have the required access to make the changes we require. 

We need to change our current quota/plan settings from being set to Fiscal Quarter and instead have it be set to Fiscal Period/Month so we can load more granular versions of our plan in for forecasting. Tangentially we will also need to be given access to create new forecast views as well, which we do not seem to have access to either",Mar 3: Customer to confirm,Low,Connor Kehl,Brian Peaver,"2/27/2025, 1:05 PM",13,Configuration,Forecast - Update,298,132.9119444
,214800,Greenhouse Software,Add a New Role,"Hey Clari Team, can you please ensure the Role ""ENT Renewals Manager Role - West"" is added to our instance. I've created a video to walk through the issue I am having trying to do it myself. Thanks","Created the filter option ""ENT Renewals Manager Role - West"" and added the same to all the columns in the Expansion tab",Low,Jason Parawan,Jacky McLaughlin,"2/27/2025, 3:40 PM",4,Configuration,Field Config - Update,99,34.32888889
,214791,"Trellix (Musarubra US, LLC)",Forecast Configuration Error,"I created new options under the Close Date Field to capture deals closing in Q1 Month 1, Q1 M2, Q1 M3 etc. Each range is set for 2025. But, when I updated the queries in the ""Monthly New Biz Forecast"", with the new close date criteria, it is pulling in every deal. Here are screenshots

https://docs.google.com/document/d/1qz_H1ICJDl9muEV--sbKGh7jRiGPnfDqLJRbjpG-2ZU/edit?usp=sharing",Mar 4: Requested fix implemented,Low,Whitney Drazovich,Kim Grant,"2/27/2025, 2:47 PM",6,Configuration,Forecast - Update,151,67.21277778
,214806,"nCino OpCo, Inc. (“nCino”)",Enable currency picker,Customer would like to enable currency picker so that a user can view their converted deal amounts at the user/local currency level. Please help enable and let us know if you need any additional information to support this feature.,n/a,Low,Jason Parawan,Jason Parawan,"2/27/2025, 4:41 PM",1,Configuration,Other,16,7.584166667
,214817,REMOTE EUROPE HOLDING B.V.,Overlay (NEW) tab,Please include revenue motion = API Led (in addition to Sales Led) in the Overlay (NEW) tab.,Filter Update,P3,Said Mussa,Hind Zerrouki,"2/27/2025, 6:53 PM",5,Configuration,Forecast - Update,120,48
,214811,REMOTE EUROPE HOLDING B.V.,Duplicate Summary Tab,"Can you please duplicate the ""Summary (NEW)"" tab, and instead of being based on Opportunity, base it on ""Opportunity Splits"" with split type =Revenue ARR.
Do not alter existing ""Summary (NEW)"" Tab.","Root Cause:
The customer needed a version of the ""Summary (NEW)"" tab that reflects Opportunity Splits rather than direct Opportunity data.

Resolution:
Created a duplicate tab, changed the mode to split, and added appropriate filters. Shared a screens",P3,Said Mussa,Hind Zerrouki,"2/27/2025, 5:57 PM",14,Configuration,Forecast - Update,336,160.0416667
,214830,eSentire,Fields Being Removed From Salesforce,"Morning!
We are removing the following fields from our SF instance. Can you please confirm we will have no disruption to Clari.",Check the fields dependency in the Clari.,Low,Alex Ertel,Tea Luketic,"2/28/2025, 1:43 AM",4,Configuration,Field Config - Update,96,32
,214904,Tungsten Automation,Change Clari Integration user,"We need to change the Clari Integration user from my account to a service account.  Please let us know what we need to do to make this happen.
The service user that we setup on our Salesforce side is called svc_clari_service@tungstenautomation.com",we were not able to identify the user in clari,P3,Caitlin Stone,Tamim Aziz,"2/28/2025, 9:25 AM",18,Configuration,Other,444,200.5786111
,214929,SafetyCulture,New Renewals WIP Tab,"Hello, can we create a new renewals WIP tab for Safety Culture.

Here's the link to the requirements. We'll want to use the bottom of the Churn 1 forecast call. No other sheets are needed

https://docs.google.com/spreadsheets/d/1gTAt9gxc-wjOIEdvt9rWQqQdBerAaJm9/edit?gid=1581820836#gid=1581820836","The request was to update two calculation fields:

""Forecasted renewal rate"" was modified to account for the churn forecast column being negative.
""Remaining C&C allowance"" was updated to reflect the correct calculation.
Both updates have been impleme",Low,Matthew Mcginley,Matthew Mcginley,"2/28/2025, 11:14 AM",17,Configuration,Forecast - Update,415,182.7538889
,214933,GitLab,Forecast Config - Broken Forecasted Churn Column,"Hi Team, I made changes to the Forecast Config in the Renewal ARR and WIP Renewal tabs and there is no data getting pulled in. See screenshots.",-,Low,Lizzie Rupp,Kathleen Rintelman-Betances,"2/28/2025, 11:22 AM",4,Forecasting,Config Discrepancy,91,27.24027778
,214962,Barracuda,Barracuda | SFDC Activities,Attached is a list of SFDC Activities that the Barracuda team would like to have embedded in Clari within the Account Module activity list,NA,Low,Chris Hughes,Chris Hughes,"2/28/2025, 1:25 PM",27,,,636,292.7597222
,214955,"Riverbed Technology, Inc.",Update Account Owner Forecast tab,"I updated the column called Open Renewals but because it is based on a Commit FC (which I can't update), it system is not showing it.
Can you please either create a new column with the updated query I added today or modify the existing Open Renewals column to show data? Thanks!","Root Cause:
The ""Open Renewals"" column depends on the ""Commit FC"" field, which is not editable. This caused the updated values to not reflect correctly in the system.

Resolution:
Adjusted the query by either creating a new column or modifying the exi",P3,Ari Henck,Lucia Devide,"2/28/2025, 12:50 PM",3,Configuration,Forecast - Update,70,13.57416667
,214975,Eightfold Ai Inc.,Need to add a new Tab,"We have a Pipeline Gen tab in production that captures information at a quarterly time period, i need a new tab called ANNUAL PIPELINE GEN which should have the same information but at the yearly level [Feb 1 2025 - Jan 30th 2026]",-,Low,Alex Ertel,Yukti Singh,"2/28/2025, 2:12 PM",9,Configuration,Forecast - Update,221,83.79638889
,214996,Coralogix Ltd,"Please add a new Forecast Tab called ""Net ARR""","We need to forecast net ARR outcomes in the Forecast module this year instead of just using the dashboards and reports approach we have today. Actual attainment for a given period will be based on the sum of Opportunities of type New + Up-sell + Cross-sell + Full Churn + Partial Churn. Quota for a given period will be based on the company's target net ARR result for the quarter in question.

We are not in the beta for Add Tab to Forecast, so requesting that the tab be added for us. We can work out the rest of the query details once it has been added. Thank you.","Resolution:
Creation of ""YTD Net ARR"" tab",Low,Matthew Mcginley,Seth McClead,"2/28/2025, 5:42 PM",5,Configuration,Forecast - Update,125,48.28555556
,215013,DigiCert,Need Separate Quotas for T-ACV and Consumption ACV tabs,The Consumption ACV tab in our forecasting module was set up to have the same quota target as the T-ACV tab.   Can we separate these into separate quotas?,Created a separate Quota column,Low,Jason Parawan,Jack Earl,"3/2/2025, 9:25 PM",2,Configuration,Forecast - Update,48,32
,215052,Phrase,Assistance with Updating Forecast Tabs by Gainsight CS Segment,"Hello,

I've been working on updating the ""Renewal Forecast"" and ""Customer Health"" tabs in the Forecast section of Clari. After reviewing with my manager, they would like to have two additional tabs (or an option to toggle within the current tabs) that display data by ""Gainsight_CS_Segment__c"" (a field at the account level) instead of by Opportunity Owner.

I attempted to push this field to Clari, but I encountered an error (screenshot attached). If necessary, I grant you permission to push this field yourself.

Could you help me find a way to implement this? Also, if there are alternative approaches that would make this more user-friendly, I’d appreciate any suggestions.

Thanks in advance.","Root Cause:
Aggregation is attempted on a picklist field (Gainsight_CS_Segment__c), but the system only supports reference fields for this purpose.

Resolution:
Informed Manuel that the request cannot be fulfilled due to field type limitations and off",P3,Pooled CSM,Manuel Passanha,"3/3/2025, 7:40 AM",3,Configuration,Forecast - Update,85,58.32777778
,215061,Inovalon,Custom License Review,"Please cc AD Anthony DeSanto adesanto@clari.com

User export included in the requirements link.

Can you please break out which users have access to full analytics and which have access to accounts. 

In order to do this we need our config team to review how many of these users have the Analytics feature flag enabled


This is the link to the retool for individual feature flag review, we need to see this in aggregate for the users in the attached list

https://retool.clari.com/apps/1f022b64-7f26-11ee-8277-170a26dad5d3/General%20Tools/Feature%20Flag%20Org%20Summary%20Page",n/a,Low,Caitlin Stone,Caitlin Stone,"3/3/2025, 8:07 AM",9,Configuration,Analytics - Update,210,107.1786111
,215097,Hewlett Packard Enterprise,Load o: 3299 to RevDB,Hi Support -- we need to complete the initial load of o:3299 to RevDB. Can we kick this off when you have a moment? Please let me know once this has been completed. Thank you!,"Mar 5 : Raised a support case for the schema not loading 00215407

Mar 13 : Org migrated to Rev DB (Analytics)",Low,Stephanie Ervin,Ty Lapinski,"3/3/2025, 11:17 AM",14,RevDB,Load,325,150.7102778
,215136,Nutanix,Updates to Channel Forecasting in UAT,"Hi Team, 

In UAT, we would like to clone the existing Channel Forecast to look at Focus partners & Broad partners:

Channel Standard Forecast:
Channel Standard Forecast (Focus) --> basically no change to what it is today, Just update the name and Filter on opp 'Channel Segmentation' in [""Managed Partner"", ""Emerging Partner"", ""National Partner""] 
Channel Standard Forecast (Broad)—> Set up a new tab, use the same filter logic as Channel Standard Forecast but filter the opp 'Channel Segmentation' by only [""Broad Channel Partner""]
Channel Pipe Gen:
Channel Pipe Gen (Focus) --> Update the name and the filter logic to include opp 'Channel Segmentation' in [""Managed Partner"", ""Emerging Partner"", ""National Partner""] 
Channel Pipe Gen (Broad) --> Set up a new tab, use the same filter logic as Channel Pipe Gen but filter the opp 'Channel Segmentation' by only [""Broad Channel Partner""]

Please let me know if you have any questions. 

Thanks,
Samson R","Mar 5: Support case raised 00215366
Mar 5 : Support case raise for field not loaded : 00215375

Mar 24 : Requested changes implemented",Low,Cortney Fickey,Samson R,"3/3/2025, 1:53 PM",24,Configuration,Forecast - Update,565,277.5544444
,215139,ServiceChannel.com Inc.,ServiceChannel Request For Additional Filter,"Hey team - ServiceChannel is requesting that we add an additional filter created for the Analyze modules. They would like to filter by Opportunity Record Type. Can we execute this for this customer? 

Let me know if anything else is needed to proceed! 

Thank you","Add the ""opportunity.recordtypeid"" to the analytical filter for the analytical module.",Low,Christopher Williams,Christopher Williams,"3/3/2025, 2:31 PM",3,Configuration,Forecast - Update,80,51.47972222
,215156,Doppel,Do I need to make a custom mode for a special renewal layout?,"Hey folks - 

I want to start running my renewal forecast calls out of Clari. What do I need to do to create a custom opportunity view layout for Renewals? I want to add a field called expected renewal amount, and customer health. I added these via the field configuration after creating them in Salesforce. Is it possible to just have these on one view and not all the other opportunity views. Modes can be confusing - is this where I would need to create a custom mode?","Asked call for customer.

No response from customer.  Customer can reopen or create a new ticket for the same.",Low,Pooled CSM,Trevor Barrett,"3/3/2025, 6:01 PM",8,Configuration,Other,178,83.30166667
,215155,"NetDocuments Software, Inc.",Enable Analytics + Accounts Module,"Hi Team - please ensure the Analytics and Accounts modules are enabled for the following Clari User Types:

- Sales Rep
- Manager
- Exec
- Sales Ops

Please reach out to customer if there are any requirements to activating the accounts module beforehand.",n/a,Low,Jason Parawan,Jason Parawan,"3/3/2025, 5:14 PM",7,Configuration,Other,153,66.12527778
,215174,OPSWAT,Add Next Quarter +1 and Next Quarter +2 Filters,"I need to add Next Quarter +1 and Next Quarter +2 as filter options for Cloe Date.
I cannot do this in admin

Thanks",New filter value created,Low,Matthew Mcginley,Liam Emmett,"3/4/2025, 1:34 AM",0,Configuration,Field Config - Update,17,16
,215190,Bitdefender SRL,Clone a dashboard,"Hi team.

I would like to be able to clone the dashboard ""EMEA 5k + ARR - Overview of RWLs & Upsell progression"" and add an additional filter to each widget there is on that dashboard.
The filter should be --> Owner is: Natalija Cacic, Nicoleta Luncan, Tom Schildt, Michael Gisevius
The name of the cloned dashboard should be EMEA 5k + ARR - Overview of RWLs & Upsell progression for Nicoleta 

Thanks.",--,Low,Caroline McCarthy,Sevginur KABAKAYA,"3/4/2025, 3:05 AM",16,Dashboard,Widget,402,206.9111111
,215232,"iCIMS, Inc.",Update field config,"Unable to do this in platform so asking here:

For column '# Won Renewals' within the Renewals Forecast tab, please update the Query from '= All Closed Won UFR' to '=All Won UFR (Full & Downsell)

Once this is done I will then look to delete the 'All Closed Won UFR' column, which is currently tied to the above.","Root Cause:
The existing formula needed modification based on the new requirements provided.

Resolution:
Updated the formula in the ""# Won Renewals"" column and informed Daniel to review the changes.",Low,Tyler Jass,Daniel Atkins,"3/4/2025, 7:53 AM",1,Configuration,Forecast - Update,39,26.10888889
,215242,IntegriChain,Please add new tab to Forecast,"Hi! Can we please add an additional tab to Forecast. I have included the details in the attachment. Is there are way to rename the QUOTA field just for this tab to Target?
Please let me know if there are any questions! 

thanks!","Root Cause:
A new tab was required based on the given specifications.

Resolution:
The new tab was successfully created and shared for review.",Low,Rohit Agarwal,Olivia Homish,"3/4/2025, 8:10 AM",1,Configuration,Forecast - Update,24,15.8525
,215281,Aqueduct Technologies,Forecast Tab Logic,"Hi Support,


I would appreciate your assistance in rewriting the logic for the Forecast tab. Currently, the logic displays Opportunities with a Type of 'New' and 'Talent Delivery,' or a Renewable Opportunity type labeled as 'Takeover.' The issue arises when a sales representative leaves the organization and their accounts are temporarily managed by a manager before a replacement is hired. During this time, there may be opportunities in progress and owned by the Manager. When a replacement is eventually hired, any opportunities that were closed by the manager appear in the new hire's forecast tab. Even if they were not there at that time. Please check Anthony Forest, for instance. He was hired in Late January 2025, but I see closed opportunities for last quarter 2024 for him. I was wondering if we could revise the logic to avoid this scenario.  I am thinking of something like this: If the Opportunity type is ‘new’ and is owned by the current user/My opportunities (opportunities owned b",In Progress,Low,Pooled CSM,Ruby Paul,"3/4/2025, 9:59 AM",13,Configuration,Forecast - Update,304,136.5216667
,215267,Godesic Limited (dba Cutover),Connect with Technical Support for Building complex Forecast tabs,"Hi Team, 

I met with a CSM a few weeks back to chat about the design of 2 new forecast tabs that I want built. After the discussion it has become clear to me that this build will most likely be quite complex and a bit difficult for me to simply send over via a ticket. I would like to connect with a technical support specialist to be create these as they will be able to provide best practices on how to accomplish what my team and I are looking for.

Thanks, 
Adam",Account Manager Pearce will be getting in touch with you to get further details on this.,Low,Pooled CSM,Adam Frank,"3/4/2025, 9:26 AM",16,Configuration,Forecast - Update,394,200.5563889
,215325,"CrowdStrike, Inc.",Switch Out Fields,"I need everywhere the field ""New Platform ACV"" is referenced to be replaced by ""Clari Adjusted New Platform ACV"". Including all forecast aggregations, saved views, dashboards, etc. I would like the display name of ""Clari Adjusted New Platform ACV"" to be ""New Platform ACV"" and the display name of ""New Platform ACV"" to be ""NPACV"". Even though you're switching the fields over to the Clari Adjusted one, you can keep the old field in Clari labeled as ""NPACV"".

I also need everywhere the field ""Renewal ACV"" is referenced to be replaced by ""Clari Adjusted Renewal ACV"". Including all forecast aggregations, saved views, dashboards, etc. I would like the display name of ""Clari Adjusted Renewal ACV"" to be ""Renewal ACV"" and the display name of ""Renewal ACV"" to be ""RACV"". Even though you're switching the fields over to the Clari Adjusted one, you can keep the old field in Clari labeled as ""RACV"".",Created a support ticket for fields loading issue 00216180,Low,Lyuda Rogers,Samra Ahmed,"3/4/2025, 1:27 PM",31,Configuration,Forecast - Update,730,356.5425
,215349,Harness,Publish Error: Contact Support,"Hello all,

I went to publish some changes in Clari today, and hit the attached error. 

Requested changes:
1. Add opportunity field: Deal_Registration_Type__c to be usable in all modules *except* account
2. Add opportunity field: Partner_Notes_Internal__c to be usable in all modules *except* account
3. Add opportunity field: ImpartnerPRM__PartnerAccount__c to be usable in all modules *except* account","Resolution:
Add ""opportunity.deal_registration_type__c"", ""opportunity.partner_notes_internal__c"" and ""opportunity.impartnerprm__partneraccount__c"" fields in all the layouts except Account layout.",P3,Alex Ertel,Chris Orme,"3/4/2025, 3:28 PM",1,Configuration,Field Config - Update,29,18.51861111
,215351,"HashiCorp, Inc.",3 Updates Needed For Clari Sandbox org id is 3035,"1. Cloud NEW NACV: Rename the tab field to Cloud Entitlement NACV.

2. Tab Reorganization: Move the Cloud Entitlement NACV tab to the right side of the NACV tab.

3. New tab FLEX Annualized Commit: Create a new tab with the same columns as Total Bookings, positioned to the right of Cloud Entitlement NACV. Eventually the idea with that tab is that it reflects information similar to total bookings but with the flex metrics.",Mar 5 : Requested changes implemented,Low,Lizzie Rupp,Lizzie Rupp,"3/4/2025, 3:58 PM",7,Configuration,Forecast - Update,153,66.11083333
,215357,"Blackline Systems, Inc.",New Column: PI Adjusted Quota,"Forecast tab, please add a new quota column next to the ""quota"" column titled ""PI Adjusted Quota""

This will be an empty bucket with no calculations, the customer will upload a unique price adjusted quota to this column. 

context from customer call: https://copilot.clari.com/guest/sharedCall/67c79fba49da50082d538acf","Resolution:
Create new ""PI Adjusted Quota"" quota column in the ""Forecast"" tab.",Low,Caitlin Stone,Caitlin Stone,"3/4/2025, 4:52 PM",5,Configuration,Forecast - Update,124,49.13166667
,215369,Tealium,Forecast - Annual Plan Tab - Add New Columns,"Hi, we want to add new columns to the Annual Plan tab that will pull from different amount fields. Attached is the file with the requirements. Please let me know if you have any questions.","Root Cause:

Field Limitation: The requested fields belong to different query objects, making them incompatible with Splits Mode.
Data Load Issue: The ""opportunity.contract_renewal_date_c"" field is not fully loaded in Clari, leading to potential errors",Low,Amanda DeLuise,Ruth Manuel,"3/4/2025, 9:44 PM",1,Configuration,Forecast - Update,24,16
,215371,"Asana, Inc",Please delete forecast column and tabs,"Hello!  Please delete the following:
1. In forecast tab 'AI Studio global view' delete the column ""Ignore this for now""
2. Delete forecast tab 'AI Studio v1' in its entirety
3. Delete forecast tab 'AI Studio v2' in its entirety

Thank you!","We have removed the column ""Ignore this for now"" from the 'AI Studio global view' tab. 
We have also removed the 'AI Studio v1' & 'AI Studio v2' tabs.",P3,Lizzie Rupp,Hans Hoffer,"3/4/2025, 10:20 PM",1,Configuration,Forecast - Update,23,16
,215370,Gigamon,Add column,need to add a monthly bookig column. pls set up time on calendar so i can provide details. thanks.,NA,Low,Amanda DeLuise,Sahiba Babbar,"3/4/2025, 10:09 PM",12,Configuration,Forecast - Update,288,128
,215413,"Armada Systems, Inc.",Restore Month-on-Month Table in the Forecast Section,"Hi Team,

We recently made some changes to our Salesforce and Clari instances while streamlining the forecasting process. As part of those updates, I had removed the month-on-month table from the forecast view.

Now, the leadership team has requested that we bring this feature back to the forecast section. Could you please assist in restoring this option?


Thanks,
Goutham",Mar 6 : Monthly columns restored,Low,Pooled CSM,Goutham Nagaraj,"3/5/2025, 5:22 AM",13,Configuration,Forecast - Update,314,147.4580556
,215432,Axon Enterprise,Complete Exchange Team Linking,"Customer is trying to setup the email integration for Outlook but each time the Outlook admin enters in his Outlook credentials he's brought to a message that he doesn't have permissions. Copilot snippet is in the ""link to requirements""",Confirmed the GraphAPI connection was successfully. Updated org to have Team Link appear in User Management. Updated all Sales Reps to have Team Linking as true.,P3,Cortney Fickey,Alexander Nguyen,"3/5/2025, 7:10 AM",0,Integrations (Clari),Team Linking,0,0.018888889
,215455,SelectScience Ltd,Can we please add to the Key_Campaign_Word__c,"Hello We are currently tracking a count of activity containing certain words within the field Key_Campaign_Word__c. Can the list of words tracked please be updated to also include the following: 
New horizons in cancer research
Insights
nurturing
Mass Spectrometry",I had updated the config by adding the provided values.,Low,Pooled CSM,Sarah Head,"3/5/2025, 8:31 AM",4,Revenue Intelligence,Activity Logging,107,41.47361111
,215465,"iCIMS, Inc.",Projected to Renew SFDC Config Change,"From the customer:

""I need some help configuring a column inside the Renewal Forecast tab which is called 'Projected to Renew SFDC'

In essence I want this column to show me the sum of the following:
If Renewal is Closed (Lost or Won) then point at Aggregated Field 'Renewed Top Tier ARR'
If Renewal is Open then point at Aggregated Field 'Projected to Renew'""

Can I get some help making this change?",n/a,Low,Tyler Jass,Tyler Jass,"3/5/2025, 9:18 AM",1,Configuration,Forecast - Update,35,24.6925
,215464,Eightfold Ai Inc.,Please add new forecast roles to mgr query on forecast tabs,"Hi Support,

On the New Business, Annual Forecast- New Business, Pipeline Gen, and Annual Pipeline Gen we need to update the Manager Query to include the forecast roles “AVP_forecast__C”, “head_sales__C”, “AVP_forecast__C”.

We created a new forecasting tab that required these new roles, but the previous tabs were not updated to account for this.

Can we please update this ASAP? Forecasting is currently not usable.

user to impersonate is: ysingh@eightfold.ai

I think the above should fix it but please let me know!

Alex","Root Cause:
A new forecasting tab was created with updated forecast roles, but the existing tabs were not updated accordingly, causing forecasting to be unusable.

Resolution:
We updated the Manager Query in the affected tabs to include the missing fo",Low,Alex Ertel,Alex Ertel,"3/5/2025, 9:14 AM",8,Configuration,Forecast - Update,201,104.76
,215492,Tungsten Automation,Add Pipeline Council tab to the Forecasting module,"Please add a new tab to the Forecasting module called Pipeline Council with the requirements in the attached spreadsheet. 
If a calculation is not possible on a reference field, it is fine to add it as a hidden field if needed, to perform the calculations.","Root Cause:
The requested calculation fields rely on reference data that is not present in other tabs, making it impossible to compute these values.

Resolution:
We informed the customer about the limitation and shared a screenshot for clarity. Awaiti",P3,Caitlin Stone,Tamim Aziz,"3/5/2025, 10:51 AM",7,Configuration,Forecast - Update,167,79.76777778
,215491,"HYCU, Inc.",Update Forecasting Buckets in Renewals Tab,"Customer requested an update to the renewals forecasting view. They need the grid to display only renewals with a term start date in the current quarter, consolidating the forecast into a single call-based column that shows the target quota alongside a calculation for slipped renewals (to gauge churn). Customer also mentioned that future versions might incorporate a secondary calculation for renewals expected to close in the following quarter.",In Progress,Low,Pooled CSM,Leo Polonsky,"3/5/2025, 10:48 AM",7,Configuration,Forecast - Update,158,71.19055556
,215502,"Digital Realty Trust, Inc., its general partner",Forecasting by territory,"Is it possible to add Forecast by Territory as a separate tab in Forecasting, in addition to existing forecasting set up by role hierarchy? So if the deals lands in London, New York or Tokio we can display it in market bucket instead of account owner ?",Not possible as the org or instance is not ROLE HIERARCHY so having a forecast tab on Territory is not technically feasible,Low,Lizzie Rupp,Olena Reese,"3/5/2025, 11:31 AM",6,Configuration,Forecast - Update,138,59.40194444
,215526,OPSWAT,Add Splits Forecast for All Opswat Reps,"Hello,

I was trying to do this in the Clari Studio self serve mode, but I couldn't figure out how so please forgive me. 

There is a Splits forecast mode that is available for Liam Emmett and a couple other reps. Can we please put that live for the rest of the sales team?

Thanks,

Matt",n/a,Low,Matthew Mcginley,Matthew Mcginley,"3/5/2025, 1:08 PM",11,Configuration,Forecast - Update,270,116.8586111
,215519,"Klaviyo, Inc.",Turn on Key Personas,Please turn on Key Personas feature. I have the configuration listed in the doc,Added the mentioned Key personas.,Low,Amanda DeLuise,Connor Kehl,"3/5/2025, 12:46 PM",6,Configuration,Other,135,55.86361111
,215539,"Palo Alto Networks, Inc.",Plan attainment missing in Cortex&Cloud Total (TCV),"Hi,

Can you please add the % attainment to the TNB Forecast and Renewal Forecast columns in the Cortex&Cloud Total (TCV)tab. This is available in the Core TNB tab for example. Attaching screenshots for reference","We have associated the quota with the forecast columns, and the % is showing up.",Low,Dov Markowitz,Jinse Thomas,"3/5/2025, 2:10 PM",7,Configuration,Forecast - Update,156,69.18166667
,215543,"Palo Alto Networks, Inc.",Urgent: Incorrect User Opt ins,"We shouldn't have any users opted into the following tabs. But Studio is showing us there are users. Please remove all users opted into the following tabs

Cloud TNB
Prisma Total Monthly (TCV)
Prisma Total (ACV)
Prisma Total Monthly (ACV).

Unique case: John DeCastro is opted into the deprecated tabs but Studio doesn't show this. Why, and how many users do we have with this issue?

Also why are we saying the old tab names in Studio? Prisma Total (TCV) was renamed to Cortex&Cloud Total (TCV)",-,Low,Dov Markowitz,Jinse Thomas,"3/5/2025, 2:45 PM",8,Configuration,Forecast - Update,180,84.80361111
,215538,LiveView Technologies,Renewal Forecast Not Calculating correctly,"In Clari, on the LVT Renewal Forecast (All) tab, it looks like the field used for the amount field is pointing to the incorrect field in SFDC. In the screenshot taken at 3.41.25, the amount for the first opportunity is showing $3.825M. But in the other screenshot, the value of the opportunity is $765K. The correct value is $765K. The bookings, pipeline, and closed lost values should be totaling based on ACV field.","Root Cause:
The mode is configured with the opportunitySplit Query Object, meaning the Amount field must come from opportunitySplit.amount. The ACV (Currency) field belongs to a different Query Object and cannot be used in this setup.

Resolution:
Inf",Low,Christopher Williams,Sam Bowley,"3/5/2025, 1:53 PM",16,Configuration,Forecast - Update,372,180.9088889
,215551,"Celigo, Inc.",Add a calculation column and remove quota column,"Hello, 

Reaching out for requesting two changes in the 'Net New ACV' forecast tab:

1) We want to create a calculation column named 'Mgmt Adjust' with formula Forecast - (Commit + Closed). The fields from the formula (ie Forecast, Commit & Closed) are a column in the Net New ACV forecast at the quarter level. And we want this new calculation column 'Mgmt Adjust' to be displayed/ visible only for Manager & Executive at the quarter level only (ie not at the Individual Contributor). 

2) We want to remove the quota column (ie the first column in Net New ACV forecast tab) since it is a duplicate.

For reference, please see attached the requirements sheet with the requested changes in red. Let us know if you have any questions. 

Thanks,
Shivani Gortekar
Sales Operations
Celigo Inc.","Resolution:
Add a ""Mgmt Adjust"" calculation column in the ""Net New ACV"" tab and it should not be visible to Individual contributor.
Remove the ""Quota"" column from the ""Net New ACV"" tab.",Low,Sarah Fagan,Sales Integration,"3/5/2025, 4:04 PM",6,Configuration,Forecast - Update,149,65.93
,215557,Tealium,New Forecast Tab = Annual Plan v2,"Hi, we want to add a new forecast tab with the following details:

Name: Annual Plan v2
Mode: Opportunity Mode
Requirements: See attached files

Please let me know if you have any questions","Resolution:
Creation of new ""Annual Plan_v2"" tab based on the requirement.",P3,Amanda DeLuise,Ruth Manuel,"3/5/2025, 4:34 PM",6,Configuration,Forecast - Update,148,65.42194444
,215563,SecurID,ACV & Forecast Templates,"Hi,

We will need to work with the Clari team to change our forecast module to ACV USD Amount instead of Expected Value USD. We would like to look into options to maybe have both. How do other customers do this?

We will also need help changing forecast tabs and adding/deleting columns 

Thank you!",--,Low,Amanda DeLuise,Cristina Lawler,"3/5/2025, 5:40 PM",12,Configuration,Forecast - Update,288,128.3238889
,215598,Immersive Labs Corporation,Influenced & Sourced Forecast Changes,"Hi there. 

I have a few updates required to 2 forecast tabs, Influenced & Sourced. The changes are as follows:

1. Both tabs have a column called Readonly1 in the qtrly section that needs to be deleted in both influence & source
2. In the Source tab. Both annual & quarterly sections have an Sourced coverage metric. So far the formula is doing coverage /Quota Can we amend both the annual & quarterly columns to Coverage ( Quota - Closed)
2. In the Influence tab. Both annual & quarterly sections have an influenced coverage metric. So far the formula is doing coverage /Quota Can we amend both the annual & quarterly columns to Coverage ( Quota - Closed)

Many thanks
Freddie","Root Cause:
Requested modifications to the Readonly1 column and Coverage formula in both tabs.

Resolution:

Deleted the Readonly1 column from both tabs.
Updated the Sourced Coverage formula in the Source tab to Coverage (Quota - Closed) for both an",Low,Caroline McCarthy,Frederick Knowlton,"3/6/2025, 4:26 AM",7,Configuration,Forecast - Update,163,77.55583333
,215629,Okta,Duplicate& Rename 3 existing tabs in production and also copy over 1 tab from sandbox into production,"Hi all,

1. Can you please duplicate the following tabs within our production enviroment
Pipe Coverage
Pipe Gen
Pipe Gen by Source
2. rename the new tabs to 
ISR Pipe Coverage
ISR Pipe Gen
ISR Pipe Gen by Source

3. and then also replicate an existing tab from our sandbox enviroment into production?
ISR Auth0 Forecast",Created the 4 new tabs,Low,Matthew Colangelo,Ricco Ugas,"3/6/2025, 6:58 AM",5,Configuration,Forecast - Update,135,59.02527778
,215667,"Lookout, Inc.","Create custom ranges for ""exclude amount ranges""","Hi team,

Is it possible to add a custom range for the ranges that can be excluded in amount / acv? 
We're looking to exclude certain amount of ACV in Clari reporting but the range that is available is too wide for us.

Thanks,
Chrislyn","Resolution:
Yes, it is possible to add a custom range for exclusions in the Amount/ACV field.",P3,Pooled CSM,Chrislyn McCullough,"3/6/2025, 9:09 AM",5,Configuration,Field Config - Update,118,47.38
,215712,LiveRamp,Field Property Question,"For this field: opportunity.opportunity_notes_last_update__c

Does the > 7 Days Since Last Update filter option also account for is this field is blank / null? 

I want the current filter AND if the blank / null.

Is there are changes made to the > 7 Days option, please apply the same to the > 14 Days option as well.

Thanks,
Drew",-,Low,Nico Alvarez,Drew Esterberg,"3/6/2025, 11:47 AM",0,Configuration,Field Config - Update,8,6.203333333
,215718,Epicor Software,Please Remove Opportunity Mode 2,Opportunity Mode 2 is not needed and can be deleted. Thanks!,Mar 19 : Opportunity mode 2 removed,Low,Sarah Fagan,Tyler Jass,"3/6/2025, 12:11 PM",14,Configuration,Field Config - Update,327,151.6652778
,215736,Attentive Mobile Inc.,Attentive - Add in Forecasting Calculation,"Please add in the highlighted green columns to get the calculation column the customer would like to see in their existing ""Committed Spend Forecast"" tab","Resolution:
Update the ""Committed Spend Forecast"" tab.",Low,Elizabeth Stoughton,Erin Martinez,"3/6/2025, 12:57 PM",4,Configuration,Forecast - Update,104,37.04444444
,215738,Druva,Create Two New Forecasts,"Hi Clari,

We would like to have two new Forecasts created in our Clari sandbox:

1. Endpoints Forecast
2. Churn & Downsell Endpoints Forecast

I can add the columns myself in the Forecast Configuration. Do you need any additional information to create the forecasts in our Clari sandbox? Please advise.",New forecast tab option is now available in forecast configuration.,Low,Asante Muhammad,Brian Do,"3/6/2025, 1:05 PM",5,Configuration,Forecast - Update,109,37.82722222
,215742,Instructure,Bulk connect Salesforce with cohort of new users with access to two Salesforce environments,"Hello,
We have a new team to provision and set up in Clari, but we have some internal details to figure out before we fully enable them in Clari. They will be full users with Sales Rep as the role.
To minimize distracting tasks for the new team learning Salesforce, is it possible to force/approve their Sync with the correct Salesforce environment so they don't have to worry about it? We want to get them set up, and synced with Salesforce now, so any issues with the role hierarchy in Salesforce can be addressed before they are actually forecasting in Clari. We previously set up a leader of this team and experienced the issue of trying to sync Clari with the correct Salesforce, which was resolved via Case 00207525. 
It would be great to not have to help 70+ new users through that process. Any advice is appreciated. Thanks!",I had reviewed the case and unfortunately we do not have the option to Bulk connect users with Salesforce.,Low,Nico Alvarez,Jason Patoine,"3/6/2025, 1:30 PM",5,Admin,User Management - Issue,129,52.49583333
,215766,Siteimprove,Set up two Signal integrations based on the task object in SFDC to be added to our Account and Opportunity modules,"The first signal integration we would like to set up is for Linkedin. 
the criteria for this signal integrations are:

•	All tasks with Activity Type (SI_Activity_Type__c) = Linkedin should be added
•	we need to be able to filter by the Subject of the task with three main filterable options available
?	subject contains Linkedin: Send Connection Request
?	subject contains Linkedin: Send Message
?	subject contains Linkedin: Interact with Post
•	We need to be able to filter by Assigned to.
•	Signal should be added to account or opportunity listed in the related to field. If this is blank, if possible, it should be added to the account to which the contact belongs (Name field – WhoId)


 



The second signal integration we would like to set up is for Calls. 

The Criteria for this signal integration are:

•	All tasks with Activity Type (SI_Activity_Type__c) = Call should be added
•	We need to be able to filter by Assigned to.
•	Signal should be added to account or opportunity listed in th",I had updated the existingLinkedIn  and Call signals to match the criteria that you had provided. But I am afraid that there is no option to filter based on any metrics for signals.,Low,Caitlin Stone,Lionel Harrison,"3/6/2025, 2:54 PM",16,Integrations (Clari),Signals,372,179.0872222
,215791,"AlphaSense, Inc.",AlphaSense Forecast Updates 3/7,"AlphaSense needs to make updates to 4 existing Forecast tabs: Corp US, Corp International, FS High Growth, FS Strategic

All of the changes are outlined in the linked requirements sheet. Please take note that all newly added columns should be hidden from ICs and visible to managers ONLY. This is noted on the requirements sheet as well. 

I have highlighted new columns in green and updates to existing queries are highlighted in blue.

Please let me know if there are any questions!",updated all tabs,Low,Andrew Pohlen,Ari Henck,"3/6/2025, 7:39 PM",6,Configuration,Forecast - Update,147,64
,215792,Reprise,URGENT - Forecast Tab Changes Needed,"Urgent forecast tab changes needed before Forecasting Call tomorrow.

Customer needs advanced filtering of ""OR"" statements added to their forecasting columns. Please refer to the filtersets as they only want Renewals where Net New ARR is GREATER than 0 to be filtered in.",Filter update,Low,Pooled CSM,Samuel Lee,"3/6/2025, 7:46 PM",5,Configuration,Forecast - Update,102,32.91111111
,215803,Adobe Inc.,Forecast tab missing in AdobeNDR sandbox,DME Corp Summary forecast tab is missing on the adobe ndr sandbox environment. Please add that. Require urgently for testing.,DME Corp Summary forecast tab added to SB,Low,Dov Markowitz,Abhinav Gupta,"3/7/2025, 12:15 AM",6,Configuration,Forecast - Update,143,64
,215884,Medrio,Task creation in Salesforce,"Hi Clari Support,

We have couple 'Last Activity' fields in Salesforce that will rollup the Completed Date/Time field on task records. We noticed that the Completed Date/Time field is not updated when SFDC tasks are created from Clari. Are you able to update our configuration so that whenever the task record is created and the status is 'Completed', the Completed Date/Time field will be updated accordingly.

Screenshot of a example task record attached. Let me know if you have any questions.

Best,
Tyler","We have the created date, which displays the date and time of the task created; we don't have an option to update the configuration such that it will be mapped to the Completed Date/Time.",P3,Matthew Mcginley,Tyler Ellis,"3/7/2025, 9:25 AM",15,Configuration,Capture - Update,353,168.5813889
,215879,Dynatrace LLC,"Exclude Opportunities with ""On Demand Consumption""","Hi Team,

We have just added the Opportunity Name as a field to Clari.
We would also like to exclude from Forecasting all Opportunities that have an Opportunity Name that contains ""On Demand Consumption"". 
Is this something that can be configured for us?
Please advise.

Simina",Updated filters,Low,Liz LeDoux Tajonar,Simina Roman,"3/7/2025, 9:08 AM",14,Configuration,Forecast - Update,350,168.8588889
,215883,Siteimprove,Executive Summary,Hi can you adjust the Executive Summary based on the screenshot?,"Root Cause:
Customer needed specific changes to column visibility and calculations in the Executive Summary tab.

Resolution:

Removed the requested quota columns.
Replaced the ""-"" column with ""Open ATR"" from the ""Churn Forecast"" tab.
Kept the ""Tot",Low,Caitlin Stone,Carmen Wong,"3/7/2025, 9:21 AM",13,Configuration,Forecast - Update,323,152.6486111
,215893,Harness,Add Opportunity field to all modes but account mode,"Please add this opportunity field to all modes except the Account Mode.

Manager NACV Forecast (Manager_NACV_Forecast__c)","Resolution:
Add the 'opportunity.manager_nacv_forecast__c' field to all layouts except the Account mode.",Low,Alex Ertel,Chris Orme,"3/7/2025, 10:12 AM",4,Configuration,Field Config - Update,107,39.79194444
,215932,"Quorum Business Solutions, Inc.",Email Bodies,"From Rene (main point of contact on the account): ""I'm trying to get our Sales Users the ability to read the body of emails within Clari, but I can't seem to find the setting. Right now when they are opening up an email under Activity Details button they are seeing what's in the screenshot I've attached.""

See attached image. Insights > View Email Details",Enable Email body,Low,Tyler Jass,Tyler Jass,"3/7/2025, 12:48 PM",4,Configuration,Other,85,22.1025
,215941,1E,Change Clari Configuraiton User,"Hi, we need to swap the running user from myself to a generic system user. Can you please coordinate with ryan.pentecost@1e.com? Our CSM Toni Pang is aware of the change.",Change Integration User,P3,Toni Pang,Justin Rogers,"3/7/2025, 1:44 PM",6,Configuration,Other,129,52.25055556
,215943,Dremio,Save button on Forecast Config Not working,"Just trying to swap out 'Renewal Specialist' everywhere on the Renewal tab (for Owner), everytime I've hit save it never saves the changes. Can you assist or at least just make this change, thank you.",-,Low,Alex Ertel,Chris Eckenrod,"3/7/2025, 1:59 PM",16,Configuration,Forecast - Update,391,164.015
,215959,Sysdig,Scheduled date field,"I created 2 new filter values
Q+ future quarters (I want to show the deals where the date is after CQ)
P - previous quarters (I want to show the deals where the date is before CQ)

I added them but it's not working.

Renewal forecast tab - take a look at the ""open from previous quarters"" and ""pulled in from future quarters""columns.","Resolution:

Update the filter value in the ""Open from Previous quarter"" and ""
Pulled in from Future Quarter"" column filter based on the ""P - previous quarters"" and ""Q+ future quarters"" Respectively.",Low,Elizabeth Stoughton,Janhavi Wagle,"3/7/2025, 4:25 PM",4,Configuration,Forecast - Update,101,33.57527778
,215957,Cohesity,Upload the Call M1 actuals,Can you please update M1 Call Closed on Veritas Sales Tab for below GEO level. Attached the numbers.,The requested changes are completed,Low,Chris Hughes,Uday Bodduna,"3/7/2025, 4:18 PM",9,Forecasting,Forecast Quota/Call,222,81.69166667
,215988,Cato Networks Ltd.,Forecast UX help,"Hi team, 
I was hoping you could help me with some asks from Cato around the UX of forecasting. Snippet available here https://copilot.clari.com/guest/sharedCall/67cebb5165fba37a79a48036

We are seeking your assistance with the following UI/UX changes:

1- Judgment field Column in Months 2 & 3: Can we configure our instance so that the Judgment column is available for Month 1, as it is today, but removed from the Forecasting module for Months 2 and 3? If the field cannot be removed, perhaps we can lock it or grey it out for Months 2 and 3? Our leadership found it distracting that the field is still open for editing even when the company has decided on a different approach for Months 2 and 3

2- Adding ""Forecasted"" field to the Dashboard: When we add the Forecast Saved View to a dashboard, we can currently only see three columns: Quota, Closed, and Judgment. Can we add a fourth column for the ""Forecasted"" field?

3- Forecast Module UI Updates: In the Forecast module, can we add",Mar 11: Requests not technically feasible as of now,Low,Caroline McCarthy,Caroline McCarthy,"3/10/2025, 3:15 AM",7,Configuration,Forecast - Update,167,79.31944444
,216036,Tealium,consumption,"Consumption forecast tab - We would like to show the product name instead of the ID ?
Vaibhav asked this in the forecasting channel and got a workaround. Here is the slack link:
https://clari.slack.com/archives/C03HPQU55/p1741593913164119

Garrett suggested - We need the .name field of that entity below the account to be extracted, loaded, and at minimum set to OPP filtersble in the mode",n/a,Low,Amanda DeLuise,Janhavi Wagle,"3/10/2025, 8:34 AM",8,Configuration,Other,204,105.4327778
,216011,Bynder,Split Churn tab in Forecasting,"Hi Clari team,

I'd like to request the following change:
- In our Forecasting tab we have a tab called ""churn""
- Can we add another tab called ""Churn - Webdam"" (the same columns)
----Logic: Reporting date = current FQ, platform = Webdam, Churn ARR >0
- Can we rename the current ""churn"" tab to ""Churn - Bynder"" (the same columns)
----Logic: Reporting date = current FQ, platform = Bynder, Churn ARR >0
- Can we add one more tab called ""Churn consolidated""
----Logic: Reporting date = current FQ, Churn ARR >0, all the same columns

Additional request:
Can we remove the ""Churn forecast column"" from the churn tabs - we've replaced this with the worst case/ best case - the best case should roll up to the NNARR tab, not the churn forecast anymore.
Let me know if you want to elaborate on this.",Mar 11 : Requested tabs created,Low,Rohit Agarwal,Mandy Van Rijn,"3/10/2025, 7:17 AM",9,Configuration,Forecast - Update,212,108.1791667
,216022,Siteimprove,Pipeline forecast Tab,"Can we re-arrange the column sequence? Can we move AE Target, AE Pipe Gen ARR and AE Attainment after Partner? Is that possible to move Closed Won after fhe Call column?",Reordered the columns based on the requirement.,Low,Caitlin Stone,Carmen Wong,"3/10/2025, 7:44 AM",3,Configuration,Forecast - Update,66,42.33055556
,216016,Impact,Columns disappearing in Forecasting suite,"HI team, on our forecast tab ""forecast summary"" the following columns, which are still present on the other tabs, dissapeared without us requesting it:
AE - In my number, RVP -In my Number, AVP- In my number, SVP - in my number.
Please add them back in following the exact logic that was set prior and that is still present in the other tabs for those columns. This is very urgent and it is affecting forecasting.","I had created AE - In my number, RVP -In my Number, AVP- In my number and SVP - in my number columns in the Forecast Summary tab",Low,Sarah Fagan,Clara Mantegazza,"3/10/2025, 7:27 AM",15,Configuration,Other,354,170.5441667
,216045,Tanium,Forecast Tab - IARR Column - Closed Amount,"Hello, 

I cannot edit what the closed filters are for the IARR column in the Forecast configuration. Here is what it currently is:

this is the filter criteria of Closed Amount.
TERRITORY ID
L1 Global Sales
CLOSE DATE
Feb 01, 2025 - Apr 30, 2025
REASON CODE (EXCLUDED)
Duplicate/Consolidation
STAGE
Signed & Paid, CLOSED WON, Signed & Invoiced

Change needed to stages we are considering ""Closed"" in this column:

this is the filter criteria of Closed Amount.
TERRITORY ID
L1 Global Sales
CLOSE DATE
Feb 01, 2025 - Apr 30, 2025
REASON CODE (EXCLUDED)
Duplicate/Consolidation
STAGE
Failed, CLOSED WON, Failed Renewal","Root Cause:
The initial filter criteria did not reflect the customer’s intended stages for ""Closed"" amounts.

Resolution:
The filter criteria were updated as per the customer’s request to include the new stages. The change has been made and the custom",Low,Cortney Fickey,Parker Foard,"3/10/2025, 8:58 AM",1,Configuration,Forecast - Update,26,18.04055556
,216055,Pure Storage,Portworx YTD Annual Closed number discrepencies | Request from 00214146,"Hi Alex,
I am connecting with Jason to verify the source of the closed numbers he shared with me. Once I have clarity, I will provide you with an update on when we can connect to discuss further.

In the meantime, I noticed that Portworx YTD still has a hardcoded value where the annual closed numbers remain unchanged. Since you have updated YTD to reflect the respective FY annual closed numbers, could you please do the same for Portworx YTD as well and confirm once completed?

Additionally, could you refresh the current quarter YTD numbers for both Core Sales YTD and Portworx YTD to reflect FY26 Q1 numbers?

Please review and let me know if you require any other details from my end.

Regards,
Nasir Vazeer",We have updated the close date filter logic to now change based on the top date filter,P3,Matthew Colangelo,Alexander Nguyen,"3/10/2025, 9:35 AM",0,Forecasting,Config Discrepancy,0,0.030555556
,216104,"PagerDuty, Inc.",Reconfiguration request,Can you please update the Product Forecast configuration based on the attached requirements?,"Resolution:
Update the 'Product Fcst' tab based on the requirement sheet.",Low,Cortney Fickey,Katie Marion,"3/10/2025, 12:23 PM",3,Configuration,Forecast - Update,69,45.33194444
,216093,constructor.io,New Validation Rule Needed in Clari to Match SFDC,"Howdy - we want to point a validation rule to a new field. Is it easier for you if we create a new one or updating the existing one?

Current/Legacy Validation Rule points to Commerce Platform (text)
New/Updated Validation Rule needs to point to ECommerce Platform (picklist to replace ^) 

Validation Rule Detail
 
Rule Name	S2_ECommerce_Platform_Required	Active	Not Checked
Error Condition Formula	OR(
ISPICKVAL(StageName,""Qualified/Sales Hand-off""),
ISPICKVAL(StageName,""3 – Evaluation""),
ISPICKVAL(StageName,""4 – Validation""),
ISPICKVAL(StageName,""5– Proposal/Pricing""),
ISPICKVAL(StageName,""6 - Executive Review""),
ISPICKVAL(StageName,""7 – Negotiations""))
&& ISBLANK(TEXT(Ecommerce_Platform__c))
&& ISPICKVAL(Type,""New Business"")
Error Message	""e-commerce Platform"" is required at/after Stage = 'Qualified/Sales Hand-off' and should be validated by the Opportunity Owner.",New Validation rule,Low,Pooled CSM,Chris Hayman,"3/10/2025, 11:46 AM",3,Configuration,Validation Rules - Update,60,38.22972222
,216114,"HashiCorp, Inc.",Request for reorder columns columns in NACV Tab - Production,"Hi Clari Team,

Could we please make the following adjustments?

1. Move the ""funded"" column to the right side of High Column and ""Call to go"" column to the right side of Funded (in the new position) 
New order of the first columns:
Target
Closed
Call
Low
High
Funded – This will allow us to compare the flagged totals (open + closed) against the calls.
Call to Go
In the Call (AVP)
In the Call (FLSM) 

2.Move the column ""Deal Coverage"" before the coverage metrics, to the left side of "" Open Commit Coverage"" 

Attached screenshots for your reference, please proceed with this ASAP.

Regards, 
Marianela A.",-,P3,Lizzie Rupp,Marianela Araya,"3/10/2025, 1:10 PM",9,Configuration,Forecast - Update,216,112.3758333
,216111,"Workday, Inc.",Enabling Accounts Module in Clari Sandbox,"Hi team,

Workday is looking to create two new Account modes but wanted to test this out in Sandbox first. Workday's Clari Sandbox instance does not have Accounts Module enabled. Please let me know what are the next steps / requirements to getting this set up.
Additionally, can you confirm if we can enable Accounts module for specific user/user roles? They are only looking to roll out Accounts to the CX team and not the entire org.

We are pilot Copilot + Account module for the CX team and that is slated to start on April 7th.",In Progress,Low,Mike Riggs,Shorwei Gong,"3/10/2025, 1:03 PM",16,Configuration,Sandbox - Update,379,187.0808333
,216155,Checkmarx,Renewal Tab in Forecast,"Hello, new ""fresh case"" to replace 00213700 (can be closed)

1. Closed+Commit = should be removed
2. add Column ""Won Early"" =same filters as ""Closed"" but close date is *exclude* CLARI_FORMULA_DATE_RANGE AND *exclude*  Revenue Operations Notes = out of 2025 RN target
2. add Column ""Won On Time"" =same filters as ""Closed"" but close date *is* CLARI_FORMULA_DATE_RANGE 
3. ""Won+Commit"" = rename ""All Won+Commit"", calculation column ""Won Early"" + ""Won On Time"" + ""Commit""
4. Closed = should be ""Won Early"" + ""Won On Time""
5. Realistic = should be ""Won Early"" + ""Won On Time"" + ""Commit""
6. Best Case = should be ""Won Early"" + ""Won On Time"" + ""Commit' + ""Upside""
7. Pipeline Rollup = """"Won Early"" + ""Won On Time"" + ""Commit' + ""Upside"" + ""Pipeline""
8. Pipeline coverage = ""Pipeline Rollup"" / Quota
9. Add column ""CQ Pipeline Rollup"" = forecast category is Closed, Commit, Upside, Pipeline| Close date is CLARI_FORMULA_DATE_RANGE | Expected Renewal Date is CLARI_FORMULA_DATE_RANGE| Opportunity Type is Renew","Root Cause: The request was to modify existing calculations and add new ones, including the handling of specific date and opportunity type filters.

Resolution: The necessary calculation columns have been added and the existing ones have been preserved ",Low,Toni Pang,Lala Djafarov,"3/10/2025, 11:58 PM",14,Configuration,Forecast - Update,315,145.3405556
,216171,Marcura Platform Solutions FZE,Activity Capture system enablement,"Hi Support Team,

As per Parin we need to log a ticket for Activity Capture system enablement.

Thanks,",need clarity settings,Low,Caroline McCarthy,Japhet Toring,"3/11/2025, 4:20 AM",56,Configuration,Capture - Update,1344,640.0669444
,216190,"Sage Intacct, Inc.",US NCA Channel - Intacct Change to Mode,Hi- Can you change the mode on the US NCA Channel - Intacct to the channel mode? Thanks!,"Root Cause/Resolution:

The customer requested a change in the mode for the US NCA Channel - Intacct to the channel mode. The necessary changes have been implemented and are now awaiting the customer’s review.",P3,Said Mussa,Jackie Lickus,"3/11/2025, 6:12 AM",1,Configuration,Forecast - Update,28,19.62777778
,216208,Bugcrowd Inc.,Summary Tab,"Hi Team,

I had a previous case open to have the summary tab of my Clari's forecasting to have a sum of the new business and renewal forecast tab. They fixed this on the CRO level but I have a different view for everyone else. Can you please create the same view for all levels of the forecasting hierarchy? First screenshot is the CRO view (desired) second is the Global AM leader view.

Thanks!",Expected behaivour of composite forecast columns. No change required,Low,Sarah Fagan,Libby Gorfine,"3/11/2025, 7:32 AM",6,Configuration,Forecast - Update,143,63.13083333
,216205,Phrase,Request to Create New Forecasting Tab in Clari,"Hi,

I would like to request the creation of a new forecasting tab in Clari.

I've been working with Rohit Agarwal, and we've created the attached Excel file for the configuration of the new tab.

If possible, please hide the columns highlighted in yellow.

Let me know if you have any questions.","Root Cause/Resolution:

The filter ""opportunity.type"" = Renewal is missing from the filterable options, possibly due to a data change or update in the system. We are awaiting clarification from the customer on whether to leave it as is, replace it, or d",P3,Pooled CSM,Manuel Passanha,"3/11/2025, 7:21 AM",12,Configuration,Forecast - Update,300,138.6383333
,216232,Thermo Fisher Scientific,New blank forecast submission tab,"Hi there!

Thermo Fisher is interested in seeing how a blank Forecast Entry column would work. Can we please create a new tab and just add a single blank Forecast Entry column without any rollup value?

We can title the tab ""Test Forecast Entry"" for now. We attempted to create this using Forecast Config, but we are not able to save a column without a query. 

Thanks!","Resolution:
Create a new tab as ""Test Forecast Entry"" and add the Forecast entry column without roll up fields and query.",Low,Ari Henck,Ari Henck,"3/11/2025, 8:49 AM",1,Configuration,Forecast - Update,24,16.49
,216335,Epicor Software,"Highspot, Tasks and Event Data Not Flowing to Accounts Module","The Accounts Module was recently turned on and the Highspot, task and event data are not flowing properly. Showing 0s across the board in those columns. Tomas Kral, main point of contact, is copied on this thread.",n/a,Low,Sarah Fagan,Tyler Jass,"3/11/2025, 2:58 PM",17,Configuration,Signals - Update,394,195.025
,216319,SecurID,Change Default Amount Field,"Please change the Default Amount field from “Expected Value USD” (opportunity.amount_usd__c) to “ACV USD Amount” (opportunity.acv_usd_amount__c).

This means all Forecast columns that aggregate to this field should be switched (or are filtering on it)

All Saved Views that aggregate to this field should be switched (or are filtering on it)

Please also order the analytics module to have the new field first so that it becomes the default (and update any views using the old)",Mar 18 : Forecast and saved views aggregation fields updated,Low,Amanda DeLuise,Connor Kehl,"3/11/2025, 1:53 PM",8,Configuration,Saved View - Update,182,85.58416667
,216342,"Claroty, Inc.",Need legacy sales opp stage values mapped to new sales opp stage values,"Hey Clari support team,

I would like to map all of our historical stage data in Clari to our updated sales stages to make sure all historical data can be reported on using our new stages.  Can you help with this? Attached is a crosswalk of legacy stages to new stages.",I had updated the old stage values with the new stage values at all the places accordingly and also updated the historical stage mapping.,Low,Christopher Williams,Lance Werling,"3/11/2025, 3:42 PM",5,Data Science & Analytics,Stage Mapping,127,50.29777778
,216358,REMOTE EUROPE HOLDING B.V.,Delete Tabs,"Please Delete the following tabs:
HRIS (OLD)
Jobs (OLD)
EQUITY (OLD)",3 forecast tabs deleted,P3,Said Mussa,Hind Zerrouki,"3/11/2025, 6:58 PM",2,Configuration,Forecast - Update,29,16
,216368,"Cribl, Inc.","Can we add ""Target"" columns to our ""Pipe Gen"" tab in the Forecasting Module?","Hi team, in our Forecasting module, we have a customized tab called ""Pipe Gen"" that you helped us create. Our CRO is asking if it's possible to add new ""Target"" columns for each of the date ranges in the view? The new columns would be:
>> Last 7 Days Target
>> Last 14 Days Target
>> Last 30 ...
>> Last 60...
>> Last 90...
>> Last 180...

1) Is it possible to add these Target columns, and 2) could we have a % of Target calculation show up in the pipeline actuals columns? [For example if the Last 7 Days Target is $50,000 and the Last 7 Days actuals were $40,000, the result is 80% of Target]

Please let us know what's possible. thank you!","Customer requested the addition of target columns for various date ranges and a percentage calculation. The changes have been made, and we are now waiting for feedback to confirm if everything is functioning as expected.",Low,Jason Parawan,Matt Ashburn,"3/12/2025, 12:53 AM",5,Configuration,Forecast - Update,141,64
,216382,"Alation, Inc",Add to Pipeline Forecast tab,"Hello, 

Could we please separate the Marketing Pipeline Target and Actuals columns in the Pipeline Forecast tab?

Currently, the Marketing Pipeline Actuals are filtered by attribution to Marketing & Marketing Inbound. We'd like to adjust this so that both the Marketing Pipeline Target and Actuals include only Marketing.

Additionally, please add two new columns for SDR Outbound Target and SDR Outbound Actuals, with attribution filtered to Marketing Outbound (renamed as SDR Outbound).

Let me know if you'd like to sync on this or if it's something I can update myself.

Best,
Julia Konrad","The Marketing Pipeline columns cannot be separated because they are part of the default Clari quota setup. The SDR Outbound value is missing from the attribution filter, preventing us from adding it unless the customer creates the new value in the picklis",Low,Tyler Jass,Julia Konrad,"3/12/2025, 4:13 AM",22,Configuration,Forecast - Update,529,256.5105556
,216389,Globalization Partners LLC,Update the Opportunity Stage names,"Our current and new Opportunity Stages are as follows:
Contract Negotiation
Negotiation
Proposal
Discovery &value setting
New

There are some changes that need to be made in Clari.

In Forecast View  -ALL Tabs
The Discovery & Value Setting column needs to be switched  with Open Pipeline

In Analyze Tab under Pulse the order needs to be as above 
In Analyze Tan under Funnel the order needs to be as above 
For all tabs we have in Clari under Analyze the order needs to be as above

Can this be completed as a Priority Action for our Leadership team please?

Thanks
Fiona",Mar 13 : Change implemented,Low,Andrew Pohlen,Fiona Raymond,"3/12/2025, 6:31 AM",22,Configuration,Other,525,253.1083333
,216397,Boomi LP,Sales Renewal Forecast Tab Updates - Forecast Module,"Need to change a formula on the Forecast Churn/Downgrade column.

Please change formula to:
""Sales Renewal Forecast - Baseline up for Renewal""","Change the calculation formula for the Forecast Churn/Downgrade column as ""Sales Renewal Forecast - Baseline up for Renewal""",Low,Jason Parawan,Michael Harris,"3/12/2025, 6:52 AM",2,Configuration,Forecast - Update,48,32.33166667
,216424,LiveView Technologies,Update Description on Column,"On the LVT Renewal Forecast (All) tab, for the column Commit Call GRR %, can the Description be updated to Commit Call / Quarter Up for Renewal

Thanks!","Updated the description of ""Commit Call GRR %"" column in ""LVT Renewal Forecast (All)"" tab as per the customer request. Shared screenshot for review.",Low,Christopher Williams,Sam Bowley,"3/12/2025, 8:08 AM",1,Configuration,Forecast - Update,33,24.99416667
,216510,"Workday, Inc.","(Update in UAT-AGAIN Sandbox only) Update our “CUSTOM_ORDERED_FIELDS_TERRITORY” filter to consider new ""Super Segment"" field","(Update in UAT-AGAIN Sandbox only) 

in almost all of our forecast tabs, we have a custom filter “CUSTOM_ORDERED_FIELDS_TERRITORY” that compares the user's territory values (Segment, Group, Sub-Group, Region, Sub-Region) to the opportunity's territory (Opportunity Segment, Opportunity Group, Opportunity Sub-Group, Opportunity Region, Opportunity Sub-Region).

we will be adding a new territory level above ""Segment"" and need to add it to the ""CUSTOM_ORDERED_FIELDS_TERRITORY” custom filter.

new user field: Super Segment
new Opportunity field: Opportunity Super Segment

the new fields will be created in our SFDC Sandbox tomorrow and hoping to have a quick turn around to get the custom filter updated in UAT-AGAIN clari sandbox ASAP for testing.",MAR 20 : Support case raised 00217400,Low,Mike Riggs,Jodie Lee,"3/12/2025, 3:57 PM",22,Configuration,Forecast - Update,516,243.6852778
,216527,"HashiCorp, Inc.",Request for Changes to Clari-SANDBOX Forecasting,"Hello Clari Team,

I hope you're doing well. I need to make a few updates to the Clari-SANDBOX forecasting for rep training purposes. Below is the list of changes I’d like to request:

1. Hide the RACV 2 and New Logo forecasting tabs from users.
2. In the Cloud Entitlement NACV tab, hide the Call, Low, and Hide columns.
3. In the Flex Annualized Commit tab, hide the Call, Low, and Hide columns.

Please proceed with this updates asap for training purposes.

Thank you,
Marianela Araya",I had made the requested updates accordingly,Low,Lizzie Rupp,Marianela Araya,"3/12/2025, 7:31 PM",10,Configuration,Forecast - Update,224,112
,216533,"Intercom, Inc.",Update RM Fin tab,"Hey Team,

I previously raised a ticket to create two new tabs, 1 AE Fin tab, 2 RM Fin tab. It seems that the RM Fin has the same filters as the AE, can you please update it to the RM filters as shown in the file below?

Also, in the two Fin tabs, I don't see any people below the our sales SVP, is that because we currently don't have other people accessible/assigned to these two tabs?","Root Cause: The issue stemmed from the RM Fin tab initially using the same filters as the AE Fin tab, which was not aligned with the required RM filters.

Resolution: The RM Fin tab filters have been updated to the correct RM filters. Additionally, we c",Low,Tyler Jass,Leo Zhang,"3/12/2025, 9:19 PM",8,Configuration,Forecast - Update,175,82.40694444
,216534,Cohesity,Update M1 Forecast Call Actuals on Veritas Sales ACV Tab,"Can you load the following numbers in the excel attached for M1 Forecast Call and load all the way down to the AE level, this is for the Veritas Sales ACV tab only.",All the requested changes are completed,Low,Chris Hughes,Uday Bodduna,"3/12/2025, 9:35 PM",21,Forecasting,Forecast Quota/Call,484,224
,216558,CommerceIQ,"Remove the ""New Logo Commit"" column","Remove the ""New Logo Commit"" column from the forecast module?",Recommended to remove the column from forecast configuration.,Low,Pooled CSM,Janani K,"3/13/2025, 3:50 AM",4,Configuration,Forecast - Update,95,30.8025
,216640,Socure,New tab creation,"Name of the tab: Renewals
Please see the requirement doc attached above","Resolution,
Creation of new ""Renewals"" tab based on the requirement sheet.",Low,Chandler Zitzmann,Janhavi Wagle,"3/13/2025, 10:41 AM",4,Configuration,Forecast - Update,107,39.30777778
,216642,Sysdig,date filters,"I created 2 new filter values
Q+ future quarters (I want to show the deals where the date is after CQ)
P - previous quarters (I want to show the deals where the date is before CQ)

I added them but it's not working.

Renewal forecast tab - take a look at the ""open from previous quarters"" and ""pulled in from future quarters""columns.

Disha fixed it in case 00215959 but showing the same issue.",updated the filter,Low,Elizabeth Stoughton,Janhavi Wagle,"3/13/2025, 10:51 AM",0,Configuration,Forecast - Update,2,1.649722222
,216650,Trintech,Trintech - Dashboard Question,"Hey team - Trintech had the below question about an existing dashboard:

These widgets are in the Manager Rep 1v1 dashboard. I was wondering if we can also see Q to date as an option? I want to be able to keep a pulse of the pipeline we are building by the Q, but also be able to dive into the specific deals for details as well. 

(Attaching image to the case)","Root Cause:
Clari Pulse does not support direct filters for Q-to-date data in the dashboard.

Resolution:
Informed the customer that a workaround is to create a saved view with the desired filter and then add that saved view to the dashboard widget.",Low,Christopher Williams,Christopher Williams,"3/13/2025, 11:24 AM",4,Configuration,Dashboard - Update,104,38.59527778
,216712,Eightfold Ai Inc.,Filter value when = blank,"I am using a picklist value [no risk, low, med, high risk] to assign %s to these ratings to calculate downgrade ACV on my renewals. The % calculations are all working fine, except when there is no risk associated to a deal the system is assigning it 100% risk. How do I setup downgrade forecast churn columns in Renewals WIP tab to ignore when the risk value is = blank","Root Cause:
Clari does not support the ability to modify or ignore blank or ""no risk"" values in the way the customer requested.

Resolution:
Informed the customer that this request cannot be configured in Clari.",Low,Alex Ertel,Yukti Singh,"3/13/2025, 3:29 PM",4,Configuration,Forecast - Update,102,34.51277778
,216713,dbt Labs,DBT Labs - Amount Field Questions,"Hey team - DBT Labs has the below questions on what is possible as they move forward. Can someone take a look and provide all possibilities?

1) Can a quota be a % vs. a dollar amount? If they cannot be - is there a way to dynamically upload a different % target for each person into clari directly in another way?
2) If we can upload a % as a quota - how would the 'closed to go' or whatever work there (we'd want to compare it to another %)
3) Can we use the % number in a calculated column (e.g. I upload Austin's retention target at 90%, I then could use that to say his Retained ARR goal would be 90% x his baseline renewal of 13,205,655?)","Root Cause:
Clari does not support quotas as percentages or comparing quotas as percentages. However, calculated columns can incorporate percentages for specific calculations.

Resolution:
Informed the customer that point 1 and 2 cannot be done, but p",Low,Christopher Williams,Christopher Williams,"3/13/2025, 3:42 PM",7,Configuration,Forecast - Update,157,68.66444444
,216709,"Asana, Inc",Update SMB Revenue for Feb,"Hi Team, 

Hoping you can help me with an ask from our self-serve business as our main admin is OOO till April. This is in the Forecast Tab under Pete Greene.  We need to get their actuals for Feb loaded into Clari and I do not see anything from Hans on how he was doing this and don't want to break anything. All we need is rows 3-15 loaded into Clari. Any chance you know how/where to upload?

Thank you!",-,Low,Lizzie Rupp,Lizzie Rupp,"3/13/2025, 3:09 PM",15,Configuration,Other,346,162.8391667
,216718,Flexera,Open forecast fields for editing,"Hi Clari Support,
Please open the following fields from March 19th at 8am CST to Wednesday, April 2nd.  This will enable our reps and RVPs to enter their original forecast for Q2 2025.  On Tuesday, April 2nd at 8 am CST, we want these fields locked.   

Forecast Tabs:
Flexera Forecast
Revenera New Business

 Flexera Forecast – open the months and quarter
1.	Q2 – Forecast
2.	April–Forecast
3.	May- Forecast
4.	June- Forecast

Revenera New Business Forecast – open months and quarter
Forecast Tab	Revenera New Business Forecast
Column 	Original Forecast
Quarter	Quarter (Q2) 
Month	April
Month	May
Month	June","Mar 17 : Requested change implemented

Apr 2: Fields closed",Low,Nico Alvarez,Cathleen Neibch,"3/13/2025, 3:54 PM",20,Configuration,Forecast - Update,471,214.8263889
,216723,Highspot,Delete saved views,"Hi team,

Can you please delete all saved views not accessed since Oct. 1st 2024 and not used Dashboard?
Thank you!",This request is completed,Low,Lyuda Rogers,Lyuda Rogers,"3/13/2025, 4:52 PM",4,Configuration,Saved View - Update,84,19.65138889
,216769,"Rocket Software, Inc.",Please exclude Renewals-AMC-AMER-Rep from all tabs of forecast module,"Hi Team,
Please could you exclude the role Renewals-AMC-AMER-Rep from all columns and all tabs of the forecast module. We have $645k of this opportunity split under a renewals rep that is rolling up into our forecast numbers where I do not believe it should be. Synchrony SHA ELA - this is the opp name. 
Thanks
Matt","Resolution:
Exclude the role id ""Renewals-AMC-AMER-Rep"" filter in all the tabs and all the columns.",Low,Elizabeth Stoughton,Matt Bailey,"3/14/2025, 6:00 AM",3,Configuration,Forecast - Update,87,27.98416667
,216781,"ConnectWise, LLC",Forecasting Field Updates,"Hello, 

Could we please make the following updates in our Acquisition Forecast, Expansion Forecast, Growth Forecast, and Digital Forecast tabs which then roll up to the Summary tab?

Quarterly forecast values should total closed month values + forecast values as they do right now, however we would also like users to have the ability to edit if they should need to (again it would continue to total up so they would not need to submit a forecast but they will have the ability to do that).  If possible, only at the forecast manager role or manager/exec/sales ops user type, but if not possible then for everybody. Also if those are not possible but advanced admin is possible, that would work as well. 

Stretch tab should function similar to the forecast tab where it offers the total suggestion based on (won+commit+best case) in forecast category however each user should be able to submit a call in there similar to how they submit a forecast call.

Please let me know if you need any other in",Mar 18 : Requested changes implemented,Low,Nico Alvarez,Daniel Kabakov,"3/14/2025, 7:52 AM",6,Configuration,Forecast - Update,140,60.35111111
,216818,CluePoints S.A.,Update BD QoQ and the Finance QoQ tabs to use Dynamic Date Picker,"--------------- Original Message ---------------
From: Patrick Socaciu [patrick.socaciu@cluepoints.com]
Sent: 3/14/2025, 12:36 PM
To: support@clari.com
Subject: Re: URGENT - Re: Forecast View - 00216010

Thank you.  I had made the update to that as well b",Update BD QoQ and the Finance QoQ tabs to use Dynamic Date Picker,P3,Pooled CSM,Alexander Nguyen,"3/14/2025, 12:53 PM",0,Configuration,Forecast - Update,0,0.018888889
,216823,Assent Compliance,Support Request: Unable to Update Opportunities in Clari + CRM Score Field Export,"Hi 

I'm experiencing an issue when trying to update a field—or any opportunity, for that matter—in Clari. I keep encountering an error that persists regardless of the changes I attempt. It might be a validation issue, but I’d like to confirm the root cause. Could you clarify what documentation, fields, or information I need to provide to help resolve this issue?

Attached are the opportunities that i cant update.

Additionally, I’d like to request an export of the fields that contribute to the CRM score for both renewal opportunities and standard opportunities. Please let me know if any additional steps are required on my end.

Thanks for your help!

Best,
Hamza",shared the export of VR as well as CRM factors,Low,Tyler Jass,Hamza Abu-Alhawa,"3/14/2025, 2:10 PM",18,Configuration,Validation Rules - Update,442,195.83
,216831,"HashiCorp, Inc.",Need Updates in 3035 hashicorp sandbox by Sunday evening then in production once validated by Wednesday,"We are requesting the creation of a new forecasting tab titled ""Flex Annualized Commit"" in Clari. We would need the update the formula to be available in the Clari - Sandbox by Monday so that we can validate and ensure everything is working properly before moving to production by Wednesday19th. Please note I am reaching out to you directly since this is a critical deliverable so we need your help to expedite it.

Below are the technical details required for the development:

This forecasting tab is currently in Sandbox, update the formula here
Confirmed Requirements:
Clari Formula:

Use the same NACV formula but apply a filter for Buying Mechanism where the value is either Flex 1.0 or Flex 2.0, if the value is any different value it should not be included.
Aggregation Field:

Use Split New ACV (opportunitysplit.split_new_acv__c) as the aggregation field.
Filters: The following conditions should be applied:

'Forecast Category' in [""Closed"", ""Closed Won""]
'Split Scope' = ","if we update the quota, it will reflect in all the tabs where its been used",Low,Lizzie Rupp,Lizzie Rupp,"3/14/2025, 4:00 PM",14,Configuration,Forecast - Update,321,145.9880556
,216844,Synopsys Inc.,Synopsys GTM Clari - production org 2622 - Forecast Configuration changes - file attached - create 2 new tabs and add columns,"Hello Clari support,

Attached is a new forecast configuration file that we need to implement in GTM Clari production instance (org ID 2622).   File attached is clari_forecasting_config_production_S_A_tab_03142025.xlsx. 
We made this same change in GTM Clari Sandbox, if needed, please reference ticket 00211801.

Forecast Module
•	We want to create two new forecast tabs (as highlighted in yellow) and have the following forecastId assigned to them respectively (see attached excel file for details):

1.	forecastId=forecast_sa		(tab title:  S&A)
2.	forecastId=forecast_sa_rev  	(tab title: <please leave blank intentionally>)

•	We want to make a few text changes (bolded in red and highlighted in grey) and add columns (highlighted in yellow) to existing forecast tabs with following forecastId  (see attached excel file for details):

1.	forecastId=summary
2.	forecastId=summary_rev

Forecast Configuration
•	In addition, we also want to change the Component Field Aggregation, for forecastId=sum",Mar 17 : Requested changes implemented,P3,Marina Addonizio,Carol Cabezas,"3/15/2025, 9:35 PM",3,Configuration,Forecast - Update,57,20.40527778
,216850,Access UK Ltd.,Two new forecast tabs,"Hi team, please can you create two new forecast tabs for access as per the attached spreadsheet. Please don't opt anyone into them. The two new tabs are identical to the monthly forecast and quarterly forecast Just rolling up on a different amount field.","Root Cause:
The customer needed separate forecast tabs for different data roll-up criteria, similar to the existing forecast structures.

Resolution:
Two new forecast tabs were created in Access, identical to the monthly and quarterly forecast tabs bu",Low,Toni Pang,Toni Pang,"3/16/2025, 1:59 PM",11,Configuration,Forecast - Update,256,131.8002778
,216876,Calabrio,Please Add Filters,"Hi there, can you please add the following filter to the forecast module? 

Deal Type equals New Business, New Business Unit, Cross Sell, Add On, Cloud Conversion.","Resolution:
Update the filter as opportunity.deal_type__c=New Business, New Business Unit, Cross Sell, Add On, Cloud Conversion.",Low,Nico Alvarez,Corin Single,"3/17/2025, 6:13 AM",3,Configuration,Field Config - Update,88,59.76694444
,216869,Corelight,Add Coverage calculation referencing Year Quota,"Hi, 

I'd like to add in a coverage calculation for year pipeline compared to year quota.  Please review the attached screenshot:
1. Go to Forecast
2. Go to Scorecard tab
3. In the FY26: S04+ Pipeline and the FY26: S02+ Pipeline, I'd like to include a coverage calculation.  I'd like the coverage calculation to reference the year Gap to Go.  This is the first three tabs, in my screenshot the first line for Kevin Williams should use the following calculations:
- FY26: S04+ Pipeline = 1.6x (S04+ Pipeline: $60,958,254 / Year Gap to Go: $37,830,838)
- FY26: S02+ Pipeline = 4.7x (S02+ Pipeline: $176,222,754 / Year Gap to Go: $37,830,838)","Root Cause: Clari does not support creating calculation columns with a year duration, and the ""Gap to Go"" is based on a yearly quota, making it incompatible for the calculation formula.",Low,Christopher Williams,Jonathan Aragon,"3/17/2025, 5:20 AM",17,Configuration,Forecast - Update,407,207.3925
,216874,"Blackline Systems, Inc.",Create Custom Filter for No Date Assigned,"Impersonation user: Erik.Pfeifle@blackline.com

Can you please configure a custom filter for no date assigned

In Inspect > opportunities, when filtering by ""Date Time Opportunity Threshold"" we want to be able to exclude those where the date time opp threshold is null. 

Ca we add a custom filter for no date assigned please?","Resolution:
Add ""Value Not Assigned"" to the ""opportunity.date_time_opportunity_threshold__c"" field filter value.",Low,Caitlin Stone,Caitlin Stone,"3/17/2025, 6:08 AM",2,Configuration,Field Config - Update,54,37.93861111
,216941,Elastic,Forecast config - Aggregation field not available in Sandbox,"Hi Team,
We are adding new tab in our forecast view (MY : Multi Year) in Sandbox. We need to aggregate the vales in this tab based on the field (Opportunity_MY__c) which is available on opportunity splits.
Can you guide us on how to get the field added as aggregation field under forecast configuration.

Screenshot of forecast config and the opportunity splits vie are attached FYR. 

Let us know if we can connect over a call to get this setup and working in Sandbox please",Mar 20 : Support case raised 00217441,P3,Lizzie Rupp,Rajesh Narayanaswamy,"3/17/2025, 10:21 AM",18,Configuration,Field Config - Update,427,219.1333333
,216966,Assent Compliance,Please addd this new validation rule,"Please addd this new validation rule

Validation Rule Details:

VR Name: Require_Influenced_by_6Sense
Error Message: The field 'Influenced by 6Sense' is required. Please select a value before saving.
Related Field: Influenced by 6Sense (Object: Opportunity)
             API name: Influenced_by_6Sense__c",-,Low,Tyler Jass,Hamza Abu-Alhawa,"3/17/2025, 11:47 AM",1,Configuration,Validation Rules - Update,35,22.21
,216963,"HashiCorp, Inc.",Request for Updates to the CLOUD NEW ACV Tab,"HelloClari Team,

We would like to request the following changes to the CLOUD NEW ACV tab:

1. Rename the tab: Please update the current ""Cloud New ACV"" tab to ""Cloud Entitlement NACV.""
2. Relocate the tab: Move the ""Cloud Entitlement NACV"" tab to the right side of the NACV tab.
3. Remove specific columns and calculations: Kindly hide or remove the Call, Low, and High columns, along with all associated calculations. For instance, the ""Call to Go"" column should be removed as well. Screenshots have been attached to highlight the relevant areas, with markings in green and red X’s for the once we want to delete/remove.

We would appreciate it if you could prioritize these updates and implement them at your earliest convenience.

Thank you for your assistance!

Regards,
Marianela Araya",we have made the updates as mentioned in the request,Low,Lizzie Rupp,Marianela Araya,"3/17/2025, 11:23 AM",7,Configuration,Forecast - Update,157,70.6075
,216981,"Claroty, Inc.",Churn Forecast column rollup issue & remove a column from Churn forecast tab,"Hey Clari Support Team,

I have two things I need your help with. 

First, I attempted to update the Churn Forecast column of the Churn tab in the Forecast section to include the below detail so I can summate the open forecast with the closed won churn opps, but I'm getting $0 showing up.  Is there something I did wrong in the Query?  Can you help me fix this?
A) Any open renewals
B) Any won Adjustment/Churn opps

Second, can you remove the ""Plan"" column from the Churn forecast tab?  I didn't see an option for me to do it myself and we don't break down our churn target by region/rep.","Root Cause: Customer was unable to sum the open renewals with the closed won churn opportunities due to a query issue. Additionally, they requested the removal of the ""Plan"" column, which was not available for self-editing.
Resolution: Adjusted the Churn",Low,Christopher Williams,Lance Werling,"3/17/2025, 12:49 PM",8,Configuration,Forecast - Update,191,95.36
,217000,"Cyera US, Inc",Add validation rule,"Hello, please add a validation rule for the following criteria: Stage = ""9 - Lost"" AND (Lost Reason = blank OR Lost Reason <> ""Duplicate"") AND (Winning Competitor = blank OR Winning Competitor Estimated End Date = blank OR Lost Reason Detail = blank)

The error message should say: Please make sure that all the details in the ""Closed Lost Information"" section are filled out before moving to ""9 - Lost"". Ie. Lost Reason, Lost Details, Winning Competitor, and Winning Competitor Estimated End Date.

The pop-up window should show the following fields: Lost Reason, Lost Reason Detail, Winning Competitor, and Winning Competitor Estimated End Date",NA,Low,Jason Parawan,Nathaniel Sintros,"3/17/2025, 2:31 PM",8,Configuration,Validation Rules - Update,179,83.4675
,217001,"Cyera US, Inc",Update validation rule,"Hello, I believe we have a validation rule for advancing opportunities to Stage 0b - Meeting Held or later. Could you please update the validation rule's error message to say: ""Before advancing to the ""0b - Meeting Held"" stage or later, you must fill in the ""Contributing Motion"" and ""Discovery Call Date"" fields.""",NA,Low,Jason Parawan,Nathaniel Sintros,"3/17/2025, 2:34 PM",8,Configuration,Validation Rules - Update,179,83.43305556
,217003,"Cyera US, Inc",Another update for validation rule,"Hello, I believe we have a validation rule for when opportunities move to stage 1 or later, can you please update the error message to say: ""Line of Business, New Business Meeting (NBM) Date, and NBM Attendee must be filled in in order to move to stage ""1 - Discover / Qualify"".""

Can you also update the criteria to be: Stage = ""1 - Discover / Qualify"" AND (Line of Business = blank OR New Business Meeting Date = blank OR NBM Attendee = blank)

Can you also update the pop-up window to show only the following fields: Line of Business, New Business Meeting Date, and NBM Attendee

If a validation rule for stage 1 does not exist in Clari yet, please create one with all the above details

Thank you!",NA,Low,Jason Parawan,Nathaniel Sintros,"3/17/2025, 2:37 PM",15,Configuration,Validation Rules - Update,351,167.4425
,217030,"Aptean, Inc.",Exploring whether possible to build this Scorecard in Clari Forecasting,"We are trying to create a new recurring scorecard to present to our board that is an extension of our current RAD Software forecast mode (copy as many filters as necessary). For buildout let's only share with TVN Reddy, Bob Kocis, Sean Nappo and John Schweizer

Entire mode focused on Order Type = New Logo

Columns
- Won = Closed Won for [Period]
- % YoY = % change compared to Close Won for [STLY]
- Win Rate = [Closed Won $] / [Closed Won $ + Closed Lost $]
- Sales Cycle = Average [Age] for Closed Won deals
- # New Logos = Count of deals in Closed Won for [period]
- $ Quota (not pictured, but a required input)
- $ Pipeline (mirror the Pipeline in 'RAD Software' mode)
- Pipeline Coverage (mirror 'RAD Software' mode)
-$ Forecast (will require manual submission)
- % to Quota
- % to Quota (compared to where we were with the forecast STLY if possible, at worst %YoY compared to final SLTY total result)",Mar 26 : Requested tab created,Low,Nico Alvarez,Collin Rhea,"3/17/2025, 6:45 PM",11,Configuration,Other,251,131.4991667
,217037,SafetyCulture,Final changes to Renewals WIP Re 00214929,"Hello, we have some additional changes needed to the Renewals Tab WIP for Safety Culture after meeting with the account.

For the closed field of C&C Allowance can we please get rid of the % so the bottom of the Actual ARR Renewed (the closed column of C&C Allowance) where it says 438% for John Blake the COO?

We want to keep the $21M number but not the percentage as that's wrong.

Instead we would add an additional calculation column next to the closed field called ""Percentage of ARR Renewed""

Calculation
Actual ARR Renewed / Target Up for Renewal = Percentage of ARR Renewed

So for Phil Goldie it should be $5.8M / 7.2M for about 80%


Lastly for the text description in the calculation field for the Forecasted Renewal Rate column, please add a hover description with the following formula: = (Target ARR Up for Renewal - Churn Forecast) / Target ARR Up for Renewal","Root Cause: The percentage in the closed field of C&C Allowance quota column cannot be removed due to system limitations and it is by default in Clari.
Resolution: Created a new calculation column for ""Percentage of ARR Renewed"" and updated the hover des",Low,Matthew Mcginley,Matthew Mcginley,"3/17/2025, 10:59 PM",8,Configuration,Forecast - Update,172,81.07083333
,217050,Elastic,filtering in the forecasting template (forecast config) by opportunitysplit.opportunity.ownerid,"Hi Team,
This is in reference to the ticket 00216398. I am currently testing a new tab in our sandbox environment which would include opportunities related to trainings. Currently we identify the public training orders based on the opportunity owner which is ""PUBLIC TRAINING USER""

When I create a new query which references to ""opportunitysplit.opportunity.ownerid"" we do not see any numbers/opporutnties reflecting in Clari. Understand from Clari support team that currently Clari do not support filtering in the forecasting template (forecast config) by opportunitysplit.opportunity.ownerid and would need enhancement request. Could you please help on this on priority please. This is critical to our forecasting view next year and would need this for testing ASAP","This case you created is a configuration request and we do not work on the enhancements. As Joel mentioned, can you please navigate to the top right of the page to the question mark and click on 'Raise a Request'",P3,Lizzie Rupp,Rajesh Narayanaswamy,"3/18/2025, 2:46 AM",1,Configuration,Forecast - Update,44,31.22444444
,217101,Synopsys Inc.,replace existing Geo and Region fields in forecast,"Hi,

I am working on cleaning up and replacing someof our old fields with new ones. I have updated all the saved views and dashboards but need assistence with getting everything in forecasting. Would it be possible to replace the below fields anywhere you can see them in forecasting with the provided fields? I thought i got them all but whenever i try to delete the fields i get an error.

Geo = Remove = opportunity.geo__c and replace with opportunity.territory_geo__c
Region = Remove = opportunity.opportunity_region__c and replace with opportunity.territory_region__c

thank you!
COurtney","Root Cause:
The old fields (opportunity.geo__c and opportunity.opportunity_region__c) were still being used in the forecasting setup, causing errors when attempts were made to delete them.

Resolution:
The outdated fields were replaced with the new on",Low,Marina Addonizio,Courtney Holmberg,"3/18/2025, 8:46 AM",1,Configuration,Forecast - Update,37,25.21694444
,217184,"NetDocuments Software, Inc.",Enable AI deal insights,"Please enable the AI Deal Insights enhancement that appears on the right panel in the ""Inspect"" module.",we have enabled the AI Deal Insights,Low,Jason Parawan,Jason Parawan,"3/18/2025, 5:07 PM",1,Configuration,Profile - Update,8,0.880555556
,217301,The Atlantic,Adding a new Annual Attainment forecast tab,"In order to get started on the Yearly Column in Forecast, it was suggested that we create a Build / Change ticket in the portal for help in getting started on this. We would also like the new tab to be labeled WIP and only opt myself and user Katie Evatt in to viewing this new tab until it's working properly.

From our discussion with our CS rep: ""Yearly Quota in Pulse - this one we would need to make a new tab in your forecast tab for Annual Attainment. The reason why it's not pulling now in Pulse is that the progress to goal tab has more than 1 quota. For Clari to work in Pulse, it just needs to have one quota per tab (the same how quarterly forecast is).""","Root Cause: The system could not identify the correct Katie Evatt profile for viewing access.

Resolution: Awaiting customer confirmation on which Katie Evatt profile needs to be opted for access based on the provided screenshot.",Low,Pooled CSM,Molly Cox,"3/19/2025, 10:26 AM",26,Configuration,Forecast - Update,635,295.5636111
,217327,Informatica,Requesting Forecast Module for Clari Sandbox Environment,We would like to explore few features on the Clari Forecasting Module in Clari Sandbox and would like to request you to please replicate the forecasting module similar to Production Instance in the Sandbox.,Mar 20 : Support case raised 00217487,Low,Whitney Drazovich,Uday Gangula,"3/19/2025, 12:06 PM",5,Configuration,Sandbox - Update,117,45.33
,217324,Alight Solutions,Update new Overlay tab and quota,"I just added a new ""DRAFT Overlay"" Forecast tab and associated quota. Can you please update the following? I don't seem to have the ability to make these changes.

1) Quota Management: Change Quota Name from ""quarterly_quota1_qc"" to ""quarterly_overlay"". Change Display Name from ""Quota 1"" to ""Overlay Target"". It's fine if these changes clear out the quota values I loaded.

2) Forecast Management: On the new ""DRAFT Overlay"" tab, please change the Mode of all columns from Opportunity to Overlay mode. We want to be able to change the Aggregation Field and Sort Field to opportunitysplit.splitamount.","Root Cause:
The customer needed updates to the quota name and display name, as well as changes to the mode and fields in the new ""DRAFT Overlay"" Forecast tab.

Resolution:
Made the necessary changes to the quota and forecast tab as requested. Adjusted",P3,Liz LeDoux Tajonar,Peggy Sue Marlin,"3/19/2025, 11:46 AM",6,Configuration,Forecast - Update,144,64.39055556
,217359,Nozomi Networks,adjust isr forecast tab pledge and quota coverage calcs,Hi team -- just added a new forecast tab called ISR Forecast -- wanted to ask if you can help reconfigure the pledge and quota coverage calcs so they key off the reference columns (right now they're keying off the standard fields which won't be used for this tab). Also is there a way to hide the standard fields that won't be used? Thanks!,"I made the requested changes, updated the Pledge and Quota coverage columns to use the referenced columns instead of the standard columns. Also I hid the standard Quota, ACV Pledge and ACV High Pledge columns.",Low,Sarah Fagan,Balrit Singh,"3/19/2025, 3:21 PM",14,Configuration,Forecast - Update,323,146.65
,217369,"GumGum, Inc.",Product Splits mode does not show any records,Vaibhav - can we connect tonight to take a look at the mode? I need your guidance on setting the correct mode in their instance.,n/a,Low,Jason Parawan,Janhavi Wagle,"3/19/2025, 5:37 PM",1,Configuration,Field Config - Update,14,5.702777778
,217401,Checkmarx,Overall Closed in Summary Tab,"Hi,
Can ""Overall Closed"" be a calculation of Closed in New Business tab + Closed in Expansion tab + Closed in Renewal tab ? 
thanks",--,Low,Toni Pang,Lala Djafarov,"3/20/2025, 4:50 AM",4,Configuration,Forecast - Update,95,30.61527778
,217392,Cloudera,Recommendation to allow inclusion of more than 1 screenshot in support portal,"Hi Team, 

Just wanted to check if it's in your roadmap to allow multiple files attached when opening a Clari case through the support portal. 
It can be quite frustrating when creating a case that requires detailed explanation and having to follow up via email with the second/third screenshots.

If this is not on the roadmap, I would just like to raise this as a recommendation to improve your product further.

Thanks,
Sean.",-,P3,Cortney Fickey,Sean Murphy Phelan,"3/20/2025, 2:51 AM",4,Configuration,Other,94,31.13861111
,217399,Checkmarx,"Update ""Actual ORR"" formula","Hi,
Please update Actual Orr on Renewal tab = All Won / Expected Renewal Total","Root Cause: The original formula for ""Actual Orr"" was incorrect or missing, leading to discrepancies in the Renewal tab data.

Resolution: The formula has been corrected and updated as per the requirement. The revised formula should now provide the corr",Low,Toni Pang,Lala Djafarov,"3/20/2025, 4:27 AM",4,Configuration,Forecast - Update,93,29.53638889
,217416,Ping Identity,Disable Capture,"Hi team,

The customer didn't renew Capture in their last contract. Can we please fully disable it?
Thank you!",n/a,Low,Lyuda Rogers,Lyuda Rogers,"3/20/2025, 6:31 AM",0,,,4,3.933611111
,217473,Five9,Pulse,"Is it possible to use 4 quarters of historical data for the pulse projection? Customer has had lots of variability in performance over the past 4 quarters, and wants to know if we can include additional quarters to help stabilize the projection.","we cannot include additional quarters, it will show data based on past 4 quarters.",Low,Tyler Jass,Edward Fuerst,"3/20/2025, 10:03 AM",7,Configuration,Analytics - Update,162,73.86666667
,217498,"Cockroach Labs, Inc.",Closed Lost pulling through into dashboard,"The 2 Dev Sisters lost opps are increasing the tally of amount of addressable renewals- can you please have this removed from the system (do not include calculate close/lost), so we have a clean view? thanks!",In Progress,Low,Elizabeth Stoughton,Merel Nieuwenhuis,"3/20/2025, 11:52 AM",5,Configuration,Dashboard - Update,119,46.71305556
,217531,"Palo Alto Networks, Inc.",Create a new Clari Sandbox,"Create a new Clari Sandbox with the following configuration. The SFDC SIT Sandbox Org id 00D760000000Mk2EAE
Forecast - SFDC direct connection
Inspect - SFDC direct connection
Analyze - Rev DB",we have created the sandbox. customer to connect with the SFDC,Low,Dov Markowitz,Shubhra Gupta,"3/20/2025, 4:53 PM",8,Configuration,Sandbox - Update,176,81.10888889
,217563,SelectScience Ltd,Can we please add to the 'biopharma',Continuation of case 00215455,Closing since this is already handled,Low,Pooled CSM,Anil Pavuluri,"3/21/2025, 5:19 AM",0,Revenue Intelligence,Activity Logging,0,0.093611111
,217576,"Blackline Systems, Inc.",I2C Forecast Tab Updates,"1. In the 12C forecast tab the team would like to add two call columns titled ""Commit"" and ""Best Case""
- They can be the same formatting as the standard forecast tab

2. Please remove the I2C reference column from the I2C forecast tab 

Please include the customer on your response for questions! 

Erik Pfeifle: Erik.Pfeifle@blackline.com
David Brown: david.brown@blackline.com","Resolution:

Add ""Commit"" and ""Best Case"" columns in the ""12c Forecast"" tab, similar to the ""Forecast"" tab.
Remove the ""12c Reference"" column from the ""12c Forecast"" tab.",Low,Caitlin Stone,Caitlin Stone,"3/21/2025, 7:29 AM",5,Configuration,Forecast - Update,135,58.51472222
,217603,Informatica,Validate UAT Renewals Configuration,"INFA is trying to build a Renewals Forecast tab in their UAT environment, but UAT the columns for ""Renewals Target"" and ""Renewals"" closed are not populating.","I have fixed this, there was an additional space in the scope filter.",Low,Whitney Drazovich,Whitney Drazovich,"3/21/2025, 9:36 AM",4,Configuration,Forecast - Update,89,24.51777778
,217615,Barracuda,Barracuda | MSP Billing Tab Specifications,"Overview
This tab will replace the current ""MSP Total"" tab and will specifically focus on tracking and forecasting MSP partner billings.

Column Structure

User/Rep - The sales rep who owns the relationship
Last Month Bill - Sum of all bills from partners owned by this user/rep
Committed Portion - Portion of last month's billing that was committed (e.g., $280K of $300K total)
Overage - Calculated as (Last Month Bill - Committed Portion)
Current Month Already Billed - Sum of all bills already issued this month (e.g., $150K)
Portion of Committed Not Yet Billed - Remaining committed amount to be billed
Last Month Overage for Not Yet Billed - Overage charges from previous month
Open Opportunities for Not Yet Billed Partners - ACV divided by 12
Downgrades and Cancellations - Negative value of ACV divided by 12 for partners not yet billed
Sum - Formula calculation: (Current Month Already Billed + Portion of Committed Not Yet Billed + Last Month Overage for Not Yet Billed + Open",n/a,Low,Chris Hughes,Chris Hughes,"3/21/2025, 10:19 AM",10,Configuration,Forecast - Update,249,103.6680556
,217614,Barracuda,Barracuda | Forecasting Changes (MSP),"# Forecasting Tabs - Detailed Changes Required

## 1. Summary Tab
- **Action**: For every column in the Summary tab, add an exclusion filter for ""MSP Growth""
- **Current Status**: MSP Growth data is being included in calculations
- **Technical Details**: The filter criteria should include ""deal status is close won"" and ""not opportunity record type renewal"" and ""not business group MSP Growth""
- **Rationale**: Marco indicated this filter is currently missing for all metrics on this tab

## 2. Year to Date Tab
- **Action**: Similar to Summary tab, exclude MSP Growth from all columns
- **Current Status**: MSP Growth is currently included in calculations
- **Technical Implementation**: Modify all column filters to exclude business group = ""MSP Growth"" 

## 3. Pipe Creation Tab
- **Action**: Remove the MSP Total column completely
- **Current Status**: Currently showing MSP Total which should not be visible
- **Note**: Keep MSP New column intact - this should remain visible

",n/a,Low,Chris Hughes,Chris Hughes,"3/21/2025, 10:17 AM",11,Configuration,Forecast - Update,274,119.7069444
,217678,Flexera,Forecast Config,"Hi Team, can we update the ""Marketing Benchmark"" column query in the ""Flexera Pipeline Gen"" tab and add this filter logic before the OR statement 

Filter:
""'Campaign Name' not in [""Value Not Assigned"", ""CSM-Leads-2019"", ""CSM-Leads-2020"", ""CSM-Leads-2021"", ""CSM-Leads-2022"", ""CSM-Leads-2023"", ""CSM-Leads-2024"" ,
""CSM-Leads-2025""]""",This is completed,Low,Nico Alvarez,Nico Alvarez,"3/23/2025, 9:30 PM",1,Configuration,Forecast - Update,25,16
,217691,MHR,Change Account Name Field,"Hi team
I am hoping to change the field that the account name pulls from Salesforce in ALL views in Clari.  This would not just be on the views that we have control over in Field Config and would need to be on the forecast views and other places too.
Please can you support on this?
KR
Alex",--,Low,Said Mussa,Alex Butler,"3/24/2025, 2:49 AM",8,Configuration,Field Config - Update,209,111.1711111
,217733,Cisco Security & Collaboration (S&C),Changes to contact center forecast tab,"Please update calculation for both cloud contact center calculation and On-Prem contact center Pipeline coverage.

Please change the denominator to Forecast - bookings for both metrics.
Any questions, let me know","Root Cause:
The customer requested a change in the calculation methodology to ensure that the denominator for both metrics reflects ""Forecast - bookings"" rather than the previous calculation method.

Resolution:
The necessary changes have been impleme",Low,Matthew Colangelo,Bryce Keller,"3/24/2025, 8:47 AM",6,Configuration,Forecast - Update,155,73.20166667
,217781,Atlassian Pty Ltd,Update Component Field Aggregation on New Outlook and Exp/Upgrade Outlook on the Total SSE tab,"Hello, we need to make updates to the Component Field Aggregation on New Outlook and Exp/Upgrade Outlook columns on the Total SSE tab. The Total Outlook column is correct with the following aggregation logic:

Component Field Aggregation
JSM Cloud - SSE Total Outlook (QUARTER), JSM DC - SSE Total Outlook (QUARTER), OpsGenie - SSE Total Outlook (QUARTER), Advisory Services - SSE Total Outlook (QUARTER), Jira Align - SSE Total Outlook (QUARTER), Jira Cloud - SSE Total Outlook (QUARTER), JPD/Compass - SSE Total Outlook (QUARTER), Confluence Cloud - SSE Total Outlook (QUARTER), Guard - SSE Total Outlook (QUARTER), Trello - SSE Total Outlook (QUARTER), Loom - SSE Total Outlook (QUARTER)

Please use the same logic for the relative outlook columns for New Outlook and Exp/Upgrade Outlook columns.

Let me know if you have any questions.

Thanks,
Andy","Root Cause:
The aggregation logic for the New Outlook and Exp/Upgrade Outlook columns was missing or incorrect, causing inconsistencies in the data displayed on the Total SSE tab.

Resolution:
The aggregation logic for JSM Cloud - SSE Total Outlook (Q",Low,Chris Hughes,Andy Coffman,"3/24/2025, 12:13 PM",7,Configuration,Forecast - Update,175,85.77027778
,217813,Okta,Need Test Tabs Moved to Production,"Please move the following tabs configurations to production (DO NOT ASSIGN TO ANY USERS)
- PS Global Services Forecast
- EDU Global Services Forecast

Please move the following Opp View and Mode from sandbox to production:
- Opp View: Global Services Sales
- Mode: Global Services Sales Mode",Mar 25 : Requested changes implemented,Low,Matthew Colangelo,Leah Marcus,"3/24/2025, 3:05 PM",4,Configuration,Forecast - Update,91,58.51027778
,217819,Epicor Software,Looking to Get Azure Connected to Clari,"Epicor wants to get Azure connected to Clari. They want Nic Feddern to lead this and they want Tomas Kral, Erin Gannon, Traci Rauch and Adam Samuels to be involved.",n/a,Low,Sarah Fagan,Tyler Jass,"3/24/2025, 3:51 PM",3,Integrations (Clari),API,77,50.13638889
,217828,"Cribl, Inc.",New Forecasting Tab for Product View,"Hi Clari Team,

We want to create a new tab in the Forecast module for our ""Storage & Analysis"" product view. Below are the requirements. When pushing this into production, can we only allow my Sales Ops profile type to access the new view so we can review and test it?

Requirements:
- Duplicate the ""New ARR"" Forecast tab
- Rename the new tab ""(WIP) S&A New ARR"" >> After we've had a chance to review, we'll remove the ""(WIP)""
- IMPORTANT: Filter all of the columns only to include amounts where the ""Product Name"" is equal to one of the following 4 products: Cribl Suite Cloud Lake, Cribl Suite Cloud Lakehouse, Cribl Suite Cloud Search, Cribl Suite Cloud Search - Search Subscription
- As a check, for the Current Quarter, the total closed should be $241K, and the open pipeline should be $849K

Placement of the new ""(WIP) S&A New ARR"" should be in between Services and Pipe by Qtr

Let me know if you have any questions or need additional clarification.

Thanks,
Matt",Created the new tab '(WIP) S&A New ARR' by duplicating 'New ARR' tab and by adding a new filter of 'Product Name' as requested. Also provided access to only the Sales Ops users and placed this new tab between 'Services' and 'Pipe by Qtr' tabs. The Closed ,Low,Jason Parawan,Matt Ashburn,"3/24/2025, 5:41 PM",0,Configuration,Forecast - Update,6,0.310555556
,217863,CCH Incorporated,Whitelist & Create First User - CCH Incorporated,"This new logo account has just signed. Please check Subscription Start Date ""March 24, 2025"" and if within 2 weeks of todays date, proceed with whitelisting the account domain, update Clari org ID field under Clari Adoption snapshot in SFDC, and confirm whether they have already been added based on POC. If Subscription Start Date is greater than 2 weeks, then update the Requested Completion date to 2 weeks prior to Subscription Start Date. New logo account website for domain is ""suretax.com""",created the org,Low, ,Kamil Mojzesz,"3/25/2025, 7:23 AM",1,Access & Security,Whitelist,21,12.75805556
,217904,Affinity co.,Request to add opp grid column,"Affinity Co is asking that we please add - FIRST QUALIFIED DATE to see for how many days an opp has been open as a column in Clari opp grid.

Is this possible? 

Thank you,","Root Cause/Resolution: Upon investigation, it was found that the ""FIRST QUALIFIED DATE"" column is already present and visible in the opp grid. No further action is needed, and the request was addressed by confirming this to the customer.",Low,Christopher Williams,Christopher Williams,"3/25/2025, 10:38 AM",6,Configuration,Field Config - Update,153,71.35694444
,217955,"Figma, Inc.",Field Deletion Needed,I have attached a list of three fields for deletion and the associated reports that use those fields. Please delete these three fields.,Apr 10 : Requested fields deleted,Low,Tyler Jass,Tyler Jass,"3/25/2025, 2:32 PM",17,Configuration,Field Config - Update,396,195.5155556
,217962,Barracuda,Barracuda | Summary Tab Filters,"Please schedule a call with Marco Mastrapasqua (mmastrapasqua@barracuda.com) to confirm these changes to the Summary tab. 

Each of the monthly portions of the tabs need to sum up to the quarter

The summary page is the sum of the numbers in the Tot ST and MSP New tabs

Tot ST is the sum of Renewals and Tot ST New

And lastly Tot ST New is the sum of NNL and New Existing",n/a,Low,Chris Hughes,Chris Hughes,"3/25/2025, 3:08 PM",7,Configuration,Forecast - Update,173,82.85527778
,217979,"Intercom, Inc.",Validation Rule Update,"Hi Team,

I've noticed that when reps update the Opportunity Stages and Renewal Risks via Clari, it's not giving them the correct validation rule instead it's showing up all the fields under opportunity object. Can you please update the validation rules as per the attached file?",we have added the Validation rules,Low,Tyler Jass,Leo Zhang,"3/25/2025, 9:00 PM",11,Configuration,Validation Rules - Update,251,128
,217999,Informatica,"Complete INFA Forecast Changes now that ""Non-Cloud NNB"" field is available",Complete work from case 00211074 - Noell has been working with INFA on this case,we have updated the tabs,Low,Whitney Drazovich,Whitney Drazovich,"3/26/2025, 5:23 AM",2,Configuration,Forecast - Update,49,32.56416667
,218011,Recorded Future,Please adjust amount roll-ups on Renewals Forecast tab to Renewal ARR,"Hello,

Currently we have our Renewals Forecast tab rolling up all amounts on Original ARR. Can we switch out that for Renewal ARR field please? and add that field to view where it isn't currently?

We require this for end of quarter reporting and will need this done by EOD today.

 Thank you!

 Brian",Adjusted amount roll-ups on Renewals Forecast tab to Renewal ARR,Low,Andrew Seymour,Brian Maher,"3/26/2025, 6:50 AM",9,Configuration,Forecast - Update,221,116.9458333
,218041,Barracuda,Barracuda | Forecasting Changes,"Final Implementation Plan
1. Summary Tab

Add exclusion filter for ""MSP Growth"" to all columns (including Closed Won calculations)
Filter criteria: ""deal status is close won"" AND ""not opportunity record type renewal"" AND ""not business group MSP Growth""
Make the entire Summary tab non-editable/protected

2. Year to Date Tab

Exclude ""MSP Growth"" from all columns (not just totals)
Ensure all calculations exclude MSP Growth data

3. Pipe Creation Tab

Remove both ""MSP Total"" column AND ""MSP Growth"" data
Keep ""MSP New"" column intact

4. Board Tab

Remove ""MSP Total"" column AND ensure ""MSP Growth"" data is excluded
Keep ""MSP New"" intact


Validation Points
After implementing these changes, verify:

No MSP Growth data appears in any tabs or calculations
All formula relationships are working:

Summary tab = Tot ST + MSP New
Tot ST = Renewals + Tot ST New
Tot ST New = NNL + New Existing


Monthly values sum correctly to quarterly figures
Updates in individual ",MAR 27 : Requested change implemented,Low,Chris Hughes,Chris Hughes,"3/26/2025, 9:09 AM",0,Configuration,Forecast - Update,5,4.891388889
,218128,Instabug,Fiscal Periods are not aligned to calendar,"Hi there,

It seems like the dates for fiscal periods are off in the system. Need to make it the following:

Q1: 2/1 - 4/30
Q2: 5/1 - 7/31
Q3: 8/1 - 10/31
Q4: 11/1 - 1/31

Appreciate your help, thank you!",-,Low,Pooled CSM,Pranav Jha,"3/26/2025, 4:39 PM",12,Configuration,Other,275,115.305
,218125,"Sumo Logic, Inc.",New Forecast Columns,"Hi Clari Support,

Please help me add a new forecast column to the ""Renewals (CSM)"" and ""Renewals (Sales)"" forecast tabs. Please see details below. Thank you!

Field Name: Worst Case
Field Type: Calculation
Formula: Likely - Downside","Root Cause:
The ""Downside"" column was not available in the ""Renewals (Sales)"" tab.

Resolution:
Used ""Downgrade"" in place of ""Downside"" for the ""Worst Case"" calculation in the ""Renewals (Sales)"" tab. Awaiting confirmation from the customer to ensure t",Low,Andrew Seymour,Hieu Huynh,"3/26/2025, 4:25 PM",5,Configuration,Forecast - Update,122,49.56944444
,218136,Cisco Security & Collaboration (S&C),Build/Change for o1749 - Copy Sandbox o2814,"Hi team - This is a Build/Change request but would like to manage internally without client vis.

Please copy the following config from Sandbox o2814 into Production o1749:

- Create new mode ""Events"" in o1749 based on mode ""Events Test""/""eventstest"" in o2814.
- This is an X-Mode.

- Please configure field layouts based on how they appear in o2814 for this mode.

- Configure a new Forecasting Tab in o1749 based on fcw ""id"": ""new_eventstest_tab"" from o2814 (copy this config)

- Please LABEL this new tab in o1749 as ""Events TESTING DNU""

- Please opt in the role hierarchy reporting line for user:Mike Lucia to this new tab 

- Please ensure user:Colleen Blank has proxy visibility (read) to user:Mike Lucia 

I will be on PTO until 4/1.  Once completed, please alert o1749 CSM Matt Colangelo.  

If any actions of crawling/loading new Events data cause unintended RevDB stalls, please immediately notify o1749 CSM Matt Colangelo.

If there are any technical questions on the","Mar 27 : Support case raised 00218258

Apr 7 : Requested changes implemented

Apr 8 : Support case raised for events( deals) not showing up. Case 00219397",Low,Matthew Colangelo,Anthony Schroeck,"3/26/2025, 8:48 PM",15,Configuration,Other,345,163.5030556
,218188,Rapid7,Flip Mode of Renewal ARR Forecast,"Hi I made the Renewal ARR forecast under the Net New Mode, is it possible to flip the forecast to RAM mode?","Root Cause: Customer initially created the forecast under Net New Mode.
Resolution: Changed the forecast to RAM mode as per the request.",Low,Alison Quartironi,Connor Rosenstein,"3/27/2025, 7:12 AM",4,Configuration,Forecast - Update,108,42.79666667
,218221,"Imperva, Inc.","Cannot add new forecast column, getting error","Hi there, I'm attempting to add a new forecast column and I'm getting an error.  Can you please add for me within the Renewals forecast view.
Column type = Read-only
Column name = Backlog
Time period = Quarter","Root Cause: The ""Deal Owner"" field was not configured to be filterable and groupable in the layout, which led to the issue.

Resolution: The ""Deal Owner"" field has been adjusted to be filterable and groupable, allowing the new ""Backlog"" column to be add",Low,Lizzie Rupp,Brent Zakaryan,"3/27/2025, 9:13 AM",4,Configuration,Forecast - Update,106,40.76916667
,218256,UKG,Creation of Calculated Fields,"Hi Team,

Opening this ticket on behalf of my coworker, Maiya Vann (maiya.vann@ukg.com): I created a new tab in the Clari sandbox called ""Marketing Contribution"" that consists of new columns that will be built out in Clari production to indicate the Marketing Contribution from Sales.  I'm creating this ticket as a few of the columns require calculated fields and that feature is not available to Clari admins in sandbox or prod.  I also have a second request that I was told to share in this same ticket.  We would like to create 4 columns that will track data on a Rolling Quarter basis.  I already created the columns however we need to understand how to modify the query to indicate future 4 quarters.  Two of those rolling columns will calculate rolling columns.  Marina Addonizio (our Clari CSM) shared that the clari team could build out a ""relative data range"" for the rolling columns.

Do you mind reaching out to Marina to schedule a call to discuss the requirements with us, maybe on next",--,Low,Marina Addonizio,Megan O'Connor,"3/27/2025, 12:09 PM",22,Configuration,Forecast - Update,520,248.0088889
,218269,OPSWAT,Read-Only Role,Can you please create a read-only role in this customer's instance? they just purchased 10 read-only licenses that they would like to give to marketing,created the new User Role “Read-Only” with User Type “Sales Ops”,Low,Matthew Mcginley,Edward Fuerst,"3/27/2025, 12:59 PM",11,Admin,User Management - Issue,255,102.9855556
,218276,Aqueduct Technologies,Re Ticket 00215936,"Hi Support,


I need update columns for the Category tab under Forecast

1) Can you please change the Created Pipeline column to show Opportunities created in the quarter or week?
2) Remove Closed column
3) Create a new column as ‘Gap to Close’  - It will be the difference between Target Pipeline –  Created Pipeline column.

To summarize, there will be 3 columns in total for the Category tab

Target Pipeline
Created Pipeline
Gap to Go

Please let me know if you have any questions",Mar 29 : Requested changes implemented,Low,Pooled CSM,Ruby Paul,"3/27/2025, 1:55 PM",6,Configuration,Forecast - Update,136,56.0425
,218286,Instructure,Create new Tab,"Hi Team,

Please create new Recurring ACV tab and do not opt any users into it after completion. Here are the requirements - https://docs.google.com/spreadsheets/d/1bphs5Lk1JqyV-8aDlpL_g9yuvRoHySLESoB7OuIHxyM/edit?gid=0#gid=0

Thank you!",Could be achieved through Forecast Configuration in Clari Studio,Low,Nico Alvarez,Nico Alvarez,"3/27/2025, 2:49 PM",6,Configuration,Forecast - Update,135,55.14111111
,218381,"HashiCorp, Inc.",Request to Update Metrics for FLEX Annualized Commit,"Hi Clari Team,

We have identified an issue with the metrics related to the FLEX Annualized Commit in our Clari instance. The pipeline coverage is showing an unusually high value, and after reviewing the situation, we believe this may be due to the absence of the necessary filter: Buying Mechanism in the relevant columns/metrics.

Currently, the metrics are not reflecting the correct data for opportunities that have Buying Mechanism = FLEX 1.0, FLEX 2.0, or both, which is causing discrepancies in the numbers.

Could you please update the following metrics to include filters for Buying Mechanism = FLEX 1.0 or FLEX 2.0, or both, so that they only show opportunities with those values? The impacted metrics include:

-Funded

-In the Call AVP

-In the Call FLSM

-Open Commit

-Open Probable

-Open Best Case

-Deal Coverage

For example the field  In the Call - FLSM column for the Tab Flex Annualized Commit is reporting an unrealistic 9.53M, which seems to be incorrect. It would be great if ","Root Cause:
The FLEX Annualized Commit metrics were showing incorrect values due to missing ""Buying Mechanism"" filters for FLEX 1.0 and FLEX 2.0.

Resolution:
The ""Buying Mechanism"" filter was added to the impacted metrics (Funded, In the Call AVP, In",Low,Lizzie Rupp,Marianela Araya,"3/28/2025, 11:27 AM",9,Configuration,Forecast - Update,227,86.54833333
,218376,"Workday, Inc.",Upload Gong Trackers into Copilot,"Hi team,

Can you help me upload these Gong trackers into the Workday Copilot instance? 
https://docs.google.com/spreadsheets/d/1ZeQoy0tFAO7OT4UXWPwLjDMVPPd8tF3csyzpxgGEbsI/edit?usp=sharing

Note that there are keywords in different languages.

I also have a list of Smart Trackers to upload into Copilot -- can this be done as well:
https://docs.google.com/spreadsheets/d/1wuoK-xicYeShLVqB9WSVsLQsA_R6ejiSu5ZyYHMhoFE/edit?gid=1679666161#gid=1679666161",n/a,Low,Mike Riggs,Shorwei Gong,"3/28/2025, 11:15 AM",5,Configuration,Other,117,44.96194444
,218513,"Sprinklr, Inc.",Forecast Module & Provisioning,"Hi Support,

o: 3399 / u: 523486

The user above does not see forecasting in their sandbox instance because there are not any users provisioned to the tabs in forecasting. When I try to provision this user, I get an error when accessing forecasting. This admin wants the hierarchy mirrored between sandbox and production. How can we effectively opt in the the users so they have the same view as in production?

Thanks!",-,Low,Cortney Fickey,Ty Lapinski,"3/31/2025, 11:25 AM",13,Configuration,Forecast - Update,324,150.5788889
,218555,Informatica,INFA UAT Updates,"For Renewals Tab in UAT environment, can the hierarchy please be updated to show to Renewals WW VP and show all individuals underneath him?",n/a,Low,Whitney Drazovich,Whitney Drazovich,"3/31/2025, 3:31 PM",51,Configuration,Sandbox - Update,1230,594.4741667
,218571,"Tipalti, Inc.",Forecast Config,"Hi Team - I need some help building out this ""Big Deals"" tab as the customer has a deadline to get this tab up and running by end of this week and their Clari admin is new to Clari. Here are the requirements https://docs.google.com/spreadsheets/d/1EkcObqDJiKj1Sn5Ee53tq3ioWWhyLwSib1E24n9AFJA/edit?gid=315745641#gid=315745641

thank you!","Root Cause:
The ""Opportunity Count"" Number field has not completed its load process in Clari, causing a delay in data availability.

Resolution:
We have communicated to Nico that the field cannot be provided at this time due to the incomplete load. We",Low,Nico Alvarez,Nico Alvarez,"3/31/2025, 8:38 PM",8,Configuration,Forecast - Update,193,96
,218605,QlikTech Inc.,Services forecasting tab changes,"Please perform the following changes on the Services forecasting tab across all columns in this tab (monthly and quarterly):
Change the Aggregation Amount field to Services NetNew ACV (rather than Services ACV)
Change the Sort field to Services NetNew ACV (rather than Services ACV)
Remove filter: Opportunity Type is not Renewal
Remove filter: Services ACV > 0
Add filter: Services NetNew ACV is not 0
Add filter: Record Type Name is not Perpetual","Root Cause: The customer requested updates to align the forecasting data with Services NetNew ACV rather than Services ACV, along with the removal and addition of specific filters to refine the data.

Resolution:

Updated the Aggregation Amount and So",Low,Chris Hughes,Liat Erez,"4/1/2025, 6:14 AM",5,Configuration,Forecast - Update,136,59.75888889
,218620,Barracuda,Barracuda | Activity Ingestion,"Continuation of 00214962. We have a meeting on Wednesday, April 2nd at 8:30 AM PST that we would like a member of our build/change team to join.",n/a,Low,Chris Hughes,Chris Hughes,"4/1/2025, 8:06 AM",9,,,213,108.5780556
,218655,"Workday, Inc.",Push New Renewal Forecast Tab into Production,This case is related to Case #00212318 - we recently introduced a new renewals forecast tab into Clari UAT-AGAIN sandbox. We would now like to push that new forecast tab into production. thank you!,Apr 2: New tab pushed to production,Low,Mike Riggs,Christine Lau,"4/1/2025, 10:03 AM",2,Configuration,Forecast - Update,42,25.99361111
,218653,"Sumo Logic, Inc.",Forecast Column Question,"Hi Clari Support,

Is it possible to create a single forecast column that calculates a percentage based on an aggregation of record count that is pulled using query filter criteria? I'm looking to add a win rate % column that takes the record count of closed won opps divided by the record count of closed won + closed lost opps. I want to do this without adding multiple columns.",-,Low,Andrew Seymour,Hieu Huynh,"4/1/2025, 9:55 AM",7,Configuration,Forecast - Update,159,72.07666667
,218687,LiveView Technologies,LVT - API Token Problem,"Hey team - Jeromy from Liveview is working on connecting Clari to their Snowflake instance. They're stuck at getting the API token. 

He said they don't have the ability to generate API tokens and I saw that they'd have to reach out.

Can someone help with this or let me/customer know what is needed?",Can generate the API token from Studio and under the Settings,Low,Christopher Williams,Christopher Williams,"4/1/2025, 12:16 PM",6,Integrations (Clari),API,136,55.80194444
,218702,Meraki LLC,Forecast Configuration Question,"Hi team,
There is a specialist selling team in Meraki/Networking under the leader Stephen Lynch who want to roll up a forecast based on a new Amount and Owner field in Networking Salesforce. The amount field is called “IOT Amount” and the user lookup field is “Assigned IOT Rep Override”. They would like to have the existing Networking Forecast tab duplicated but with these two changes. Is this possible, and are there any issues with this that I should be aware of? I'm mainly concerned about being able to roll up a forecast according to a tagged field on opportunities rather than by owner.",The requested changes are completed.,Low,Matthew Colangelo,Maya Graue,"4/1/2025, 1:28 PM",13,Configuration,Forecast - Update,318,148.5225
,218722,"CrowdStrike, Inc.",Update Saved Views with new currency field | Requested in case 00218674,"replace all instances of ""opportunity.falcon_complete_clari_adjusted_new_platform_acv__c"" with ""opportunity.falcon_complete_new_platform_acv__c""","replaced all instances of ""opportunity.falcon_complete_clari_adjusted_new_platform_acv__c"" with ""opportunity.falcon_complete_new_platform_acv__c"" for Saved Views and Forecasting.",P3,Lyuda Rogers,Alexander Nguyen,"4/1/2025, 3:41 PM",0,Configuration,Saved View - Update,0,0.036666667
,218726,Sphera,Update to forecast formula,"At the CRO level only in forecasting,  in the Totals for 'Forecast', 'Likely' and 'Upside' column should only include opps with a 'Forecasting Team' Value of  ""Inside Sales, PS,PS - LCA,ORM,SCT,EHS&S"" - (this is a formula field) can you make that update for us on the Software Forecast by Q&M and the Services Forecast by Q&M Tabs?","Apr 2: Changes possible to be implemented through Forecast Configuration in Clari Studio

Apr 11: Requested change implemented for the Upside column in Software Forecast by Q&M tab.",Low,Alison Quartironi,Cody Babcock,"4/1/2025, 4:24 PM",13,Configuration,Forecast - Update,299,130.7877778
,218735,Brightly Software,Do we have the ability to change the default calculation of Commit Coverage?,"Hello!
Do we have the ability to change the default calculation of Commit Coverage in Clari? Please note, I will be OOO 4/2/2025 - 4/11/2025. Please expect a delayed response & please do not close this request until further confirmation on my end. Thanks!",The calculation fields cannot be editable by customers in self service in field config,Low,Said Mussa,Ashley Moralez,"4/1/2025, 6:38 PM",9,Configuration,Forecast - Update,202,98.68972222
,218804,Greenhouse Software,Add newly created User Roles to filters in Forecast,"Please add the below User Roles to all the filters for our Expansion, Contraction, Churn and DBNE tabs:

MID Renewals Manager Role - West 3
SMB Renewals Manager Role - West 3
GB Renewals Director Role - West 2
EMEA Sales Director Role",-,Low,Jason Parawan,Cody Babcock,"4/2/2025, 8:52 AM",11,Configuration,Forecast - Update,277,121.1172222
,218814,Pure Storage,Core Sales Forecast: Adv Stage Deals Column Configuration,"Within our Core Sales Forecast, there is a column titled ""Adv Stage Deals"" which needs to have the filters updated. The filters should be adjusted so that only deals with a Forecast Category of Commit, Upside, and Pipeline are included.","updated the ""Core Sales Forecast"" tab's ""Adv Stage Deals"" column's filter logic to only include Forecast Category of Commit, Upside, and Pipeline.",Low,Matthew Colangelo,David Ward,"4/2/2025, 9:37 AM",0,Configuration,Forecast - Update,4,4.4825
,218827,Barracuda,Barracuda | Closed Won Changes,"My request is that we schedule a call to ensure that these changes are being communicated and understood effectively.

A few things:

No matter what, the total Closed won and what is shown in the Forecast/Close after the month is over need to match.
The individual tabs do match, but the Summary tab does not
If I sum MSP Growth as well, number don’t match either, so I am not sure where the source of the issue is.
In the table below, I created a xls view of the single tabs and summed them and then compared with the total in the forecast /won column and they do not match:
 

There are also discrepancies between Clari and PowerBI which I will have to investigate and I am not sure where they come from – relatively small, but they add up to more than $200K and given our numbers this is kind of material.

On the 2 screenshots below, I am having a hard time reading the logic, but I am attaching again the file I used with your colleague when we spoke last week with the logic in a le",In Progress,Low,Chris Hughes,Chris Hughes,"4/2/2025, 10:21 AM",2,Configuration,Forecast - Update,49,33.33472222
,218809,Cority,Add new columns to Forecast Meeting Forecast tab,"HI there,
I need to add 2 new columns to the Forecast meeting tab.
1)  Quota Coverage %
This is simply a % that is the Call divided by the Quota as a %
2) Gap to Quota 
This is a simple quota - call number","03-04-2025
Root Cause:
The Forecast Meeting tab previously lacked key metrics needed for better visibility into quota attainment and gaps. This led to difficulties in assessing performance and making data-driven decisions.

Resolution:
To address thi",Low,Sarah Fagan,Cathleen Gracey,"4/2/2025, 9:20 AM",5,Configuration,Forecast - Update,131,56.66277778
,218821,"Vista Equity Partners Management, LLC",New Validations not loading corectly,"Hi,
We added a new field to our close out validations when we move a deal to closed Lost and now the helper window that pops up is not directing me to the fields I need to update and the help text has changed. How should I handle fixing this?",Added the Validation rule as per the details provided,Low,Pooled CSM,Savannah Deaver,"4/2/2025, 10:08 AM",11,Configuration,Validation Rules - Update,278,119.8597222
,218848,Instructure,Forecast Config,"Hi Team - looking to get help with creating a ""PipeGen"" forecast tab. Clari admin is not yet comfortable with creating tabs/columns in Clari yet. If we can get the config team's help on building this tab that would be much appreciated! - https://docs.google.com/spreadsheets/d/1Ww-s4JQNFut0o_ICFCHiX0sQqwa0ET7xT6vz9ccQNmE/edit?gid=1309507824#gid=1309507824","03-04-2025: The PipeGen tab creation was delayed as the opportunity.firstacv__c field was not yet loaded in Clari. After the required 24-hour processing time, the field became available, and the tab was created successfully.

09-04-2025: I’ve created th",Low,Nico Alvarez,Nico Alvarez,"4/2/2025, 12:02 PM",15,Configuration,Forecast - Update,369,181.9544444
,218863,"Juniper Networks, Inc.",Please configure activity filtering in opportunity grid for Juniper Org,"https://clarius.atlassian.net/wiki/spaces/PD/pages/3163325388/Activity+Filtering+in+Opportunities
2:20
enableActivityFiltersOnOpportunities",n/a,Low,Stephanie Ervin,Stephanie Ervin,"4/2/2025, 1:18 PM",7,Configuration,Field Config - Update,159,70.94444444
,218880,Twilio / Segment.io,Twilio | Update Clari Field in Product Forecast Mode,"We need to update the field used in Clari’s Product Forecast Mode. The current field, Forecasted_iACV__c, is being deprecated and should be removed from all views and backend logic. Please replace it with the new field Forecasted_iACV_new__c.

Requested Actions:

Remove all references to Forecasted_iACV__c from the backend and front-end views.

Replace with the new field Forecasted_iACV_new__c.

Additional Question:
Do any dashboard components also reference the deprecated field? If so, please confirm and advise on whether those need to be manually updated as well.

Let me know if any further details or access are needed.",Apr 4: Requested changes implemented. Raised a support case for the NOT LOADED fields 00219152,Low,Chris Hughes,Chris Hughes,"4/2/2025, 2:34 PM",6,Configuration,Other,137,57.39694444
,218907,Conga Corporation,Need help with advance filters in Clari,"Need help with advanced filters in Clari for this view - https://app.clari.com/opportunities/67db1ecc0db5d9170656c82a
We have advanced filters already setup for this view but need help in modifying this filter. All the logic inside the advanced filters for this view remains same except remove the age in the filter (age > 180), instead include Stage Duration > 90 or Push Count > 3",we have updated the saved view,Low,Ari Henck,Harika Sreedhar,"4/2/2025, 7:35 PM",9,Configuration,Saved View - Update,200,97.27
,218921,SoSafe SE,Partner Forecast Tab Configuration,"Customer would like to add a few columns to their existing partner tab, please see requirements below. 

Person to liaise with: marion.vercaemst@sosafe.de

Please make sure to have a quick intro call to validate and align with her requirements - this is important

Requirements: https://docs.google.com/document/d/1O5TXyrSyXRBjqgROXUlacbFdH4My3mh6aMvIVrMgXbI/edit?usp=sharing

These are the requirements we noted down, please confirm with Marion (marion.vercaemst@sosafe.de) 

Partner sourced closed - we would have the following immediately to the right of the Gap to Go from the quota column:
Partner Sourced Closed (1 read-only column in the Closed section)
Deal status is Closed Won
Close date (based on the selected outlook option)
Exclude Opportunity Subtype: Partial Churn & Flat Renewal
Exclude Test Accounts
Partner Involvement Category: include Partner Sourced Partner Owned & Partner Sourced Direct Owned
Partner Involved Closed (1 read-only  column in the Closed section)",n/a,Low,Said Mussa,Said Mussa,"4/3/2025, 1:25 AM",18,Configuration,Forecast - Update,454,208
,218986,Affinity co.,Add a column& Update Fiters/Fields,"1. Add Column Added ACV- refer to the attached video
2. The Amount field should be pulling in revenue numbers from Added ACV & not Added ARR. Also the filter should be changed to Added ACV > 0 - refer to the video attached

Plz let me know if you have any questions

Thanks","04-04-2025: The opportunity.added_acv__c field took 24 hours to load in Clari, delaying the Adding a column& Update Fiters/Fields. Once available, assisted customer to proceed with the changes with the help of Forecast Config Guide. A support case was pla",Low,Christopher Williams,Sarosh Saiyed,"4/3/2025, 8:37 AM",11,Configuration,Forecast - Update,279,121.3727778
,218985,Pendo,New renewal specialist tab,"Pendo would like to clone the existing ""Renewals Forecast"" tab. Please title the new tab ""Renewals Specialist Forecast."" 

The only changes to the new tab are that it will be pulling from the ""Renewals Specialist"" mode instead of the Default mode. The owner field on all of the queries should be opportunity.ead__c.","Root Cause: Request from the customer to duplicate the ""Renewals Forecast"" tab and adjust the mode and owner field based on the ""Renewals Specialist"" requirements.

Resolution: Successfully cloned the tab, made the necessary changes, and shared the upda",Low,Ari Henck,Ari Henck,"4/3/2025, 8:34 AM",4,Configuration,Forecast - Update,97,33.07944444
,219012,Clari House Account,Internal Clari Help: Validation Rule Not firing appropriately,"Hi there,

Users are being asked to update certain fields that are not a part of a validation rule. The validation rule in question is our OPP-033, I have attached screenshots of the issue in Clari as well the Validation Rule logic in SFDC. Thank you!",The Error message was updated and there is an additional space,Low,Jessica Starr,Amanda Bevilacqua,"4/3/2025, 10:05 AM",4,Configuration,Validation Rules - Update,90,26.00888889
,219023,Ping Identity,Historical Date Cutoff,"Hi team,

After lots of meetings about this, we determined that it would be best to implement a historical date cutoff for their pipeline. They want to only consider the last 4 trailing quarters, so going forward, we would use April 1st, 2024 as the first date for their historical pipeline to start at and not use any data before that for their CQ and NQ projections/conversions. 

Thank you!",updated the History Cutoff Date,Low,Lyuda Rogers,Lyuda Rogers,"4/3/2025, 10:48 AM",1,Configuration,Other,14,7.2
,219040,"Factor Systems, LLC d/b/a Billtrust",Salesforce Validation rule and field prompt,"Hi Clari,
Please can we set up sometime to discuss this 

In Salesforce we introduced two validations to prevent users from making any changes when
1. Users cannot change Opportunity Stage to Close_Lost but instead Users should change Opportunity Stage to ""Pending Closed Lost""
2. User cannot push out Opportunity: Closed Date to next or future Quarters and instead can we prompt users to Populate new field: Proposed Closed Date field with future date.

Thank you

-Teh",NA,Low,Matthew Mcginley,Teh Liu,"4/3/2025, 12:04 PM",16,Configuration,Validation Rules - Update,378,181.9286111
,219043,Sysdig,Renewal Forecast tab,"Please update the formula

""Est. Renewal Rate (including monthlies)""

= ( –1 * Estimated CDG Total (UFR) Total
$(2.20M)

+ CDG from Monthlies Total
$(70K)
 )
/ ( REN Availible Total
$8.69M

+ SRA from CDG Monthlies Total
$273K
 )

The negative needs to be before the parentheses.","04-04-2025 Asked Clarification for the CSM
05-04-2025 : Configured the Est. Renewal Rate (Including Monthlies) column for the Renewal Forecast tab as requested.
07-04-2025: Followed up with the CSM on ticket closure.
08-04-2025: Closing the ticket as t",Low,Elizabeth Stoughton,Janhavi Wagle,"4/3/2025, 12:14 PM",4,Configuration,Forecast - Update,104,37.75777778
,219080,Iron Mountain,Forecasting Logic Update needed for ALM,"We need the forecast logic changed on two kinds of opportunities and we need those opportunities excluded from the GRO Regions' forecast. The two kinds of opportunities are as follows: (1) ALM indirect opportunities (2) bulk destructions. 

Please reach out to Alex Cohen (alex.cohen@ironmountain.com), who can provide more detail.",Changes possible through forecast configuration,Low,Liz LeDoux Tajonar,Maryellen Smith,"4/3/2025, 1:32 PM",4,Configuration,Forecast - Update,94,29.92138889
,219090,"Workday, Inc.","Enable Accounts for User Role = Customer Success, Managing Partner","Hi team,

Can you help me create a new User Type aka “Clari Role” for Workday so we can enable Accounts for just the users where their User Role = Customer Success or Managing Partner?",n/a,Low,Mike Riggs,Shorwei Gong,"4/3/2025, 3:21 PM",0,Configuration,Other,6,2.6375
,219104,"Equinix, Inc.",Quick Configuration Edits - Equinix,"Please make the following configuration edits for Equinix: 
1. Remove Contract Term (excluding free months) as an amount field option 
2. Turn on Alias icons/emojis for the Forecast Category field 
3. Enable color change indicators on the field In Quarter Churn",n/a,Low,Liz LeDoux Tajonar,Liz LeDoux Tajonar,"4/3/2025, 7:26 PM",0,Configuration,Field Config - Update,2,0
,219135,Ideagen,Sales Stage& Forecast Cat changes,We're making changes to our forecast catergory and sales stages and I want to understand the implications this will have on Clari,-,Low,Said Mussa,Ed Sharp,"4/4/2025, 3:59 AM",15,Data Science & Analytics,Stage Mapping,359,174.0116667
,219164,SecurID,"Forecast Tabs, Ugrent Ticket","Hi,

I have 4 new forecast tabs. I need them to be in MODE-PRODUCT in order for the filters to work. 

Tabs that need to be updated are: 
SecurID FY26 
ID Plus FY26
G&L FY26

I would need these update ASAP. Please see screen shot of what I mean.",Apr 4 : Requested change implemented,Low,Amanda DeLuise,Cristina Lawler,"4/4/2025, 7:29 AM",3,Configuration,Forecast - Update,67,11.45944444
,219202,"Veracode, Inc.",Dashboard Clean Up,"Hi team, 

Veracode would like to use some of their PS hours for a dashboard clean up exercise. Can we please archive/remove all dashboards that have not been accessed in the last 6 months from their instance?

We can include Alex Jaked and myself on the follow up communication","provided the list of dashboard, once confirmed, we can remove the dashboards,",Low,Caitlin Stone,Caitlin Stone,"4/4/2025, 10:54 AM",11,Configuration,Dashboard - Update,257,104.9863889
,219192,GWI,Three New Forecast Tabs,"Hi Team, Please can you configure the three new forecast tabs as laid out in the spreadsheet attached

1. Growth Dashboard
2.Renewals Dashboard
3. New Company Dashboard.

If you have any questions please let me know.

Thanks,
Toni","07-04-2025: 
1.The Self-Serve Forecast Config feature is now live, allowing customers to create and modify forecasts independently. A Forecast Configuration Guide has been provided to help them get started. Ensure customers have access to the Clari Suppo",Low,Toni Pang,Toni Pang,"4/4/2025, 10:21 AM",5,Configuration,Forecast - Update,115,42.71611111
,219214,Highspot,Switch the column type,"Hi team,

Can we please make the following change?
""Summary"" tab -> ""NB + Exp Plan"" column from calculation to ""quota"" type. You can use the same queries as for the ""NB +Exp Forecast"" column. 

Can we also make sure that the two above columns are working in Pulse (and any other analytics modules)?

Also, can we remove all the read-only field charts from Pulse and only leave ""Forecast"", ""Best Case"" and ""Floor"" as the forecast chart lines? 

Thank you!",n/a,Low,Lyuda Rogers,Lyuda Rogers,"4/4/2025, 11:39 AM",16,Configuration,Forecast - Update,394,166.3452778
,219261,Checkmarx,"Update formula ""Estimated ORR""","Hi,
Please update formula in Renewal tab ""Estimated ORR"" = (All Won + Open In Clari Forecast)/Expected Renewal Total

thanks",Updated the Estimated ORR Calculation as requested,Low,Toni Pang,Lala Djafarov,"4/7/2025, 3:25 AM",0,Configuration,Forecast - Update,1,0.656944444
,219274,"SUSE, LLC",New Forecast Role required,"Hi Team,

We have a need for a new forecast role please. Can we please create one based on Individual Contributor, but called ""Individual Contributor with Targets""

This will be used for future forecast tab changes.

Many thanks,
Cathal","Root Cause/Resolution:

Root Cause: The need for a new forecast role and potential tab updates. Resolution: Customer advised to include any changes related to custom roles or tabs in the same request moving forward to avoid delays or errors in creation ",Low,Toni Pang,Cathal Griffin,"4/7/2025, 5:48 AM",21,Configuration,Forecast - Update,501,236.79
,219289,commercetools,Whitelist & Create First User - commercetools,"This new logo account has just signed. Please check Subscription Start Date ""April 8, 2025"" and if within 2 weeks of todays date, proceed with whitelisting the account domain, update Clari org ID field under Clari Adoption snapshot in SFDC, and confirm whether they have already been added based on POC. If Subscription Start Date is greater than 2 weeks, then update the Requested Completion date to 2 weeks prior to Subscription Start Date. New logo account website for domain is ""commercetools.com""",we have added the org as well as the user,Low, ,Kamil Mojzesz,"4/7/2025, 7:30 AM",1,Access & Security,Whitelist,23,15.27805556
,219295,"Gravitational, Inc.",adjusting the calculation of closed won in Forecasting,Good morning. Is there a way to change our closed calculation in Forecasting so it combines the value of Incremental ARR and Professional Services Amount?,In Progress,Low,Pooled CSM,Daniel Brault,"4/7/2025, 8:16 AM",7,Configuration,Forecast - Update,183,89.73083333
,219327,Atlassian Pty Ltd,Atlassian | Total SSE to include TWC - SSE Total Outlook,"Can we please update the Total SSE TAB in Clari to include the TWC TAB in the following columns:

Total Outlook

New Outlook

Exp/Upgrade Outlook","08-04-2025: Asked CSM for the clarification.
09-04-2025: I have  updated the Total SSE TAB in Clari to include the TWC TAB in the columns Total Outlook,New Outlook,Exp/Upgrade Outlook as per the requirement",Low,Chris Hughes,Chris Hughes,"4/7/2025, 11:17 AM",3,Forecasting,Config Discrepancy,70,46.46777778
,219322,"Sage Intacct, Inc.",Update Validation Rule,"Hi- I need to add a validation rule. This is on our Opportunity Stage.  Could you pull this infomration into the validation rule? 
Opportunity Stage = Disqualified: Not A Fit or Discquallified: No Decision 
Reason Lost/Disqualified
Fields needed to be updated 
Comments Won/Lost/Disqualified 
Opportunity Stage = Closed Lost
Primary Competitor",Added/updated the provided validation rules in Clari,P3,Said Mussa,Jackie Lickus,"4/7/2025, 10:43 AM",7,Configuration,Validation Rules - Update,160,71.6725
,219340,LegitScript,"Please Add Salesforce Field ""Total_Churn_Formula__c"" and Swap It with ""Total_Churn__c""","We have a new opportunity field called ""Total_Churn_Formula__c"" that we are using for churn on a renewal.  Until now we have used ""Total_Churn__c"" for this. We need to swap the new field for the old one in Clari.

1) Add Total_Churn_Formula__c (label as Churn ARR) to our Renewals and Churn layouts in Clari.
2) Remove Total_Churn__c (labeled as Total Churn) from ou rRenewals and Churn layouts in Clari. (so replace the old with the new)
3) Update any queries or formulas (in Renewals, Churn, Total Bookings, Summary, etc) that reference Total Churn to instead reference Churn ARR.","Root Cause:
The Total Churn field was still being referenced in existing filters within the Forecasting view in Clari, preventing its removal through the UI.

Resolution:
Filters were reviewed and updated to reference Churn ARR instead of Total Churn.",Low,Pooled CSM,Drew Keenan,"4/7/2025, 12:24 PM",6,Configuration,Forecast - Update,153,69.59555556
,219402,AppViewX,Create Formula fields in Clari Forecast,"Hi Team, 

In the ""Renewals Tab - New"",

1. Create a formula field 
 Field Name: ""Pending Renewal""
Type: Formula (read Only)
Formula: Renewal Pool - Actual ('Renewal Pool' minus 'Actual')

2.  Create a formula field 
 Field Name: GRR Forecast 
Type: Formula (read Only)
Formula: (Multi year renewal + Actuals+ commit+ expected -Churn Risk) / (Renewals Pool+ multi year renewal )

3. Create a formula field 
 Field Name: GRR Actuals
Type: Formula (read Only)
Formula:  (Multi year renewal + Actuals - CQ Contraction - CQ Churn) / (Renewals Pool+ multi year renewal )","10:04:2025: I’ve created the following formula fields as per the given requirement:
Pending Renewal
GRR Forecast
GRR Actuals",Low,Jason Parawan,Vinesh Kannan,"4/8/2025, 6:14 AM",8,Configuration,Forecast - Update,207,107.7588889
,219394,ContentSquare,"create a calculation column in our forecast tab named ""TEST - Retention forecast (Excl pre-FY24 Opt out)","could you please create the column ""churned/Downsell"" by doing UFR-Closed Won-open UFR. Also could you please tell me if i can automate the retention Target with = UFR?",Added the new Calculation column in the 'Test - Retention Forecast' tab as requested,Low,Toni Pang,Odile Rouxel,"4/8/2025, 5:24 AM",6,Configuration,Forecast - Update,141,60.99972222
,219404,Impact,CRO Role in Column selection,We need the CRO role you created to be selectable as a field in column query like the other roles as we need to create a column that is CRO - In My Number ( see other columns in forecasting suite e.g. SVP - In My Number).,--,Low,Sarah Fagan,Clara Mantegazza,"4/8/2025, 6:19 AM",14,Configuration,Forecast - Update,330,155.6705556
,219418,Elastic,Forecast configuration query help needed,"Hi Team,
Would need help with forecast config query building in Sandbox. We are looking to build a new tab (Total ACV+ cloud monthly +training) and would need help to build query for the same","Root Cause:
Customer requires assistance with building a query for a new tab in Sandbox and needs clarification on the correct sandbox org to make the changes.

Resolution:
We have requested confirmation on which sandbox org to apply the changes to. A",Low,Lizzie Rupp,Rajesh Narayanaswamy,"4/8/2025, 7:24 AM",6,Configuration,Forecast - Update,160,74.59472222
,219430,AppViewX,"Clari Forecast - ""Pipeline Gen"" tab","Hi Team, 

We are building the pipeline Gen Forecasting in Clari, I need support for the below things. 

1. Please add ""Number of Opportunities"" count for 
   a. Marketing Sourced
   b. Channel Sourced
   c. Sales/SDR Sourced
   d. CS Sourced
   e. Total Pipeline Sourced
2. Please remove the ""Generated (QTD)"" Columns in the ""Pipeline Gen"" tab (Please see the attached screenshot for reference)","09-04-2025: Asked clarification for the customer on the requirement

11-04-2025: Done with changes requested by Customer

14-04-2025: Followed up with the customer on the requirement changes",Low,Jason Parawan,Vinesh Kannan,"4/8/2025, 8:02 AM",14,Configuration,Forecast - Update,330,153.9555556
,219437,Ardoq,"Pipe Gen Tab, % Column isn't calculating Correctly","Hi Team - the % column in Closing This QTR and CLosing Next QTR is off. Can we please get it adjusted so it's:

Closing This QTR / Pipe Gen YTD
Closing NExt Qtr / Pipe Gen YTD. 

Thank you!","09-04-2025: I’ve reached out to the customer for clarification on the given requirement

I’ve updated the columns Closing This QTR and CLosing Next QTR  as per your requirement.

10-04-2025: Closing this case as it's confirmed by the customer",Low,Rohit Agarwal,Benjamin roach,"4/8/2025, 8:15 AM",1,Configuration,Forecast - Update,37,25.7375
,219471,"Axonius, Inc",Axonius - Remove Duplicate SE Mode,"Hey team - I have a quick question regarding a duplicate ""SE mode"" I created via custom build. Could you please assist in removing the non-custom ""SE Mode"" (pulling from opp owner, not Sales Engineer) from our field configuration to avoid system duplicates?","Root Cause:
The ""SE Mode"" was incorrectly pulling data from the opportunity owner field, causing system duplicates.

Resolution:
The non-custom ""SE Mode"" has been deleted from the field configuration. Users should be advised to check whether the mode ",Low,Christopher Williams,Christopher Williams,"4/8/2025, 11:19 AM",2,Configuration,Field Config - Update,46,29.7175
,219510,Instructure,Advanced Filters for Saved Views,"Hi Team,

Can I get your help in having the below saved views to advanced filtering to use OR opportunity type = renewal (exclude) AND annual contract value (sales) = 0 (exclude)

Here are the views we need adjusted to include the above OR statement at the end of the query:
-Pipeline Created: Current Q (Sales)
-Pipeline Created Last Q (Sales)
-Pipeline Created: Last 90 Days (Sales)",Apr 10 : Requested change implemented for Pipeline Created: Current Q (Sales) saved view,Low,Nico Alvarez,Nico Alvarez,"4/8/2025, 1:22 PM",16,Configuration,Saved View - Update,373,181.4661111
,219488,Sysdig,Renewal Forecast tab,"Please update the formula

""Est. Renewal Rate (including monthlies)""

= ( –1 * Estimated CDG Total (UFR) Total
$(2.20M)

+ CDG from Monthlies Total
$(70K)
)
/ ( REN Availible Total
$8.69M

+ SRA from CDG Monthlies Total
$273K
)

The negative needs to be before the parentheses.

Got a note from the customer:
the renewal rate calculation is still wrong.  

can we try more to fix it?  for now just get rid of the negatives and the the % will be negative,  bettter to have a correct % that is negative than a number that is way off and positive.","Root Cause:
Original formula referenced a non-existent field ""Renewal available"". This caused confusion in calculation and incorrect results.

Resolution:
Replaced ""Renewal available"" with ""Ren Available"" (adjusted to include SRA). However, the output",Low,Elizabeth Stoughton,Janhavi Wagle,"4/8/2025, 12:18 PM",8,Configuration,Forecast - Update,183,86.86472222
,219514,Aqueduct Technologies,Update forecast logic,"Hi Team, please work directly with Ruby <rpaul@aqueducttech.com> for this change. Please review case 00218391 for historical records of this. 

In the forecast tab under forecast they want the logic to be updated to:

Here’s the ask for the Forecast tab (just for this tab)

Group it by Account owner, but the logic will be

Type = New and Opportunity owner is equal to Account owner

Or

Type = Talent Delivery

Or

Renewable Opp Type = Takeover.

Thank you!","09-04-2025: I’ve reached out to the customer for clarification on the given requirement

10-04-2025: Implemented the changes and awaiting for the customer review

14-04-2025: Followed up with customer on the requirement changes",Low,Pooled CSM,Sarah Michelle Smith,"4/8/2025, 1:43 PM",8,Configuration,Forecast - Update,199,100.2830556
,219500,"GumGum, Inc.",New OLV Forecast Tab,"Hi,

I have attempted to duplicate our scheduled forecast and filter for just Product = Video Solution - OLV; however, when I look at the tab it doesn't seem to be filtering for this product.",Apr 9 : Filter seems to be working fine as expected,Low,Jason Parawan,Scott Petkanics,"4/8/2025, 12:41 PM",8,Configuration,Forecast - Update,183,87.10916667
,219530,Atlassian Pty Ltd,Edits to Q4 Meetings Tab,"Requesting to make edits outlined in attached sheet to ""Q4 Meetings Clari Configuration"" SDR tab.

Similar config changes as Case: 00213643",Apr 14 : Changes possible through Forecast configuration,Low,Chris Hughes,Daniel Kohutanycz,"4/8/2025, 4:24 PM",7,Configuration,Forecast - Update,152,65.59805556
,219537,Netskope,Netskope | Deals showing up in Forecasting that shouldn't,"When looking at Michael Micone in Forecasting, there are 3 negative deals starting with ""Amendment for Contract..."" that are appearing as part of the forecast for the Canada region even though the owner of the deals is a member of the SalesOps team and not tied to the underlying region.",-,Low,Chris Hughes,Chris Hughes,"4/8/2025, 5:07 PM",26,Configuration,Forecast - Update,610,288.8822222
,219611,Pearson,Need assistance building composite fields,"Please let me know the time frame for the following work to be completed. 

I need you all to build out the Composite functionality on the following tabs:

1. ELS - Solutions
2. ELS - AP/GED
3. ELS - Achieve
4. ELS - Hyperscalers
5. ELS - TQ & Apprenticeships
6. ELS - ITPro
7. ELS  - ELL Corporate

I need all of these tabs to have the Commit Forecast, Actual Bookings and Open Pipe columns roll up in the Composite summary from the Months to the Quarter on the respective tab.

I also need to have the GEST Summary Tab have the composite functionality built out for:

1. Quarter Commit Forecast Column ---> Composite of the same named Month column from the ELS - Solutions, ELS AP/GED, ELS - Achieve, ELS - Hyperscalers, ELS - TQ and Apprenticeships, ELS - ITPro and ELS - ELL Corporate tabs.
2. Quarter Actual Bookings Column ---> Composite of the same named Month column from the ELS - Solutions, ELS AP/GED, ELS - Achieve, ELS - Hyperscalers, ELS - TQ and Apprenticeships, ELS - ITPro and ELS - ",Apr 14 : Requested changes implemented,P3,Said Mussa,Michael Barnes,"4/9/2025, 8:47 AM",7,Configuration,Forecast - Update,182,89.21194444
,219614,Qualified Software,Add Task Rollup in Account Inspection,"Can you please create an activity rollup on the Account Inspection page?

LABEL: 
""LinkedIn Messages""

FILTERS: 
[Subject] starting with ""InMail sent from Sales Navigator""
[Status] is ""Completed""

Please make sure [Comments] are viewable.",In Progress,Low,Pooled CSM,Clari Admin,"4/9/2025, 8:50 AM",22,Configuration,Other,542,265.1622222
,219645,"Claroty, Inc.",Claroty - User Analytics Access Update Request,"Hey team - As a part of Claroty's contract negotiations we promised their users access to Analytics within Dashboards. They signed this week so can we give all reps Revenue Forecast Growth (Analytic Modules) access today? 

Let me know if anything is needed from our side!",we have enabled the Analytics for Sales Rep,Low,Christopher Williams,Christopher Williams,"4/9/2025, 10:50 AM",1,Configuration,Analytics - Update,17,8.864444444
,219662,Archer Technologies LLC,Update AM Renewal Tab in Forecast,"please see the google sheet for the modification
https://docs.google.com/spreadsheets/d/13RrI1S0RtRkhoplfqwoyRHM7_UhsNPhTbcwf1eo7n1g/edit?gid=0#gid=0","10-04-2025: I’ve updated the AM Renewal tab as per the given requirement

14-04-2025: Followed up with the Customer on the requirement changes",Low,Andrew Pohlen,Eileen Chen,"4/9/2025, 12:25 PM",7,Configuration,Forecast - Update,177,85.57972222
,219685,"Navan, Inc.",CTTP forecast columns (make visible),"Hi Clari Config Team,

For the CTTP forecast columns please make it visible to Fahad Raza, Vadim Zakiyan, Grant McGrail, Kirk Giddens, and myself",Created 2 customer Forecast roles and utilised them to provide visibility on certain columns,Low,Asante Muhammad,Brian Guimond,"4/9/2025, 2:16 PM",11,Forecasting,Forecast Opt-In,272,115.7177778
,219711,"Cockroach Labs, Inc.",Cockroach Labs - Add in Forecast Calculation,"Please add in the highlighted green calculation column to the existing ""WIP - Churn Forecast"" tab","10-04-2025: I have added the new column ""Total Net Closed"" to the ""WIP - Churn Forecast"" tab as per the given requirement.

11-04-2025: Closing this case as confirmed by the CSM",Low,Elizabeth Stoughton,Erin Martinez,"4/9/2025, 7:17 PM",1,Configuration,Forecast - Update,27,16
,219726,Feedzai Inc.,Create new Forecast tab,"Hi, I have a request for the forecast module:

- Can you please duplicate the ""Forecast"" tab but make sure the 2 are not associated - meaning - when I change one tab, the other does not change?
- Please call it Partner (WIP)
- Hide it from every user

Thank you!",--,Low,Pooled CSM,Carlos Martins,"4/10/2025, 4:20 AM",10,Configuration,Forecast - Update,257,109.6580556
,219752,"Fortinet, Inc.",Add new Groups under amount,"Hi Team, 

Please add new groups under the amount (see attached)
new groups to be added 
$0-100 and 
$100-$1k","11-04-2025: 
The Self-Serve Forecast Config feature is now live, allowing customers to create and modify forecasts independently. A Forecast Configuration Guide has been provided to help them get started. Ensure customers have access to the Clari Support",Low,Lizzie Rupp,Muhammad Majeed,"4/10/2025, 7:04 AM",3,Configuration,Field Config - Update,86,26.92694444
,219773,Cloudera,New Octopai ACV Forecast Tab - Tuesday 15 April 1pm GMT,"Hey Clari Team,

I am putting in a request for a new forecast tab in Clari, to hopefully be actioned in Tuesday 15th of April, 1pm GMT after our internal Salesforce Standard Release.

Similar to my request on 00213233, I am wondering if you can support with building a new Forecast Tab for us. Similar to the Public Cloud ACV forecast tab, this will be a forecast tab which will reference a new upcoming field we have on the opportunity, 'Octopai ACV'.
Since Cloudera have recently acquired Octopai, the team would like to forecast separately for Octopai related deals, and filtered based on the below criteria:

'Deal Status' in [""Closed-Won""]
AND Scope is ""Owned By Me"" 
AND 'Test Account' not in [""Checked""] 
AND 'Close Date' is ""__CLARI_FORMULA_DATE_RANGE__"" 
AND 'Record Type ID' in [""01280000000UFyaAAG"", ""01280000000UKDBAA4"", ""01280000000UNoaAAG""] 
AND 'Octopai ACV' in [""> 0"", ""< 0""] 


This should allow us to forecast on the Octopai ACV new logo's. The field will be released to SFDC on Tue","17-04-2025: Closing this case as a duplicate case

16-04-2025: Created the support case: 00220314 regarding the field load issue
15-04-2025: Followed up with the customer for the required changes

14-04-2025: Followed up with the customer for the req",Low,Cortney Fickey,Sean Murphy Phelan,"4/10/2025, 8:36 AM",6,Configuration,Forecast - Update,158,73.38527778
,219792,SecurityScorecard,SecurityScorecard: Yearly view of a Forecast tab?,"Hi team. We have a tab called ""Monthly New ARR"" in the Forecast module which is just a copy of the ""New ARR"" tab but broken out my month. Is it possible to have a similar tab but for a yearly view? I think tabs use the ""This Quarter"" dropdown to determine the time period to query data but that dropdown only use quarterly periods so I'm not sure if it's possible to have a full fiscal year view for a tab. The goal is to see YTD rollups of closed won, pipeline, and pipeline coverage ratio metrics. Let me know if that is possible. Thanks!",Not possible to created yearly calculation columns as of now,Low,Andrew Pohlen,Alfonso Alvarado,"4/10/2025, 9:51 AM",4,Configuration,Forecast - Update,95,30.60972222
,219810,Cisco Security & Collaboration (S&C),"Add a ""Clari role"" field to user type so Cisco can report adoption metrics based on what product line they are selling","Cisco S&C has two types of sellers: Security Sales and Collaboration Sales.  But when CSM runs Adoption metrics in Thoughtspot, we can only segment usage between exec, manager, sales rep, sales ops...
Cisco is asking for user adoption metrics segmented between Security and Collab sellers.

Ty Lapinski said HPE solved this by working with our Config team and having them add an additional field called ""Config role"".  
That would allow Cisco better visibility into adoption across seller types.  After the field is added Cisco will update the user types to put the sellers into the correct role.

Please communicate with CSM Matt Colangelo about this case.",we have created 2 new user roles,Low,Matthew Colangelo,Matthew Colangelo,"4/10/2025, 11:02 AM",7,Configuration,Other,161,72.70527778
,219865,"Workday, Inc.",Update Criteria on Extended Forecast Tabs,"Please help us update the criteria for the following forecast tabs in Clari -

1. Extended Forecast Tab
Column: Total Closed
Criteria: please include 'Extended Forecast != Omitted'

2. Extended YTD Tab
Column: Total FY Closed
Criteria: please include ""Extended Forecast != Omitted""","4/10/2025: 

Updated the filter logic: 

1. Extended Forecast Tab
Column: Total Closed
Criteria: please include 'Extended Forecast != Omitted'

2. Extended YTD Tab
Column: Total FY Closed
Criteria: please include ""Extended Forecast != Omitted""",P3,Mike Riggs,Christine Lau,"4/10/2025, 2:03 PM",0,Configuration,Forecast - Update,1,1.4725
,219871,Assent Compliance,Request to Simplify Update Helper Experience in Clari,"Hi Clari Support,

We're currently experiencing a usability issue with the Update Helper pop-up when users attempt to update opportunities. Right now, when required fields are missing, the pop-up displays a long list of fields.

This is creating confusion, as users are not easily able to identify which specific field they need to fill out to proceed. Instead, they’re presented with multiple fields, making the experience overwhelming and inefficient.

Request:
We’d like to request that the Update Helper be configured to only display the specific required field(s) related to the current context or update being made — not all the fields at once. This would greatly improve clarity for the end user and streamline the update process.

Please let us know if this behavior can be customized or if it's something your team could look into improving.

Thanks so much,
Hamza","validation rules were missing, we have added those VR",Low,Tyler Jass,Hamza Abu-Alhawa,"4/10/2025, 2:38 PM",19,Configuration,Validation Rules - Update,448,199.6425
,219895,Synopsys Inc.,Synopsys org - Org ID 2622 - Change mode of FSA Drawdowns tab and FSA Drawdowns Revenue (hidden) columns,"Hello Clari Support,

In Synopsys org - Org ID 2622, we have created a new mode - FSA Drawdowns View.  

We would like to change the Mode of the existing FSA Drawdowns tab (forecastId=fsa_drawdowns) from Opportunity to FSA Drawdowns View. 

We would like to also change the Mode of the FSA Drawdowns Revenue (hidden) columns in the two tabs forecastId=summary and forecastId=summary_rev.
All the changes are highlighted in yellow on attached excel sheet. (clari_forecasting_config_FSAmode_change.xlsx)

We would like to have this go live on April 14 IST, your end of day if possible. 

Thanks!
Carol",Apr 14 : Requested changes implemented,P3,Marina Addonizio,Carol Cabezas,"4/10/2025, 11:28 PM",6,Configuration,Forecast - Update,144,64
,219913,Acuity Knowledge Partners (UK) Limited,Apply a new filter in Forecasting,"Hi team,

In our Forecasting module, for the numbers that are visible under ""Actuals"" or ""Closed"", cany you apply a filter from backend for the following field:

- Field name --> PPA Generated
- Field API name --> opportunity.ppa_generated__c
- Logic/ filter --> PPA Generated = Not Checked

This filter will help exclude some selected sales reps whose closed won deals we do not want to include in the Forecasting module.

Hope my ask is clear. Let me know if any questions.",14-04-2025: Approached the Customer to do the changes with the help of Self Service Config Feature,Low,Said Mussa,Suraaj Sukomal,"4/11/2025, 5:17 AM",5,Configuration,Forecast - Update,139,60.70527778
,219933,Cisco Security & Collaboration (S&C),Tag audit,"Hi team -- there was recently an audit done to update all of the tag values available in the S&C tag assignment filter. 

I've identified a gap in the build that I want to call out. Historically we have always had the S&C tag assignment filter options to use the operator of 'Contains' instead of 'Equal' on all the filter selections. Please update all the filter options to be where option ""contains"" Filter selection",In Progress,P3,Matthew Colangelo,Bryce Keller,"4/11/2025, 8:24 AM",10,Configuration,Forecast - Update,255,105.5858333
,219932,GitLab,Hide Columns on Pipeline Gen Tab,"Hey Team,

Happy Friday! Can you please hide a couple columns on the Pipeline Gen tab for me?

Hide the following:
CQ Net ARR + PS Pipe Gen Target
CQ Net ARR + PS Pipeline Gen
CQ PS Pipe Gen Target
CQ PS Pipeline Gen

Thank you!","Root Cause:
Customer requested to hide all columns in the ""Pipeline Gen"" tab, but those columns were the only ones available, which would result in an empty or non-functional tab.

Resolution:
Informed the customer that at least one column must remain",Low,Lizzie Rupp,David Estko,"4/11/2025, 8:21 AM",5,Configuration,Forecast - Update,120,48.47388889
,219990,Okta,NB Total and Closed Total are Equal,NB Total and Closed Total are Equal in the Pipe Gen tab. It appears that the Closed Total are not filtered to just closed deals.,"Root Cause:
The Closed Total in the ""Pipe Gen"" tab was not properly filtered to show only closed deals, leading to identical values for NB Total and Closed Total.

Resolution:
Updated the filter for Closed Total to include both Closed-Won and Closed-L",Low,Matthew Colangelo,Leah Marcus,"4/11/2025, 1:36 PM",11,Configuration,Forecast - Update,251,100.3919444
,219995,InterVision Systems Technologies,CRM Score Question,"Joe Lazewski is working through final contracts with Miami Parking Authority, but the CRM score is below 50. Can someone look at this? I was leading a training and this was a consistent question for the team. CRM scores appear too low. This is one example I'd like to explore.",Apr 14 : CRM score expected to be low as no forecast update from past 95 days and close date being pushed out,Low,Tyler Jass,Tyler Jass,"4/11/2025, 2:04 PM",14,Data Science & Analytics,CRM Score,323,147.92
,220008,Informatica,"Add ""Closed + Tech Win"" column","We need a new column in the Clari forecasting tabs (Total NNB and Cloud NNB to start but also the WIP Tabs). Can you get this into the queue with Clari?

 

Column Name: “Closed + Tech Win”

 

Location: Between Closed + In Fcst and Best Case + (see ss)

 

Text: This includes all deals Closed or Technical Win for the quarter.

 

Query Example for the Cloud NNB tab (same logic applies to the other tabs and values – just use Non Cloud NNB and Total NNB instead of Cloud NNB):

 

Territory is ""My Team Territory"" AND ('Deal Status' in [""Closed-Won""] OR ('Deal Status' in [""Open""] AND 'PreSales Stage' is ""Technical Win"")) AND Geo is not ""FedOps"" AND 'Cloud NNB' is not ""0"" AND 'Close Date' is ""__CLARI_FORMULA_DATE_RANGE__"" AND ('Opportunity Record Type' in [""012410000003ttzAAA"", ""01241000001URQ4AAO"", ""01241000000vR0CAAU""] OR ('Opportunity Record Type' is ""012410000003tu0AAA"" AND 'Upsell on NNB Oppty(s)' is ""Not Checked""))","we have created one column, and shared the screenshot to create the rest using the self service",Low,Whitney Drazovich,Whitney Drazovich,"4/11/2025, 4:13 PM",6,Configuration,Forecast - Update,135,55.1475
,220022,Corelight,Corelight - Query Update Question,"Hey team - Corelight does not want to see 'quota' or 'gap to go field' when looking at field sales but does not see the option in forecast config. Is this something that has to be requested from Support still? If so, can someone fulfil this request? Video explanation below:

https://copilot.clari.com/guest/sharedCall/67fc94ce1cef49120768a676",we have hidden the quota column and added a readonly column,Low,Christopher Williams,Christopher Williams,"4/13/2025, 9:53 PM",2,Configuration,Forecast - Update,31,18.64805556
,220021,Corelight,Corelight - Account Grid Column Update/Question,"Hey team - Corelight has a field called ""account cohort"" thats shows as active and available in Field Config for Account Grid but doesn't show on the front end. Can someone let us know what is causing this and how to make it appear? Recording of live call below:

https://copilot.clari.com/guest/sharedCall/67fc93781f9969515c656d0c","14-04-2025: I’ve now added the field to the Account Grid under Account Mode, and it is currently available in the grid.",Low,Christopher Williams,Christopher Williams,"4/13/2025, 9:48 PM",3,Configuration,Other,71,48
,220024,"Island Technology, Inc.",Assistance with Clari,The customer has a question about Clari: How do I remove the individual months on the forecast tab so that users only need to update the quarter.,The monthly Quota column has been removed,Low,Sarah Fagan,Thatcher Reisman,"4/13/2025, 11:08 PM",3,Forecasting,Other,69,48
,220067,Temenos Headquarters S.A.,Update Forecast Configuration,"Hi,
 We have two forecast tabs that are set up to look at 2025 as a whole. As part of that, we have a column for each quarter. During Q1, we had the Q1 column reference the forecast commit in our primary forecast tab. Now that Q1 is done, we need to update the Q1 column to show our actual totals, and update Q2 column to reference our current forecast similar to what Q1 had before. 

 I will type out full details in a response to the auto response for this case as I think it will be easier to type in Outlook. Thanks!","15-04-2025: For both the '2025 NBV' and '2025 ACV' tabs, I’ve relabeled the 'Q1-25 Forecast Commitment' column to ‘Q1-25 Actuals’ and configured it as a Read-only column. Additionally, I’ve created the reference column 'Q2-25 Forecast Commitment' as per t",Low,Toni Pang,Bobby Buit,"4/14/2025, 8:17 AM",1,Configuration,Forecast - Update,37,25.71666667
,220129,Deque Systems,Rollback Time Machine in Waterfall,"Would like to rollback time machine in Waterfall upon request of the CRO. Does not need the time machine view for the oppty grid, would like for it to just show the standard inventory of deals and view deals",n/a,Low,Pooled CSM,Samuel Lee,"4/14/2025, 1:20 PM",8,Configuration,Field Config - Update,179,84.65361111
,220166,"Yext, Inc.",New Forecasting Tabs,"Hi There - Can we please get two new forecasting tabs created in the Hearsay instance of Clari (these new tabs already exist in the Yext instance). Afterwards, we will need to add them both to the ""All forecasts"" screen - I've included all of the details in the below spreadsheet. Thank you so much and let me know if you have any questions!

https://docs.google.com/spreadsheets/d/1tLBIpiTIu_e3iFo7FZbofgCnr03nAdJhIC7KQo9grKk/edit?pli=1&gid=0#gid=0

-Brandon","Root Cause:
New forecast tabs do not appear by default on the ""All Forecasts"" screen for users — they must be manually opted in.

Resolution:
Requested the list of users to opt in. Optionally, existing forecast tab access can be referenced to identify",Low,Marina Addonizio,Brandon Peters,"4/14/2025, 11:48 PM",24,Configuration,Forecast - Update,560,277.4688889
,220175,Check Point,Please implement in the SANDBOX new columns in the forecast grid as follows,"Hi Team,

Please implement in the SANDBOX new columns in the forecast grid as follows:

1.	New formula column:
a.	Name: CQ Target inc. Secured
b.	Formula: Non-secured CQ Target (core) + CQ Secured Bookings (core) 
c.	Location: 
i.	Tab: Only in the Total Forecast.
ii.	Forecast Grid: On the right of the “non-secured CQ target” column.
d.	A tooltip: Displays the sum of the secured amounts with the non-secured target of a user.

2.	New quota column:
a.	Name: CY Accum. Sales (w Secured) (core)
b.	Location: 
i.	Tabs: In all our active forecast tabs (total fcst, total quantum, total harmony, total cloud, total infinity platform, quantum new, quantum renew, harmony email, harmony sase, harmony other, infinity agreements, new customer)
ii.	Forecast Grid: On the right of the “OSOF (core)” column.
c.	PLEASE PROVIDE the quota upload name for this column.

3.	New Formula Column:
a.	Name: CY Accum. Sales (w Secured) 
b.	Formula: = CY Accum. Sales w Secured (core)
c.	Location: 
i.	Tab: In all our act",Completed all the requested changes,P3,Toni Pang,Idan Saranga,"4/15/2025, 3:04 AM",28,Configuration,Forecast - Update,677,324.8486111
,220198,"Claroty, Inc.",Player/Coach Potential Clari Setup - Request for Call (Claroty),"Hey team - Claroty has been trying to figure out how to best set Clari up for player/coaches and want confirmation on if the below method would work. I believe it would be way easier if we were able to join a call with them to sort out the specifics but let me know your thoughts!

""I did some research and confirmed that we should be able to do this setup without setting up dummy users and without using more licenses.  I'm not an admin of Clari so I cannot test it out. 
Here's the recommended steps... (See attached photos for the rest)",the request was not achievable.,Low,Christopher Williams,Christopher Williams,"4/15/2025, 6:57 AM",21,Configuration,Other,502,237.5105556
,220207,"AlphaSense, Inc.",Request to map forecast submissions,"AlphaSense would like to map the historical submissions from the FS Strategic tab to the Enterprise Intelligence tab for the Most Likely and Best Case columns. However, reps have been submitting forecasts in the Enterprise Intelligence tab for a few weeks, so we don't want to wipe out those submissions when we map over the FS Strategic submissions.

Are there any additional pieces of info needed to complete the mapping?",-,Low,Andrew Pohlen,Ari Henck,"4/15/2025, 7:26 AM",21,Configuration,Other,501,236.9791667
,220195,Cloudera,Support on case 00219773; Create Octopai ACV Forecast Tab,"Hi Team,

Can I please get support on case 00219773, it seems the aggregate option for 'Octopai ACV' is not appearing. 

Furthermore, i cannot alter the aggregate field when i duplicate a forecast tab, it looks like it stays as the field that was on the original forecast tab. The documentation is just not clear enough for this process to be fully self-service.

Please could I ask you to look into this asap. as it was communicated to the business that this would be delivered today. 

Many thanks,
Sean.","02-05-2025: Closed the case as there is no response from the customer

30-04-2025: Followed up with the customer

28-04-2025: 
1.Followed up with the Customer to review the changes
2. Given clarification for the customer query

24-04-2025: Resolve",Low,Cortney Fickey,Sean Murphy Phelan,"4/15/2025, 6:50 AM",16,Configuration,Forecast - Update,399,203.1583333
,220232,"Clearwater Analytics, LLC",Following up previous case - removing field mappings from salesforce,"Hi, reopening this ticket #00212989 as I've managed to work through the shared google doc. Before I send back my version with the fields that we can un-map, I am curious - are you able to double check my report and ensure we are not breaking any formulas/filters etc before un-mapping? Thanks","Root Cause:
The customer believed these fields were actively used in Clari and needed to be removed to streamline their data integration. However, upon review, it was found that these fields belong to objects not currently configured in any Clari modes.
",Low,Jason Parawan,Marie Ribieras,"4/15/2025, 8:53 AM",13,Configuration,Field Config - Update,310,141.6777778
,220285,Sysdig,New accounts mode,"Can you please help create a new accounts mode in Sysdig?

Accounts + product_usage_snapshot__c
There are a few currency fields. You can use any to create a mode. We can make changes if needed. I can't see this object on the mode creation page. 

The customer confirmed that the integration user has access to this object. 

Sharing the call recording - https://app.clari.com/copilot/call/b72ebd6d-5185-4801-9503-48f7f05d9ef8","Root Cause:
Object product_usage_snapshot__c not appearing in the Extract tool despite confirmed access for the integration user. The exact cause is unclear from the call recording.

Resolution:
Mode has been created successfully. Awaiting more inform",Low,Elizabeth Stoughton,Janhavi Wagle,"4/15/2025, 12:57 PM",5,Configuration,Field Config - Update,129,53.04833333
,220288,Flexera,Creating a Services Forecast Section,"Hi,

We would like to create a new section in Clari forecasting labeled ""Services Forecast"". Similar to how New Business Forecast, Barb Boyer, and Jason Lawton are all different sections, this would be an additional section. Only Sharon Rheinberger and Jeanne Weiss should be given access for now while we figure out more licenses internally. This section would just need 1 tab for now labeled ""Forecast"". In that Forecast tab would be a Quota column labeled ""Quota"" , a Forecast column labeled ""Forecast"", and another Forecast column labeled ""Current Projection"", a read-only rollup column labeled ""Pipeline"", and another read-only rollup column labeled ""Lost"".

Please let me know if there are any other questions.

Thanks,
Connor",All the requested changes are completed,Low,Nico Alvarez,Connor Backus,"4/15/2025, 1:34 PM",16,Configuration,Forecast - Update,394,196.43
,220300,Hewlett Packard Enterprise,Forecast Tab Update,"Please update the HPEN Product & Services tab per the attached notes. Need to add 3 columns and change 2 columns. Please also persist the same filter set from the other columns in this tab for Record Type, Pipeline Exclusion, Product Family, Opportunity Type. (See Pipeline column in existing config for example) Thank you!

https://docs.google.com/spreadsheets/d/1j6DFXWM3BHdktNY0MhszDltkXTFNHBNw/edit?usp=sharing&ouid=117206048399272618042&rtpof=true&sd=true",Completed the requested changes as per the provided attachment,Low,Stephanie Ervin,Stephanie Ervin,"4/15/2025, 4:19 PM",6,Configuration,Field Config - Update,133,53.26277778
,220352,ABC Fitness Solutions,Replace field globally,"Throughout all of Clari, please replace the opportunity.amount  field with the opportunity.Discounted_MRR__c field",we have added the new field to all the layouts.,Low,Pooled CSM,Luke Tyson,"4/16/2025, 7:23 AM",5,Configuration,Field Config - Update,119,46.55833333
,220357,"iPipeline, Inc.",Pipeline Generation Forecast Tab Issue,"Hello - We recently requested a change to our pipegen dashboard to use Stage 2 date instead of created date, the total value by team is accurate but when I drill down to specific reps their numbers are very inflated due to opportunites not matching criteria being pulled in, for instance Eric Steffesnsen does not have 5.6M of pipegen, these are pulling opportunities in that were created 5-10 years ago, can we please look into this",-,Low,Andrew Pohlen,Eric Miller,"4/16/2025, 7:30 AM",14,Configuration,Dashboard - Update,352,170.4869444
,220368,Canto,Edit Quarter Forecast,"Hi team, 

I’d like to update the top-level quarter commitments field to be both editable and automatically calculated. By default, it should auto-calculate as the sum of the monthly values within the quarter. However, users should also have the ability to manually override and edit this value if needed.",--,P3,Pooled CSM,Megan Jacobson,"4/16/2025, 8:34 AM",5,Configuration,Forecast - Update,133,57.42972222
,220444,Forter,New forecast role = CRO,"Please add a new role = CRO,

Tab name: Estimated ACV Forecast
Please add a new filter for this role in all the columns. The filter should be the same as ""Manager—my reports."" The only change we need to make is to add a split type label = Revenue, Overlay for this formula for the CRO. Please Slack me if you have any questions.",17-04-2025: Created a custom forecast role and updated the filter logic as per the given requirement,Low,Elizabeth Stoughton,Janhavi Wagle,"4/16/2025, 1:51 PM",6,Configuration,Other,140,60.22611111
,220473,Iron Mountain,SVP In my number on Forecast Page,"1. On the Forecast tab, next to Commit deals, we want to add a view of the total value of deals checked with SVP In My Number. Please refer to the 1st screenshot (File name - SVP In My Number)

2. SVP In My Number - we need these details on the detailed page as well. Please refer to the 2nd screenshot (File name- SVP In My Number detailed page)","02-05-2025: Closed the case as there is no response from the customer

30-04-2025: Followed up with the customer

28-04-2025: Followed up with the customer

25-04-2025: 
1. Followed up with the customer.
2. Tried all possible ways to meet the cust",Low,Liz LeDoux Tajonar,Amol Mane,"4/16/2025, 8:52 PM",15,Configuration,Forecast - Update,361,176
,220482,Check Point,Fix the filters for the Upside and Downside in the 3 Harmony tabs,"Hi,
Please adjust the filters applied to the opportunities view on the right for the downside and upside calls in the Harmony email, Harmony SASE, and Harmony Other tabs. They should match what is in the Fcst Call. Correct the Pillar filter and add a Pillar Sub Type filter. Please implement these changes in both the SANDBOX and PRODUCTION.","Root Cause:
Filter configuration in the specified tabs did not match the Fcst Call view, leading to inconsistent opportunity data display.

Resolution:
Modified the filters to match Fcst Call, corrected Pillar filter, and added Pillar Sub Type filter ",P3,Toni Pang,Idan Saranga,"4/16/2025, 11:54 PM",5,Configuration,Forecast - Update,118,48
,220501,ContentSquare,Migrate Calls from Gong to Copilot,"Hi Team,

We agreed with Contentsquare that we would migrate their gong calls in two batches, one when they first implemented Copilot and the second before their contract ends with Gong  the end of this month.

They would like to migrate all gong call from the following date:
 2024-09-14 

They would like this completed ASAP.

Here is the API Access Key and Secret Key from Gong:

Access Key: N5N5FNFKGBSZFPDAYSZGR7YAXB6LTQQP

Secret Key: eyJhbGciOiJIUzI1NiJ9.eyJleHAiOjIwNjAwMjU3MTQsImFjY2Vzc0tleSI6Ik41TjVGTkZLR0JTWkZQREFZU1pHUjdZQVhCNkxUUVFQIn0.UdJY_xEj7my-CjIKFbM3BfPjd5lGHVqhbpSbhekUilo

If you have any questions please let me know and also copy in the customer Dan Camporeale <dan.camporeale@contentsqaure.com>
and Jennifer Sturgeon <jennifer.sturgeon@contentsquare.com>

Thanks,
Toni","Apr 24 : Migration completed. Customer asked to wait till monday before reconciling the users

May 16 : Users reconciled",Low,Toni Pang,Toni Pang,"4/17/2025, 5:48 AM",29,Configuration,Other,694,334.2941667
,220574,Doxel,YTD Tabs,Hi team - Doxel needs to have two YTD tabs for Forecast (New) and Forecast (Expansion) - Forecast configuration is only allowing us to have quarterly. Can you take a look? Thanks!,"Root Cause:
Forecast Configuration was initially set to display only quarterly columns, and monthly columns were not added for YTD views.

Resolution:
Advised David to use Clari Studio > Forecast Configuration > Actions > Add Column to create monthly ",Low,Pooled CSM,Sarah Michelle Smith,"4/17/2025, 12:34 PM",21,Configuration,Forecast - Update,499,234.9091667
,220597,Barracuda,Barracuda | Pipeline Creation Tab Update,"On the Pipeline Creation tab specifically, here’s what needs to change:

Drop the “MSP Growth” column

Remove it entirely from the tab’s schema and UI so it no longer shows up in the data set. ?

Re?define “MSP Total” to be only MSP New

In the main query, have MSP_Total = MSP_New (i.e. 3 M), and do not include any MSP Growth values.","2-05-2025: Followed up with the CSM regarding the creation of new case

30-04-2025: Followed up with the CSM regarding the creation of new case

28-04-2025: Requested CSM to create a new case as the requested changes are not mentioned earlier

25-04",Low,Chris Hughes,Chris Hughes,"4/17/2025, 2:16 PM",17,Configuration,Forecast - Update,415,179.725
,220611,"Vectra AI, Inc.",Enable Accounts Module,Hi - please assist in enabling the Accounts module for all users/org level. Tried turning the module on but was unsuccessful. Thanks,n/a,Low,Jason Parawan,Jason Parawan,"4/17/2025, 4:56 PM",0,Configuration,Other,3,1.064166667
,220612,"NetDocuments Software, Inc.",Enable Accounts Module,"Please enable Accounts module at org level. A ticket to enable module was submitted (00215155) in the past, however, customer is noticing not all users have access. Example users are Mike Gibson (mike.gibson@netdocuments.com) and Mike West ( mike.west@netdocuments.com). Please help troubleshoot if necessary",n/a,Low,Jason Parawan,Jason Parawan,"4/17/2025, 4:59 PM",0,Configuration,Other,3,1.001388889
,220665,Aviatrix.com,Whitelist & Create First User - Aviatrix,"This new logo account has just signed. Please check Subscription Start Date ""April 18, 2025"" and if within 2 weeks of todays date, proceed with whitelisting the account domain, update Clari org ID field under Clari Adoption snapshot in SFDC, and confirm whether they have already been added based on POC. If Subscription Start Date is greater than 2 weeks, then update the Requested Completion date to 2 weeks prior to Subscription Start Date. New logo account website for domain is ""www.aviatrix.com""",Apr 22: Org and user created,Low,Pooled CSM,Dawn Perkins,"4/18/2025, 11:30 AM",4,Configuration,Other,94,29.70055556
,220688,Lucid Software,Creating New Forecast Tab and Snowflake Integration,"Hi Clari team,

We would like to build a new forecast tab for CS forecasting. With this new tab, we would also like to add another Snowflake integration to our instance that will be pulling in relevant CS-related fields, alongside traditional Salesforce fields. My understanding is this will require specific Clari support to create a new tab with Snowflake integrations included. When can we meet with the relevant team to get that started?

Thanks,

Michael",The data is ingested from the new table and the new mode is also created.,Low,Alison Quartironi,Michael Gibbs,"4/18/2025, 3:14 PM",19,Integrations (Clari),Other,463,210.7519444
,220701,Checkmarx,Creating Custom Filters,"Hi, is is possible  to create these custom filters?
1. For 'close date' - Next 4 Quarters
2. For 'created date' -2 Qaurters Ago

Thanks","Root Cause:
Default filters did not meet specific reporting needs related to quarterly timeframes.

Resolution:
Implemented custom date filters to align with customer’s planning and reporting requirements.",Low,Toni Pang,Lala Djafarov,"4/20/2025, 4:44 AM",1,Configuration,Forecast - Update,21,0
,220775,Wrike,Forecasting custom closed formula,"Hi Support,

We need to add a custom closed formula to Wrike's Churn Forecast (CSM) tab. Essentially closed needs to encompass both closed-won & closed-lost deals to track churn on both won and lost deals.

forecast tab: Churn Forecast (CSM)

Custom closed formula
Closed = Closed-won & closed lost

Columns - Quarter
ARR with Rollover
Quarter Churn Most Likely
Quarter Churn Best Case
Churn Actuals (closed) - qtr
Churn Total (Open+Closed+Rollover) - qtr

Columns - Month
ARR with Rollover
Month Churn Most Likely
Month Churn Best Case
Churn Actuals (closed) 
Churn Total (Open+Closed+Rollover","24-04-2025: 
Followed up with the customer on the requirement changes
Closed the case as it was confirmed by the customer

22-04-2025: Updated the columns with closed custom columns as per the given requirement

22-04-2025: Approached the customer t",Low,Alex Ertel,Alex Ertel,"4/21/2025, 11:00 AM",2,Configuration,Forecast - Update,61,38.98861111
,220821,Perceptyx,Can't modify forecast query,"Hello, whenever I modify the query for the  ""Renewal Commit"" column in our forecast, the exact same changes are also applied to the ""Renewal Forecast Call"" Column. Are these columns linked in some way? The same issue applies to the ""Expansion Commit"" and ""Expansion Forecast Call"" columns in the same forecasting tab. The forecast tab in question is the ""Renewals & Expansion"" 

We would like these columns to have unique queries, please advise, thank you!

Screenshot attached with the affected tab","28-04-2025: Followed up with the customer

25-04-2025: Requested the customer for confirmation to close the case

23-04-2025: I’ve assigned a unique formula ID to each of the specified columns as per the customer requirement.

22-04-2025: Requested ",Low,Alex Ertel,Sean Berg,"4/21/2025, 2:19 PM",7,Configuration,Forecast - Update,175,83.67583333
,220855,Tungsten Automation,Additional Fields to the Pipeline Pillar Tab,"Hello,
Can you please add 4 new formula fields to the Pipeline Pillar forecasting tab?  The fields are outlined in the attached document.
I will move them to their respective locations once created.","24-04-2025: Closed the case as it was confirmed by the customer

23-04-2025: I have added calculation column to the  Pipeline Pillar Tab as per the given requirement",P3,Caitlin Stone,Tamim Aziz,"4/22/2025, 4:01 AM",1,Configuration,Forecast - Update,42,29.98194444
,220874,LiveView Technologies,Update Forecast Tab,"1 - On the forecast tab LVT Renewal Forecast (All), we want to change the date field for which all the columns aggregate from Close Date to Renewal Date. Field Label: Renewal Date, Field Name Original_Due_Date and API Name Original_Due_Date__c.

2 - On the forecast tab LVT Renewal Forecast (All), for the column Quarterly Closed Lost, we want to exclude any opportunity with a Closed Lost reason of Duplicate. Field Label: Loss Reason, Field Name: Loss_Reason, API Name Loss_Reason__c. Picklist value = Duplicate Opp","24-04-2025: Closed the case as it was confirmed by the customer

23-04-2025: Approached the customer to make use of Self Service Config Feature and informed regarding the Field load status in clari",Low,Christopher Williams,Sam Bowley,"4/22/2025, 7:07 AM",1,Configuration,Forecast - Update,39,26.87888889
,220931,Calabrio,Updates to Filters on Forecast Module,"HI there, in the forecast module for OPEN the following should be the filters:
- Forecast Category: Commit & Most Likely
- Stage: 1-Discovery, 2-Qualify, 3-Validation, 4-Gain Business Commitment, 5-Manage Procurement","Root Cause:
Misunderstanding around how OPEN opportunities are handled in the Forecast module—expectation was that filters could be directly applied.

Resolution:
Clarified that OPEN opportunities are shown unfiltered by design, and recommended using ",Low,Nico Alvarez,Corin Single,"4/22/2025, 9:47 AM",2,Configuration,Forecast - Update,59,40.20833333
,220929,Mirantis,New tab creation,"Clone the renewals - CSM tab to create a new tab.  
Name - Renewals - Account Owners
All the columns and the filters should be the same. The only change is the mode.
Instead of the CSM mode, use the ""Account Owners""
ModeID - accountowners","Root Cause:
A new user group (""Account Owners"") requires the same view as CSMs but filtered specifically for their mode.

Resolution:
Duplicated the existing CSM tab and switched the mode filter to ""accountowners"" to create a separate view without aff",Low,Christopher Williams,Janhavi Wagle,"4/22/2025, 9:38 AM",1,Configuration,Forecast - Update,34,24.35166667
,220980,"CrowdStrike, Inc.",Update to Weekly Forecast Tab,"For the forecast tab: ""Weekly Forecast - WIP"", could you please add in the following columns under Month 1, Month 2 and Month 3?

Expected to Close 
ML MGR Judge Deals Checked In

These columns already exist in the weekly view",Duplicate weekly column for month period,Low,Lyuda Rogers,Samra Ahmed,"4/22/2025, 1:19 PM",1,Configuration,Forecast - Update,34,20.67138889
,220975,"Qualtrics, LLC","Forecast Update | Software Forecast (NEW) to include ""EDGE""","Forecast Update | Software Forecast (NEW) to include ""EDGE""","Update Software Forecast (NEW) to include ""EDGE"" for the Line of Business Field for Quota field",P3,Cortney Fickey,Alexander Nguyen,"4/22/2025, 12:55 PM",0,Configuration,Forecast - Update,0,0.023055556
,220981,"F5, Inc.",Clarification on Forecast Module Columns and AI Deal Tracking,"Hi Team,

Could you please help clarify the logic behind each of the following columns found in the Product section of the Forecast module?
* Product Bookings
* Point Solutions Closed
* XC Platform-based Closed
* NGINX Closed

I’m trying to understand which fields or references are used to automatically calculate these metrics, particularly for these Closed columns, as we’re  exploring the possibility of adding new columns to track AI-related deals, such as:
* AI Closed
* AI Pipeline
* AI Pipeline Coverage

Best regards,
Alvaro Lepe",Provided the Forecast configuration with the customer,Low,Alison Quartironi,Alvaro Lepe,"4/22/2025, 1:51 PM",2,Forecasting,Export,36,20.28527778
,221110,Affinity co.,Affinity Co - Requesting Reps can see renewals,"Hey team - I met with Affinity today and they are working on their forecast tabs. When looking at their NB and Upsell tab you can see that Jeff Poczatek (CRO) has access to see the option to group by NB, Renewal and Upsell. All other reps and managers can only group by and see NB and Upsell opps. Can someone help in giving all managers and reps the access to see renewals in addition to NB and Upsells? 

This could be because CSMs are the renewal owners but I confirmed that the AE's are on the opp level in two places. 

1. Primary User (User field()
2. Territory Sales Field (String field)

Let me know how they can have those renewals roll up to each rep based on the info above!

Thank you,",In Progress,Low,Christopher Williams,Christopher Williams,"4/23/2025, 10:13 AM",8,Configuration,Forecast - Update,205,103.7691667
,221105,Zendesk,Help Adjusting Forecast Queries,"Hello,

Can you please add the criteria AND Opp Stage cannot be ""Closed Lost"" on the following columns

Partner Forecast Tab
1. Worst Case
2. Forecast
3. Best Case
4. New Business Forecast


Also, We are wondering where ""Deal Size"" Comes from in the expanded deal view from the forecast tab. We are seeing very incorrect values and would like to not see this Deal Size filed but instead our normal Total Commissionable ARR field

Thank you!","30-04-2025: Closing the case as there is no response from the customer

28-04-2025: Followed up with the customer

25-04-2025: Followed up with customer

24-04-2025: Approached the customer to make use of Self Service Config feature",Low,Chris Hughes,Mackenzie Menotti,"4/23/2025, 9:57 AM",6,Configuration,Forecast - Update,156,72.03361111
,221100,Causeway Technologies,"Make ""Total Pipeline Target (2.5x Quota)"" Editable","Hi team, 

Please change the ""Total Pipeline Target (2.5x Quota)"" field (in Forecast) from a formula to a regular editable field. We no longer need the formula and want to enter our own figures. Or do we just delete and add a new non calculation field? 

Let us know how best to proceed.

Thanks!

Deima","Root Cause:
Formula-based fields in Forecast are not directly editable. The customer no longer requires the calculation and wants the flexibility to enter values manually.

Resolution:
Advised the customer to delete the formula-based column via the ""A",Low,Said Mussa,Deimante Valentinaviciute,"4/23/2025, 9:44 AM",5,Configuration,Forecast - Update,114,41.5775
,221114,Cisco Security & Collaboration (S&C),Add Sub Business Entity & Last Stage Change Date fields,"Hi team, this is related to case 00218378 - Clari support advised the fields Sub Business Entity and Last Stage Change Date could not be loaded because the Clari integration user needed to be granted access to the fields in SFDC. Prashanth from our Salesforce team advised that the fields are already visible to the Clari integration user. What do we need to do to pull these in to Clari?","the fields are already loaded, no action needed",P3,Matthew Colangelo,Maya Graue,"4/23/2025, 10:36 AM",14,Configuration,Field Config - Update,333,157.1183333
,221125,"Riverbed Technology, Inc.",Account Owner Forecast,"Need to add 3 new columns
1) Upfront Forecast ENTRY
2) Renewal Forecast ENTRY
3)Total Forecast (SUM 1+ 2) with possibility of overrides.","02-05-2025: Closed this case as there is no response from the CSM

29-04-2025: Requested confirmation from the customer to close the case

28-04-2025: Followed up with customer

25-04-2025: I’ve created the 'Upfront Forecast' as a reference column t",P3,Ari Henck,Lucia Devide,"4/23/2025, 11:35 AM",8,Configuration,Forecast - Update,202,102.4133333
,221158,"F5, Inc.",Request to Add and Update AI-Related Columns in Forecast Module,"Hi Team,

Could you please help me with the following updates in the Forecast module under the Product section?

1. New AI-Related Columns. Please add the following columns:
* AI Closed
* AI Forecast
* AI Pipeline
* AI Pipeline Coverage

Note: You’ll find the corresponding formulas in the attached Excel file — I've highlighted the differences (versus similar existing columns) in green for quick reference.

2. Existing Columns. Update the following two columns to include AI-related data:
* Product Bookings ? Include AI Closed in the calculation
* Forecast ? Include AI Forecast in the calculation

3. Column Order Reference:
* The second sheet in the attached file contains a simple mockup showing the desired order of the new and existing columns for consistency.

Thanks so much for your support on this!

Best regards,
Alvaro Lepe","I've created the new AI columns, adjusted the Products Bookings and Forecast columns as per the provided configuration.",Low,Alison Quartironi,Alvaro Lepe,"4/23/2025, 5:43 PM",10,Configuration,Forecast - Update,225,112.2736111
,221154,Advarra,Need new quota column on Sales Attainment Tab,"Hello,

Recently we made a new mode called indirect opp mode for Advarra. We want to be able to track the attainment of reps deals where they are the indirect opportunity owner for the IC - which is the field opportunity.client_executive_sponsor__c

That's the owner field for the Indirect Opp mode so it should populate if you just create the quota for that mode, but it's something unique so I wanted to call it out.

Here's the fields for the quota field needed in the Indirect Opp Mode. We should know if it's right if it has different values than the quota already populating in the Sales Attainment tab's quota column.

Scope is ""Owned By Me"" (this is that opportunity.client_executive_sponsor__c) AND 'EA Consumption' is not ""Checked"" AND 'Close Date' is ""__CLARI_FORMULA_DATE_RANGE__"" AND 'Deal Status' in [""Closed-Won""] AND 'Record Type Name' in [""IRB"", ""IBC"", ""EAC"", ""DMC"", ""Study Collaboration"", ""Consulting"", ""Protocol Optimization"", ""Technology""] AND 'Opportunity Type' in [""Exis","Root Cause:
The existing Sales Attainment setup did not support tracking quotas based on indirect ownership, which is critical for Advarra's reporting needs.

Resolution:
Created a new quota with the following scope/filter logic:

Owned By Me = oppo",Low,Matthew Mcginley,Matthew Mcginley,"4/23/2025, 4:04 PM",10,Configuration,Forecast - Update,224,113.9322222
,221162,Hewlett Packard Enterprise,Update Forecast Config,Please create 5 new forecast tabs per the attached workbook and opt in Alain Carpentier. I'll attach the workbook as an excel. Thank you!,Apr 24 : Requested changes implemented,Low,Stephanie Ervin,Stephanie Ervin,"4/23/2025, 9:09 PM",5,Configuration,Forecast - Update,122,48
,221367,OneTrust,POC ETM Migration,"Need to have Territory2id added to opportunity filterable to continue ETM configuration.

o - 3408
u - 527191

**we can disregard this case we were able to resolve it**",,Low, ,Brett Evans,"4/24/2025, 6:51 AM",0,,,16,11.14638889
,221381,Impact,Add CRO role query to all columns,"Hi there, I just turned the user "" justin Morrison"" on the new role you guys had created for CRO and noticed you had not added CRO role query on all preexisting columns. These now show as blank. I cannot edit it unless i recreate the columns and I do not think I can even recreate all columns. Could you please add CRO to all columns with the relevant queries? E.g. the CRO role cannot see closed won etc.","Root Cause:
CRO role was newly created but not retroactively applied to existing forecast column configurations.

Resolution:
Added the CRO role to all relevant forecast columns. Requested customer to specify query conditions or visibility settings ne",Low,Sarah Fagan,Clara Mantegazza,"4/24/2025, 7:51 AM",5,Configuration,Forecast - Update,118,45.86833333
,221397,Elsevier Limited,Research Workflow Solutions - NB Recurring tab not filtering correctly.,"The Research Workflow Solutions - NB Recurring forecast tab is not narrowing down the products int the expanded grid as per the products in the query filters, it is showing everything.

this goes for all the columns in that tab.",Apr 25 : Requested changes implemented,P3,Toni Pang,Graham Knight,"4/24/2025, 9:15 AM",1,Configuration,Forecast - Update,21,13.34138889
,221427,ActivTrak,Need to create a composite field on a forecast tab,I am building out a new forecasting tab and I need to build a composite column that adds two reference cells together. I don't see composite as an option when building a new column. How do I go about building that?,"Root Cause:
Clari Forecast configuration UI does not support creation of composite columns directly.

Resolution:
Advised the customer to complete the tab setup and confirmed that the composite column can be added via backend configuration.",Low,Pooled CSM,Zachary Bennett,"4/24/2025, 11:19 AM",13,Configuration,Forecast - Update,301,134.6827778
,221515,"Claroty, Inc.",How do I add a Year column for Quota to my new Pipe Gen forecast tab?,"Hey Clari Support Team,

I've just created my first forecast tab ""Pipe Gen (WIP)"" and I'm wondering how I can add a Year quota column like we have in our New ARR tab.  Is this something I can do on my own or do you have to handle this on your end?  When I attempted to create it myself I only see Quarter, Month, and Week options.","30-04-2025: 
1. I have created calculation columns as per the given requirement
2. Closing the case as confirmed by the customer

29-04-2025: Clarified the query raised by the customer.

28-04-2025: Approached customer to make use of Self Service Co",Low,Christopher Williams,Lance Werling,"4/25/2025, 7:01 AM",5,Configuration,Forecast - Update,120,47.57611111
,221533,Canto,Create a New Forecasting Tab,"Hi Support,

Please create a new forecasting tab based on the requirements here: https://cantosoftware-my.sharepoint.com/:w:/g/personal/noliveri_canto_com/EVJnV2swtl9Jkzh72FDEEq4BjO0K0DbJ6D6htfoVd7G-YA?e=9tIF8W

Please let me know if you need any additional clarification.

Best, 
Megan","15-05-2025: Closing the case as there is no response from the customer.

14-05-2025: Followed up with the customer

12-05-2025: Followed up with the customer

07-05-2025: Connected with the customer via call and provided a solution to the reported i",Low,Pooled CSM,Megan Jacobson,"4/25/2025, 8:32 AM",19,Configuration,Forecast - Update,469,217.4652778
,221551,Dtex Systems,Create New Forecast Tabs,"Spoke with Jerry and Samuel on this regarding getting new forecast tabs.

A Channel Team Tab and a Federal Team tab.  We can start with the Channel team one and then replicate for the federal team.

We want the exact same view and columns from the ""New ACV Forecast"" tab.  However the only team and users associated with this are:
-Marc Kitrell and his team (Zack Edmunds, Tara Tomei, Phil Waugh)

We will need to remove this team from view on the all other tabs except this Channel Team forecast tab.",-,Low,Pooled CSM,Jayce Tong,"4/25/2025, 9:39 AM",13,Configuration,Forecast - Update,310,141.8483333
,221561,EnterpriseDB Corporation,Update Forecast,"Hi 
We want to update the Forecast tab "" In Quarter Renewal ARR""
In each column, we need to add a filter to each field: ""Renewal Population 2025"" = TRUE.

I have added a field, but it's showing in progress.
Can you first add to the ""pipeline"" column before we update all the columns?","Root Cause:
The forecast tab ""In Quarter Renewal ARR"" required a filter on each column of the ""Renewal Population 2025"" field to ensure accurate data processing and reporting.

Resolution:
The necessary filter has been applied to the ""Pipeline"" column",Low,Alex Ertel,Archana Ranjan,"4/25/2025, 10:13 AM",13,Configuration,Forecast - Update,309,141.0111111
,221713,Eptura,Quarterly Composite Column,"Hi team, can you please create a column in forecasting that is a quarterly sum of months 1, 2, & 3?",n/a,Low,Sarah Fagan,Sarah Fagan,"4/28/2025, 10:44 AM",0,,,2,1.980555556
,221690,"Alkira, Inc",Please update/Add 3 fields into Opportunity Inspect from SFDC,"We made a change to 3 fields in SFDC and now they are not showing up in Clari.  Please add these 3 fields to the backend of clari:
1) SE changed to SELookup_c , 
2) SA to SALookup_c 
3) SE Overlay is now SE_OverlayLookup__c
 
these fields changed from Picklist to User Lookup fields","Root Cause:
Field type changes (from Picklist to User Lookup) in SFDC were not synced automatically with Clari’s backend, causing the updated fields to not load properly.

Resolution:
The updated fields were manually added to the Clari backend and are",Low,Pooled CSM,Sandra Cleveland,"4/28/2025, 9:11 AM",1,Configuration,Field Config - Update,37,24.80388889
,221704,Harbor Solutions,Quota column in forecast tab,"I would like a quota column created in the forecasting tab under:

New Business (One-Off GP)

In order to create the quota column:
-	Amount Field – One Off GP
-	Scope: sales
-	Date: April 1st – June 30th
-	Type: uplift, new business

I would then like to combine the following 2 tabs in forecasting into a single renewals GP tab.
Combine: Renewals Annual GP and Renewals one off GP to Renewals GP

Change would be amount field would be both annual GP and one off GP
Type: renewal

I hope this request makes sense….
Thanks
James",--,Low,Pooled CSM,James Connelly,"4/28/2025, 9:48 AM",16,Configuration,Forecast - Update,377,185.2163889
,221689,"Riverbed Technology, Inc.",Acceleration Seller Forecast Tab,"Hi there!

Riverbed would like to clone the existing Account Owner Forecast tab, and create a new tab called ""Acceleration Seller Forecast."" The only difference between the tabs is that anywhere the column was set to ""Account Mode"" will now need to be on ""Acceleration Seller Mode."" The ownership field in the correlating queries should also use ""opportunity.account.executive_sponsor__c "" to match the new mode.

I have reflected the required cahnges in the linked requirements sheet. Thanks!","06-05-2025: Closed the case as confirmed by the customer

05-05-2025: Followed up with the CSM

02-05-2025: Followed up with the CSM

29-04-2025: I’ve created the new tab 'Acceleration Seller Forecast' as the replica of 'Account Owner Forecast' tab ",Low,Ari Henck,Ari Henck,"4/28/2025, 9:06 AM",7,Configuration,Forecast - Update,180,88.88361111
,221729,"Island Technology, Inc.",Assistance with Clari,"The customer has a question about Clari: I need to decouple a composite field from the forecast, specifically the ""High"" field so that I can delete it from the month group",Customer will be handling this internally,Low,Sarah Fagan,Thatcher Reisman,"4/28/2025, 11:46 AM",3,Configuration,Forecast - Update,83,54.21777778
,221721,Instructure,"Two issues 1) Missing data for ""Generated"" column in Pipe Gen tab 2) Need ""Generated"" to be the default tab","Hello,

I hope you’re doing well. I’m reaching out because I am experiencing a couple of issues that I would appreciate your help resolving as soon as possible:

Missing Data in ""Generated"" Column -- In the ""Forecast"" space, under the ""Pipe Gen"" tab, the ""Generated"" column is currently not displaying any data (please see the attached screenshot for reference).  The expectation is that the ""Generated"" column should show the same values as what is currently shown in the ""Total Pipe Gen"" column. Could you please investigate and help populate the ""Generated"" column accordingly?

Duplicate Columns: ""Generated"" and ""Total Pipe Gen"" -- At the moment (or at least before the issue above), the ""Generated"" and ""Total Pipe Gen"" columns are displaying the same numbers, which is creating confusion and redundancy. To simplify and avoid duplication, could you please remove the ""Total Pipe Gen"" column? Moving forward, I would like the ""Generated"" column to be the sole source of truth for pipe generatio","Root Cause:
The ""Generated"" and ""Total Pipe Gen"" columns were pulling the same data, causing redundancy. Additionally, the ""Generated"" column was initially not showing data due to a missing data binding/mapping.

Resolution:
Mapped the ""Generated"" col",Low,Nico Alvarez,Jorge Pradilla,"4/28/2025, 11:10 AM",1,Configuration,Forecast - Update,19,11.48388889
,221726,Barracuda,Barracuda | Forecasting Changes (April 28th),"Pipeline Creation Tab

Current Incorrect Configuration:
The Pipeline Creation tab is currently showing incorrect totals that include MSP Growth values that should be excluded
MSP Total incorrectly displays 7M, which combines:
MSP New: 3M (correct component that should be included)
MSP Growth: 4.2M (component that must be excluded)
Total Pipeline Creation incorrectly shows 61.6M, which is calculated as:
Sell Through New (54.1M) + MSP Total (7M)

Required Changes:
MSP Total Calculation Modification:
Redefine MSP Total to include ONLY MSP New (3M)
Remove MSP Growth (4.2M) entirely from this calculation
The backend query/formula must be modified to stop including MSP Growth values

Total Pipeline Creation Formula Correction:
Current incorrect formula: Sell Through New + (MSP New + MSP Growth)
Required formula: Sell Through New + MSP New
Correct calculation: 54.1M + 3M = 57.1M

Technical Implementation Requirements:
Modify backend database queries that generate the MSP",Closing the case as NOELL resolved it over the call with the customer,Low,Chris Hughes,Chris Hughes,"4/28/2025, 11:25 AM",7,Forecasting,Config Discrepancy,164,76.33555556
,221762,Hewlett Packard Enterprise,Forecast Config Update,Can you please update the Deal Based + Won Column in HPEN Products & Services tab to match the sum of the two columns Won and Deal Based? https://docs.google.com/document/d/1yGyTJTu530KBwRwvYrQeW8Fk9qY_AqJGK4dZARcQv7c/edit?usp=sharing,we have updated the column filter such that its a combination of closed and deal columns,Low,Stephanie Ervin,Stephanie Ervin,"4/28/2025, 2:45 PM",1,Configuration,Forecast - Update,14,6.390277778
,221754,ChargePoint,Please add a trackable input column,"We are looking to add a manual input column to track the weekly ""forecast call"". See attached screenshot of what we need. Column will be called ""Top Down Forecast (Sales Ops Only)""
If possible, we would like to restrict edit access to this column to Sales Ops users, but okay if that is not possible.
I also expect that Clari will capture how this input changes weekly (Thursdays) so we can view the weekly changes in Pulse.","06-05-2025: Closed the case as there is no response from the customer

05-05-2025: Followed up with the Customer

02-05-2025: Followed up with the Customer

29-04-2025: Approached the customer to make use of Self Service Config Feature to create new",Low,Jason Parawan,Sarah Page,"4/28/2025, 1:59 PM",7,Configuration,Forecast - Update,175,84.00694444
,221767,Synopsys Inc.,"Synopsys GTM Clari Sandbox - Org ID 2749 - Hide ""N/A"" columns from users","Hello Clari Support,

Is there a way we can hide Attainment column, and not make them visible to users without losing functionality? 

Please see attachment, the column is highlighted in red.

Thank you in the advance for evaluating this.",Zeroed out all the attainment columns of the Quotas in both Sandbox and production,P3,Marina Addonizio,Carol Cabezas,"4/28/2025, 3:56 PM",20,Configuration,Forecast - Update,488,226.0619444
,221882,Immersive Labs Corporation,New Forecasting Section,"Hi there,

I wanted to ask a potential question around forecasting. I was hoping to get a new forecasting section called account engagement. The idea being, you could see what activities have been done on accounts, as well as the account engagement metrics within our account owner mode. My question is, Are these screenshots able to be 'recreated' as such in the forecast section as 'read only' columns. Basically I'd want to be able to see on a quarterly basis our account activity & engagement by rep. Obviously the hierarchy would work out similar, just not sure it's technically possible within the system.",the request is not achievable,Low,Caroline McCarthy,Frederick Knowlton,"4/29/2025, 7:27 AM",1,Configuration,Forecast - Update,29,20.56333333
,221918,"Asana, Inc",How do you update the Coverage Formula in Forecast Config?,"Subject says it all- the radials are greyed out, but I'd like all the pipeline columns in the 'AI Studio vs' tab to be Coverage / [Quota- Closed].  I notice it's greyed out in other tabs as well.","06-05-2025: Closed the case as there is no response from the customer

05-05-2025: Followed up with the customer on the columns creation

02-05-2025: Followed up with the customer on the columns creation

30-04-2025: I’ve updated the coverage formul",Low,Lizzie Rupp,Hans Hoffer,"4/29/2025, 9:34 AM",6,Configuration,Forecast - Update,156,72.42916667
,221912,Clari House Account,Internal Clari Help: Issue with Validation Rules,"Hi there! Our team recently submitted this to us:

needs to be added to validatiion rule fields when changing from S0 to S1.  In Clari it comes up with 50+ approx fields to update.  I have to use SFDC to update deal persona and products as I cant do it in Clari

I've heard from many that are experiencing the same issue with our validation rules including fields to update that aren't actually a part of the validation rule, and excluding some fields that are. Could we take a broad look at our validation rules and make sure they're set up appropriately in Clari?

Thank you!",attaching the export of VRs,Low,Jessica Starr,Amanda Bevilacqua,"4/29/2025, 9:05 AM",7,Configuration,Validation Rules - Update,163,75.39055556
,221930,Ardoq,Change toNet Retention Forecast Formula,"Original: = ( Up for Renewal + Churn Base + Expansion Base Case )
New = = ( Up for Renewal + Churn Base + Expansion Commit )","Root Cause:
Incorrect formula reference – the column was originally referencing Expansion Base Case instead of Expansion Commit.

Resolution:
Updated the calculation formula to = (Up for Renewal + Churn Base + Expansion Commit) and validated it with t",Low,Rohit Agarwal,Benjamin roach,"4/29/2025, 10:17 AM",2,Configuration,Forecast - Update,46,30.25805556
,221925,Lucid Software,Remove Field From Forecasting,"Hi Clari team,

I submitted a similar case to this previously, and I wanted to revisit it. Can you please remove the ""RETIRED CPQ Year 1 Quota Relief Master"" field from all areas where it is in our forecasting module? We do not use this field anymore.

Thanks, 

Michael","May 2 : Field removed from the forecasting module

May 5 : Field removed throughout Clari",Low,Alison Quartironi,Michael Gibbs,"4/29/2025, 10:12 AM",6,Configuration,Forecast - Update,157,71.78861111
,221936,Lucid Software,Delete Saved Views,"Hi team,

Can you please delete the following views from our Clari instance?

APM Quarter Open Amendment Pipeline
APM Month Walk In Pipe
Renewals This Quarter
CS Renewals this FQ
FY26 Renewals
APM Quarter Open Renewal Pipeline
Tom Pipe >0
Kai's deals
Quarter
All Open Pipeline
Dean Pipe overview
Kassy Open Opps
All Open Pipeline
Isa's Opps
10K + deals created this month
Rubie's View
FY 26 Opps with > 0 $QR
Chris - standard view
Juan's opportunities
NT Price Increase Pipe
NT Current FY Pipe
LM - Quarterly Pipe
RT FY Pipeline
CM: Yr 1 Quota Relief
My Opps
FQ Pipe
All Open Pipeline
10K + deals created this month
CQ: Year 1 Quota Relief
McClain's Total Pipeline
Total Open Pipeline FY25
All Amendment + New
CM: ENT NL G2000 Land Deals
Amendment Opps
Renewals
Opps
Kevin's Opps (Renewals Filtered)
FY 26 Opps with > 0 $QR
CM: Open Renewal Pipeline
Renewals
CM: ENT NL F500 Land Deals
GTM CM: CW+Pending Renewal Opps
Jon's Open Opps
Dean Create&Close Report
Pipeline Generated CY
CC HOMEPAGE v1
My O",Customer able to delete saved views through saved views management in studio,Low,Alison Quartironi,Michael Gibbs,"4/29/2025, 10:40 AM",6,Configuration,Saved View - Update,135,55.32777778
,221979,Zendesk,Help creating calculation columns and editing existing ones,"Hi - Please help create the following columns in Orange/bold and update the queries in Red as I am not able to update them myself. Thank you.

Al on the partner forecast tab. Fields we look to are total commissionable ARR. 

Thank you","Root Cause:
Customer was unable to make the formatting and formula updates themselves due to access or permission limitations.

Resolution:
Required columns were added with specified formatting, and queries were updated accordingly. Screenshot was sha",Low,Chris Hughes,Mackenzie Menotti,"4/29/2025, 1:21 PM",9,Configuration,Forecast - Update,225,116.6341667
,221997,LiveRamp,Forecasting: Delete Column,"Hi Team - 

For the US_Subs Bookings [G] forecast tab, please delete the Forecast Submit (Forecast Entry) column. Clari config will not allow me to do this for some reason.

Thanks,
Drew","06-05-2025: Closed the case as there is no response from the customer.

05-05-2025: Followed up with the customer on column deletion.

02-05-2025: Followed up with the customer on column deletion.

30-04-2025: Requested clarification from the custom",Low,Nico Alvarez,Drew Esterberg,"4/29/2025, 2:42 PM",6,Configuration,Forecast - Update,150,67.29916667
,222007,Nozomi Networks,enable tiebreakers,can you please enable all the tiebreakers for capture as we are seeing a lot of activities not syncing. thanks!,the tie breaker is already enabled,P3,Sarah Fagan,Balrit Singh,"4/29/2025, 3:53 PM",7,Configuration,Capture - Update,157,68.59666667
,222141,Highspot,"""Renewal"" mode troubleshooting/changes","Hi team,

I was trying to change the Owner field on the ""Renewal"" mode to ""Opportunity.Account_Manager__c"". It's available to select and lets me select but then after I save it jumps back to the ""opportunity.account_manager__r"" field again. 

Can you please change this for us?

If the above is successful, can we replace the mode on each column in the ""Churn"" tab from ""Account Owner"" mode to ""Renewal"" mode? Thank you!","Root Cause:
The system uses __r for referencing relationships, while __c is displayed in the UI. This causes the field to reset after saving.

Resolution:
Clarified that the field is pulling correctly and explained the system behavior.",Low,Lyuda Rogers,Lyuda Rogers,"4/30/2025, 11:51 AM",6,Configuration,Forecast - Update,135,54.55666667
,222142,Tropic,Two New Forecast Tabs,"Hello,

I'm hoping to get two new forecast tabs built out. There are near replicas of a tab we already have built (Renewal Forecast - Total), but have one piece of additional logic included, which can be found in the spreadsheet tabs. The quicker these tabs can get built the better. Appreciate the help.

Best,
Matt",--,Low,Pooled CSM,Matt Levantin,"4/30/2025, 11:52 AM",9,Configuration,Forecast - Update,208,103.5888889
,222149,"Rimini Street, Inc.",Forecast Splits,"Hi team - the customer encountered that their 'yearly attainment' tab in forecasting is not taking into consideration the proper opportunity splits. Can we ensure this is configured here?? Should be similar to how the Forecast is built. The customer gave the user example of Chris Dunn not pulling accurate numbers -neglecting opportunities they fully own. 

impersonation: Jason Hawkes 
 jhawkes@riministreet.com","Root Cause:
The original tab was being modified to reflect one view (e.g., with splits), which would remove access to the previous data format.

Resolution:
Created a new tab titled ""Yearly Attainment - Splits"" to preserve both views, allowing users t",Low,Andrew Seymour,Andrew Seymour,"4/30/2025, 1:06 PM",15,Configuration,Forecast - Update,367,180.8936111
,222185,Sysdig,delete these 6 fields,Please see the attached email,"Root Cause:
Unnecessary or outdated fields were still present in the saved views and forecasting configurations, possibly causing confusion or affecting reporting accuracy.

Resolution:
The 6 mentioned fields have been successfully removed from the re",Low,Elizabeth Stoughton,Janhavi Wagle,"4/30/2025, 5:33 PM",12,Configuration,Saved View - Update,292,128.4425
,222183,"Quorum Business Solutions, Inc.",New Stage Not Showing Up,Quorum recently created a Pre-Discovery stage but they don't see it in Stage Outcome Mapping in Studio. Can you tell me 1. why it isn't there? and 2. if it's currently mapping anywhere like Closed Won or Closed Lost?,n/a,Low,Tyler Jass,Tyler Jass,"4/30/2025, 5:23 PM",5,Configuration,Other,108,36.40166667
,222188,Gigamon,Forecast,"Need help publishing forecast tab, pls schedule call if possible in next couple hrs.","19-05-2025: Awaiting response from the customer

15-05-2025: Provided clarification for the query raised by the customer.

14-05-2024: Informed the customer that who made changes to opt-ins across the organization on May 5th and 6th.

08-05-2025: Fo",Low,Amanda DeLuise,Sahiba Babbar,"4/30/2025, 9:00 PM",19,Configuration,Forecast - Update,456,208
,222195,Cloudera,PS Revenue Forecast: 2 Questions - Reorder Field & Add new object to lookup,"Hi Team,

I have two asks.

Firstly, we are trying to re-order our PS Revenue Forecast fields by hiding some existing ones and adding new ones.

I am receiving the error when trying to remove True Revenue Date and Adjusted Revenue Date from our PS Revenue Forecsat Forecast Expanded Grid view - these are system based fields for calculations only and should be in the backend only ''1 field (s) cannot be removed. These 1 fields) are used in critical paths throughout the product, additional action is needed to remove these fields). Use the export to understand how to move forward.''

Secondly, we have some fields from a related object that we want to add to this view. Currently I believe this mode only looks up to 'Project Detail' object. Is it possible for us to also like the 'Project__c' object on here? There are two fields we need to add to the layout from this object, 'SOW Expiration Date' & 'Project Stage'. 
Project Detail is a child object of Project.

Any questions, let me know.

Th","we have removed both ""True Revenue Date"" and ""Adjusted Revenue Date"" from Expanded grid view.
we have added both 'SOW Expiration Date' & 'Project Stage' field to grid, filterable, groupable and expanded grid.",Low,Cortney Fickey,Sean Murphy Phelan,"5/1/2025, 2:30 AM",13,Configuration,Field Config - Update,315,147.0836111
,222214,Black Duck Software,Black Duck - Forecast Tab Visibility Changes,"Hi There - Black Duck (1190) recently created new Forecast tabs. The only thing changing is the tab visibility for these users. Please work off the ""changes"" tab in the sheet below where it includes their information and the new tabs they should have access to. 

There is cut off date/time of Friday May 2nd 5:00 EST.

Please cc: sordillo@blackduck.com with any updates/questions. 

https://docs.google.com/spreadsheets/d/1NS4Vjrh2d7Wk4KgZCmh1vZrNyyY9Opcq/edit?usp=sharing&ouid=104455800776363293672&rtpof=true&sd=true",we have updated the forecast access,Low,Marina Addonizio,Marina Addonizio,"5/1/2025, 7:07 AM",1,Configuration,Profile - Update,26,17.63
,222265,Tealium,Add Column to CSM Summary Tab,"Hi, I want to add a column to the CSM Summary tab:

Column Name: Churn $
Calculation: (Eligible Revenue - Gross Revenue Retained)
Mode: CSM Mode

Please let me know if you have any questions or need additional details.","Root Cause:
The column was not initially present in the CSM Summary tab, which limited the customer's ability to directly track churn values derived from revenue metrics.

 Resolution:
Added the ""Churn $"" column using the specified formula and mode. T",Low,Amanda DeLuise,Ruth Manuel,"5/1/2025, 10:34 AM",3,Configuration,Forecast - Update,85,23.42638889
,222261,Highspot,"Forecast tab ""Churn"" mode change","Hi team,

Can you please help to update the mode on the ""Churn"" tab (all columns) from ""Account Manager"" mode to ""Renewal"" mode? 

There was some miscommunication with the build/change team on this, and now they are offline. The customer needs this fairly urgently. Thank you!",,Low,Lyuda Rogers,Lyuda Rogers,"5/1/2025, 10:10 AM",1,,,16,8.008888889
,222282,AppViewX,Update formula field,"Hi Team, 

Please update the formula for ""Build"" in ""New Business"" forecast tab. 

Formula = Commit + Expected + Upside/Quota

Best,
Vinesh","02-05-2025: 
I’ve updated the formula for ""Build"" in the ""New Business"" forecast tab as per the given requirement.",Low,Jason Parawan,Vinesh Kannan,"5/1/2025, 12:32 PM",1,Configuration,Forecast - Update,13,5.464444444
,222287,Inovalon,Attainment Forecast Tab - Quarterly Bookings Displaying Incorrectly,"Hello,

On our attainment forecast tab we have columns for each quarter displayed primarily for quarterly plan and bookings.  However, the bookings for the quarters all display as the same number and just show the bookings for whichever quarter is selected at the top of the screen.  So when I am viewing ""This quarter"" the Q1, Q3, and Q4 bookings values all display as the bookings for Q2","Root Cause:
The configuration used a dynamic date filter for all quarterly booking fields, causing them to reflect data only for the currently selected quarter (e.g., Q2).

Resolution:
Updated the configuration to use static close date filters for eac",Low,Caitlin Stone,Sam McMullen,"5/1/2025, 12:52 PM",6,Configuration,Forecast - Update,153,69.13
,222285,"Veracode, Inc.",Changing ATR Rate Calculation in Forecast Dashboards,"Hi there -

We need to change the formula field on for the ATR Rate in a couple of tabs in the Forecast Module.  

Here is the list of tabs:
Account Owner ATR Forecast
ATR Forecast 

The field name is ""ATR Rate"" and the current calculation is ""= FORECAST / All ATR"" and we would like to change it to: ""Rep Renew Recurring Forecast/All ATR"" in both tabs. 

Thanks,
Alex","Root Cause:
The original formula used a generic FORECAST value, which did not accurately reflect the intended metric for ATR Rate. The business team clarified that only Rep Renew Recurring Forecast should be considered in the numerator, not the broader f",Low,Caitlin Stone,Alex Jaked,"5/1/2025, 12:44 PM",5,Configuration,Forecast - Update,128,53.26361111
,222311,Mirantis,update and new tab creation,"1. NAO - rep tab
Change the mode from opportunity to rep
Mode ID - rep

2. Clone NAO -rep tab. Name is NAO - Opp Owner
All the filters will be the same. Use the OPPORTUNITY mode

Mode ID - OPPORTUNITY_MODE
Opt in Esther and Jason Bobb in this new tab

Please let me know if you have any questions","08-05-2025: Followed up with the CSM to check on the Tab update and New Tab creation.

06-05-2025: Awaiting for the CSM response

02-05-2025:  I’ve updated the mode from 'Opportunity' to 'Rep' in the 'NAO - rep' tab, as per the requirements shared. Ad",Low,Christopher Williams,Janhavi Wagle,"5/1/2025, 3:31 PM",10,Configuration,Forecast - Update,247,98.47083333
,222314,Hewlett Packard Enterprise,Forecast Config Update,"Hi, similar to this request - https://clari.lightning.force.com/lightning/r/Case/500Vq00000KmZzIIAV/view

Could you please update the column ""Deal Based + Won"" on the following Five Tabs to actually reflect adding the two columns ""Won"" and ""Deal Based""

- HPEN Product
-HPEN Services
- HPEN New Services
- HPEN NaaS
- HPEN SaaS

https://docs.google.com/document/d/1yGyTJTu530KBwRwvYrQeW8Fk9qY_AqJGK4dZARcQv7c/edit?tab=t.0

Thanks so much!",May 5 : Requested changes implemented,Low,Stephanie Ervin,Stephanie Ervin,"5/1/2025, 4:25 PM",4,Configuration,Forecast - Update,102,33.57277778
,222322,"Webflow, Inc.",Add calculated column to Renewals Forecast,"Can we please add a calculated column to our renewals forecast tab (at the far right) that is titled ""Most Likely GRR."" This should take the Most Likely Forecast entry divided by the Total Renewal Amount (""Total Renewal Base"" column). It should be a percentage.","02-05-2025: I’ve added the calculated column ""Most Likely GRR"" to the Renewals Forecast tab as per the given requirement.",Low,Christopher Williams,Kelcie Stokes,"5/1/2025, 5:53 PM",1,Configuration,Forecast - Update,11,3.426388889
,222329,"BitSight Technologies, Inc.",Need to Update a Locked Field due to DataUpdate but Qtr just ended,"Hi Team ~ I need your help updating a locked field on our Renewals Forecast Tab for Q1 (just ended April 30th), everything locks once the quarter ends. Is there a way to not have fields locked for Admins once a Quarter or Month ends?

Renewal Forecast Tab for Q1, the NA Enterprise AM Manager needs to have the ""Renewal Base"" tile updated to reflect what's populated in the ""SFDC Renewable Base"" field, which is $2,607,897. Also, under that team, Robert Finn (D) needs to have the same thing updated, where the ""Renewal Base"" tile needs to reflect $568,036.

Scroll all the way to the right when on the Renewal Forecast Tab and you'll see the ""Renewal Base"" tile that needs to get updated.",we have updated the quota entries for the 2 users for the columns in last quarter,Low,Elizabeth Stoughton,Justin Shalek,"5/1/2025, 9:41 PM",11,Configuration,Other,247,98.575
,222357,Instructure,"Replace ""Account Owner"" value in Views","Hello,

Can you please replace all reports/views referencing the ""Account Owner"" value with the ""Instructure Account Executive"" value?

The ""Account Owner"" value is no longer the field determining account ownership and having it in a view is confusing for reps and managers. The true ownership field for AEs is now the ""Instructure Account Executive"" field. Both fields are in the ""Account"" object.",Replaced 'Account Owner' with 'Instructure Account Executive' in all the saved views.,Low,Nico Alvarez,Jorge Pradilla,"5/2/2025, 6:56 AM",13,Configuration,Saved View - Update,328,155.0547222
,222361,Phenom People,Enable Key Personas Feature,"Hi Support,

Please enable the Key Personas for Phenom. Example slide attached for reference. Thank you!",May 5 : Feature enabled,Low,Asante Muhammad,Asante Muhammad,"5/2/2025, 8:06 AM",24,Configuration,Profile - Update,571,250.5663889
,222362,"ConnectWise, LLC",Lock Down Quarterly Forecasts,"Hello,
Could you please update all of our forecasting tabs so that the Quarter is not an editable field but automatically gets populated through adding all monthly closed/forecasting values?","08-05-2025: Followed up with the customer on new case creation.

06-05-2025: Asked clarification from the customer and requested to  create new case for the additional changes

05-05-2025: I’ve updated all our forecasting tabs so that the Quarter fiel",Low,Nico Alvarez,Daniel Kabakov,"5/2/2025, 8:07 AM",7,Configuration,Forecast - Update,163,74.71583333
,222379,"Workday, Inc.","Move Updated Custom Hierarchy for ""Super Segment"" from Sandbox to Production (need after hours support)","Move Updated Custom Hierarchy criteria for ""Super Segment"" from Sandbox to Production.  We updated our custom hierarchy formula to include a new field/territory level ""Super Segment"".
this work has been completed in UAT-AGAIN sandbox as part of case: 00217400, we now need to move those changes to production on the evening of May 6th around 8pm PST after some additional SFDC changes go live.

with this change, we are requesting after hours support to ensure that the changes get pushed to production smoothly.",May 7 : Super segment field added,P3,Mike Riggs,Jodie Lee,"5/2/2025, 9:20 AM",4,Configuration,Other,110,40.65694444
,222370,Planful,Incorrect Closed amounts for April,"Erin Bassi's closed amounts are not populating for April. She closed 154k , clari is showing 0 in april for her and her team. Please get this fixed asap.","Root Cause:
Data sync delay between the CRM system and Clari led to temporary missing values for Erin Bassi's April closed amounts.

Resolution:
The sync completed successfully during the latest cycle, and the correct data is now visible in Clari. No ",Low,Pooled CSM,Roi Shukrun,"5/2/2025, 9:01 AM",18,Configuration,Forecast - Update,434,193.5466667
,222381,AppViewX,Update the formulas in the Clari Forecast,"Hi Team, 

In the “Retention and Churn(QTD)” forecast tab, please do the below. 

1. Delete “To be deleted” field, it is a mandatory field which I was not able to delete. Make “Churn Risk Forecast” as mandatory. 
2. Create Formula Filed “GRR(WC)”
    1. GRR(WC)= (Total Renewal Pool + Contraction + Logo Churn - Churn Risk forecast- Potential Risk Forecast)/ Total Renewal Pool
3. Create Formula field “GRR (BC)”
    1. GRR(BC) = (Total Renewal Pool + Contraction + Logo Churn - Churn Risk)/ Total Renewal Pool


In the “Retention and Churn(Annual)” forecast tab, please do the below

1. Delete “To be deleted” field, it is a mandatory field which I was not able to delete. Make “Churn” as mandatory. 
2. Create Formula Filed “GRR”
    1. GRR= (Total Renewal Pool + Contraction + Logo Churn)/ Total Renewal Pool","Root Cause:

The requested formula fields reference non-existent columns (Logo Churn, Churn Risk) not available in the respective forecast tabs.

Clari does not support creation of formula fields using yearly-level calculations, which prevents the cre",Low,Jason Parawan,Vinesh Kannan,"5/2/2025, 9:31 AM",3,Configuration,Forecast - Update,67,11.20388889
,222420,Twist Bioscience,Twist Bioscience - Replace field in saved views where it is being used as a filter,"Hi Team,

Can we please replace the following field in all of the saved views that are currently using this field as a filter? The filter values should be exactly the same we just need to replace the old amount field with the new one

old field: Deal Size (opportunity.amount)
new field: Amount USD (opportunity.amount_usd__c)

Please let Erin Martinez know if you have any questions!
Thank you","06-05-2025: Case closed as confirmed by the customer

05-05-2025: We’ve updated the Deal Size (opportunity.amount) to Amount USD (opportunity.amount_usd__c) in the filter expression for all the saved views.",Low,Jason Parawan,Erin Martinez,"5/2/2025, 12:54 PM",3,Configuration,Saved View - Update,80,21.09027778
,222415,Snyk Limited,Call to setup Sandbox Environment ETM -> Role,"Snyk is requesting a call with support to get their sandbox environment setup.  They are getting ready to move from ETM to role. Simon shared his booking link here, but please let me know if you'd like me to join.  https://calendar.app.google/BhcFzuviLmyiRGyXA",closing this case. Please let me know once the SOW is done and DAR is created,Low,Andrew Pohlen,Andrew Pohlen,"5/2/2025, 12:25 PM",4,Configuration,Sandbox - Update,106,37.58333333
,222430,RealPage,Update Budget for closed periods in Forecast,"We would like to update the month and quarter SaaS and Transactional budgets for January, February, March, Q1 and April for the following users:
Jack Webber (Monthly budget $6,598,951 for Jan-April and Q1 budget of $19,756,853)
Taylor Harris (Monthly budget $3,542,141 or Jan-April and Q1 budget of $10,546,423)
Kevin Rock (Monthly budget of $688,100 for Jan-April and Q1 budget of $2,064,300)
Kevin Rock Team (Monthly budget of $174,567 for Jan-April and Q1 budget of $523,701)","08-05-2025: Followed up with the customer regarding the SaaS and Transactional budget value updates for January, February, March, Q1, and April using Quota Management in Clari Studio.

06-05-2025: Approached the customer to make use of Quota Management ",Low,Lyuda Rogers,Chris Thierer,"5/2/2025, 1:52 PM",7,Configuration,Other,157,68.94972222
,222433,"Figma, Inc.",Accounts Module,Can you please grant Benjamin Aw and Nicole Butler access to the Accounts Module?,May 16 : Closing the case as customer  opened up an internal security review regarding enabling email body processing and we won't have an answer until EOM. CSM will open a new case.,Low,Tyler Jass,Tyler Jass,"5/2/2025, 2:26 PM",14,Configuration,Other,326,149.9361111
,222446,Lucid Software,Changing Calculations in Forecast Module,"Hi team,

can you help us by updating the following column calculations in our ""Lucid Forecast Walk-Up"" and ""Airfocus Forecast Walk-Up"" tabs?
1. Need From Non-Committed Pipe (Commit) --> Need From Non-Committed Pipe (CTP)
2. Coverage to Commit --> Coverage to CTP

An additional question: Can we change the order in which forecast viewing options show up in the forecast module? I provided a screenshot of what this looks like right now. Instead of the way the users are currently showing up, we'd want Lucid Sales to show up first, then Airfocus Sales, then Keith, then Jeff.

Thanks for your help!

Michael","16-05-2025: Closed the case as confirmed by the customer.

15-05-2025: Followed up with the customer regarding 'Need From Non-Committed Pipe (Commit Call)' update.

12-05-2025: Followed up with the customer

08-05-2025: Followed up with customer

",Low,Alison Quartironi,Michael Gibbs,"5/2/2025, 3:36 PM",13,Configuration,Forecast - Update,317,146.3880556
,222502,Instructure,Add options for new opportunity.account.territoryname__c field,"Hello, 

We are trying to add the Territory Name (ATN) field into Clari. Can you please create the field and add it to all modes and layouts while also adding all the values as ""Options (for filterable & groupable layouts)"" from the attached doc?","Root Cause:
Misunderstanding of the request—values were treated as fields rather than grouping values for the specified field.

Resolution:
Updated the correct field by adding the provided values as grouping criteria. Shared back with Jorge for review",Low,Nico Alvarez,Jorge Pradilla,"5/5/2025, 8:04 AM",7,Configuration,Field Config - Update,181,89.92111111
,222586,Barracuda,Barracuda | Activity Ingestion Changes,"Current Status Assessment
The Barracuda team has identified that the activity data integration in Clari is partially implemented but not functioning as expected. During the weekly sync call, Marco and Emillie discovered that:

Activity data was supposed to be configured based on a previously submitted spreadsheet from Emillie
Only ""call"" activities are currently appearing in the ""ingest"" line within the opportunities module
Only one opportunity (""Low World City"") is showing any activity data at all
No emails from Outlook are appearing in the activity feed (which is actually intentional)
The implementation appears incomplete based on the requirements previously provided

Detailed Implementation Requirements
Activity Types to Include
The system must be configured to capture the following activity types from Salesforce:

Tasks (all task types)
Voice calls
Video calls
Events (not meetings)

Activity Types to Exclude

Emails (to avoid duplication with existing email trac",In Progress,Low,Chris Hughes,Chris Hughes,"5/5/2025, 2:15 PM",15,Configuration,Other,349,165.3422222
,222590,Stack Overflow,Calculation field for Renewals WIP,"Hello, 

Can we please update the calculation for the ""Gap to Forecast Column"" in the Renewals WIP tab

Calculation: Amount Forecast renewalcolumn - closed amount = Gap to Forecast

Meaning for Jeff's Gap to Forecast it would be $4,719,718 (Amount forecast renewal) - $12,150 (closed) = $4,707,568(gap to forecast)

Thank you,

Matt","Root Cause:
The requested fields (Amount Forecast Renewal and Closed Amount) are not available in the Renewals WIP tab in Clari. Calculation columns in Clari are restricted to using only fields present in the same tab.

Resolution:
Informed Matt that ",Low,Matthew Mcginley,Matthew Mcginley,"5/5/2025, 2:37 PM",3,Configuration,Forecast - Update,62,38.14166667
,222622,Check Point,A dependency between the Forecast Category and the Stage - Need to consult,"Hi,
Can I meet someone on Zoom to consult about something we want to implement in SFDC and find out if it will work in Clari? I'm available today until 3:30 pm and after 6 pm Israel time, as well as tomorrow between 11:30 am and 12:30 pm and between 3:30 pm and 4:30 pm IL time. 
Thanks.",Case resolved over the call,P3,Toni Pang,Idan Saranga,"5/6/2025, 3:29 AM",1,Configuration,Other,44,30.51333333
,222626,ForeScout Technologies,New Date Range Filter Needed,"Hi, we are building out new forecast tabs but our options are being limited by the date range options available to us.  We need to have options to enable us to see records where the date is AFTER the __CLARI_FORMULA_DATE_RANGE__, and also for BEFORE the __CLARI_FORMULA_DATE_RANGE__.  Can you please build this into our options.","Root Cause:
Clari does not currently support direct comparisons using dynamic formula fields like __CLARI_FORMULA_DATE_RANGE__ with ""AFTER""/""BEFORE"" operators.

Resolution:
Provided alternative filter options: ""< This Quarter"" and ""> This Quarter"" to ",Low,Alison Quartironi,Ben Tite,"5/6/2025, 4:51 AM",9,Configuration,Forecast - Update,211,109.1427778
,222636,"Alation, Inc",Pipeline Forecast tab,"Hi,

In the pipeline tab, please can we have the Marketing Actuals only pull through Marketing not marketing and marketing outbound? Please see attached

Can we also add 4 columns?
1)Marketing SAL Target 
2) Sales SAL Target 
3) Partner SAL Target 
4) SDR Outbound SAL Target","19-05-2025: Closed the case for now as confirmed by the customer.

16-05-2025: Followed up with the customer

14-05-2025: Followed up with the customer.

12-05-2025: Clarified customer query regarding adding Note to the Quota column.

07-05-2025: ",Low,Tyler Jass,Julia Konrad,"5/6/2025, 6:23 AM",12,Configuration,Forecast - Update,304,139.6122222
,222632,Fastmarkets,Update NB tab,Hi Team please can you add the hidden reference columns to the NB and update the composite for the quarterly and monthly for cast as highlighted in the attached spreadsheet on the NB page,"08-05-2025: Closed the case as confirmed by the CSM

07-05-2025: I’ve created the reference hidden columns ‘Carbon Forecast’ and ‘Carbon Upside’ for the ‘NB’ tab and updated the composite configuration for both quarterly and monthly forecasts as highlig",Low,Toni Pang,Toni Pang,"5/6/2025, 6:00 AM",1,Configuration,Forecast - Update,40,27.99138889
,222673,Affinity co.,Affinity Co (Continuation from case 00221110),"Hey team - Ashutosh was helping me with case # 00221110 but I was OOO the past week so it got closed. I am meeting with the customer today and was hoping I could still setup a call with us and them to finalize this issue they are seeing.

Let me know if you'd want to join today's call at 1:30 pm CT or if I should schedule for another time this week. 

Thank you

https://clari.lightning.force.com/lightning/r/Case/500Vq00000KmbcxIAB/view?ws=%2Flightning%2Fr%2FAccount%2F0016T00002jj5gsQAA%2Fview",In Progress,Low,Christopher Williams,Christopher Williams,"5/6/2025, 8:27 AM",9,Configuration,Other,215,110.8641667
,222688,Storage Sys (The Primary Demo Org),Please delete mode Lead Management from demo org 2037,Please delete mode Lead Management (mode id = leadmanagement) from Clari demo org 2037.,We have removed the Lead Management mode from the Clari demo org 2037,Low, ,Chris Goundry,"5/6/2025, 10:19 AM",1,Configuration,Field Config - Update,18,9.933055556
,222704,Instructure,Forecast Config,"Hi Team,

I need help with creating this new YTD - Sales Forecast tab. See requirements below. Please do not opt any users into the tab after creation. Thank you!

https://docs.google.com/spreadsheets/d/152FUUeKPxkLn_2JBbnEpIb2QMF1nLTbQhuBDmwvlHz8/edit?gid=29780375#gid=29780375","12-05-2025: Followed up with the customer

07-05-2025: 
1). Requested the CSM to communicate with the customer to make use of Self-Service Config feature to create new tab.
2) Created new tab as requested by the CSM",Low,Nico Alvarez,Nico Alvarez,"5/6/2025, 11:36 AM",6,Configuration,Forecast - Update,153,70.39472222
,222761,Hewlett Packard Enterprise,Missing data in different Analytics modules,"Find attached snapshot of Analytics module, where data is missing . Can you please check all modules  under analyze(Pulse, Waterfall, Funnel, Trend, Flow) for missing data and fix.",May 8 : The tabs had their default fields without any formula associated with them. We went ahead and changed the default fields to those with an associated formula,Low,Stephanie Ervin,Nagaraj S,"5/7/2025, 3:51 AM",5,Configuration,Forecast - Update,139,62.14888889
,222795,Netskope,Netskope | Quarterly Values roll up to Monthly Values,"Tab: New
Column: Forecast - New Logo

Can we make sure that the Monthly values roll up to the Quarterly value? So the sum of the monthly Forecast - New Logo values equals the Quarterly Forecast - New Logo value","The configuration for both the forecast and forecast new logo columns is the same.
Since we have updated the column to be composite, we will have to select the cell and click save at each user level, but since the composite is strict, that option will be",Low,Chris Hughes,Chris Hughes,"5/7/2025, 7:53 AM",1,Configuration,Forecast - Update,24,15.79722222
,222794,Verkada,Change homepage from opp grid to dashboards,"Hi there! 

Verkada would like users to land on the Dashboard page when they log into Clari rather than the opportunity grid. Can we please make this update for them?

Thanks!",Updated the landing page to be the Dashboards,Low,Ari Henck,Ari Henck,"5/7/2025, 7:52 AM",1,Configuration,Other,22,13.96805556
,222831,Corelight,Corelight - Quota Removal Requests,"Hey team - Jonathan has the below requests:

Please remove the quota column for Inside Sales Quota, Channel Quota and Alliance Quota, similar to what you did with field sales.",Hidden the quota columns and created the read only columns,Low,Christopher Williams,Christopher Williams,"5/7/2025, 9:59 AM",15,Configuration,Forecast - Update,350,168.015
,222814,Corsearch,Flow Analytics Module - Yearly Date Range,"is it possible to add the yearly date range to flow, so it can be added to a dashboard for the whole year?",Customer should be able to filter on the yearly date range,Low,Matthew Mcginley,Edward Fuerst,"5/7/2025, 8:53 AM",5,Configuration,Analytics - Update,132,57.10388889
,222832,Cisco Security & Collaboration (S&C),leading indicators tab,"Please de dupe the records rolling up, we should be filtering for parent event types only.

In addition, please add Subject line, start and end date",we have added the fields as forecast expanded grid,P3,Matthew Colangelo,Bryce Keller,"5/7/2025, 9:59 AM",13,Configuration,Field Config - Update,325,152.005
,222896,Stack Overflow,Renewal Forecast Tab Update,"Hi Clari,

I've been working on the 'Renewals - WIP' tab in Forecast.

I created a 'Quota' column to capture our renewal targets for the year. The quota column also carries an attainment column, which I've labeled 'Closed'. I noticed the total rollup of $4,769,832 is incorrect. Can you help me troubleshoot the query? 

Additionally, I now have duplicate 'Closed' columns. The old Closed column is being used in the custom 'Gap To Forecast' column formula. Can you adjust the formula so that it uses the attainment (Closed) column?

Thanks,
Nick","Root Cause:

The original 'Closed' column (used in formulas) is outdated and does not reflect the new attainment logic.

The field opportunity.api_opportunity__c, which is used as a filter, hasn’t fully loaded in Clari, blocking updates to tabs and fo",Low,Matthew Mcginley,Nick Danalis,"5/7/2025, 12:27 PM",4,Configuration,Forecast - Update,101,37.5425
,222925,Tealium,Add QTD Column to Overages Tab,"In the Management Forecast View - Overages, we would like to request the following calculated column in the grid view:

Column Name: 
Overage $ Created - QTD
Filters: 
Opportunity Type = ""Overages"" AND
Opportunity Created Date = Current Reporting Quarter (Note: If possible, we would like this filter to update to align with the quarter selected in the forecast grid, but the date reference should be Created Date instead of Close Date.) For example, if ""This Quarter"" is selected the Created Date filter will include Q2'25 created overage opportunities.  Created Date = April 1, 2025 - June 30, 2025 for ""This Quarter""
Amount Field = Opportunity.Amount",08-05-205: Requested customer to make use of Self Service Config feature to add new column,P3,Amanda DeLuise,Lia Stahl,"5/7/2025, 3:45 PM",2,Configuration,Forecast - Update,35,19.06194444
,222969,Phenom People,Total of 20 Align users provisioned in Clari,"We are sponsoring a proper Align pilot with two teams for Phenom and need some additional seats for the pilot as they only have 7 now. Can you please provision the additional 13 seats?

We will follow up shortly with the user list (name and email). Please let us know if addtl information is needed.

Thanks!
Asante",all the users are already registered in clari,Low,Asante Muhammad,Asante Muhammad,"5/8/2025, 6:27 AM",5,Configuration,Other,119,47.29722222
,223025,"Blackline Systems, Inc.",Add Pipeline Column to Pipeline Tab,"Please include customer on response or any follow up questions Erik.Pfeifle@blackline.com

Customer would like to add a column to their existing Forecast tab titled "" Pipeline Generation"" 

They would like to add a column to the right of the YTD pipe generated column called ""YTD Pipe Generated prior FY""

Can you use a relative date range to show the last complete fiscal year worth of pipeline generated?
https://clarius.atlassian.net/wiki/spaces/PD/pages/101482500/Forecasting+Template+Reference+Guide#Relative-Date-Ranges

They would like this column to display the total pipeline generated from the prior fiscal year (Fiscal year 2024). This should be displayed as a dollar value. 

Thank you!","Root Cause:
Existing configuration did not include a column to capture pipeline generation from the previous fiscal year (e.g., FY24).

Resolution:
Created a new read-only field with duration set to YEAR - prior fiscal. Awaiting customer confirmation ",Low,Caitlin Stone,Caitlin Stone,"5/8/2025, 10:11 AM",8,Configuration,Forecast - Update,188,91.59472222
,223054,"Riverbed Technology, Inc.",Validation rule,"Need you to add 3 validation rules

2 new
1 to update

I'll send in a separate email.",I've updated/created the mentioned validation rules.,Low,Ari Henck,Lucia Devide,"5/8/2025, 11:46 AM",12,Configuration,Validation Rules - Update,298,134.2272222
,223093,Informatica,Need help with a complex advanced filter,"I need to create  view using advanced filters that show opps where

(opportunity.MAP_Status__c = """" AND opportunity.total_nnb__c > 250,000 AND opportunity.Substage__c = ""Advance Proposal, ""Win Solution Decision, ""Agreement Negotiation"")

OR

(opportunity.MAP_Status__c = """" AND opportunity.account.strategic_account__c = ""CRO100"", ""Theater Focus"" AND opportunity.Substage__c = ""Advance Proposal, ""Win Solution Decision, ""Agreement Negotiation"")

OR

(opportunity.MAP_Status__c = """" AND opportunity.POC_Required__c = ""TRUE"")

OR

(opportunity.MAP_Status__c = """" AND opportunity.Total_Pre_Sales_Hours__c > 50)

I have started this based on what I can learn regarding Advanced filters in the knowledge base but I cannot tell how to specific operators like null or """"  or GREATER THAN. I have started it in my Filter called ""CQ: Opps Missing Map"".  I need this view in Clari so we can enforce the creation of MAPs on select opps that meet the above criteria.  

Thanks,
Tom",we have updated the saved view,Low,Whitney Drazovich,Tom Mirrione,"5/8/2025, 5:38 PM",7,Configuration,Saved View - Update,159,71.03805556
,223097,Siteimprove,Board New and Expansion forecast,Can we remove the month and tie the Call = Call for New and Expansion Forecast tab?,"Root Cause:
The Call column was originally referencing the New + Expansion Forecast, but it needed to align with the Broad New + Expansion Forecast instead.

Resolution:
Updated the Call column to reference Broad New + Expansion Forecast as required.",Low,Caitlin Stone,Carmen Wong,"5/8/2025, 8:02 PM",7,Configuration,Forecast - Update,171,80
,223110,"Axonius, Inc",Axonius - Opportunity Team Members,"Hey team - Axonius is curious on if we have a way to pull on Opportuity Team members. The reason being that they have coverage SEs assigned to new hire SEs and this will help for compensation purposes. 

Please watch this short snippet from our sync as it contains all of the details and let me know what is possible and next steps: 

https://copilot.clari.com/guest/sharedCall/681db9d7cda39808b6d7d9f1",The only option is to create a mode based on the Opportunity team members.,Low,Christopher Williams,Christopher Williams,"5/9/2025, 1:21 AM",20,Configuration,Field Config - Update,482,225.2925
,223108,Corelight,Corelight - Clari Snapshotting Capabilities Question,"Hey team - Corelight is interested in using Clari''s ""Change Tables"" in order to snapshot their ARR field properly. This is affecting their ability to see forecast changes week over week. Please see Copilot recording snippet for more detail!

https://copilot.clari.com/guest/sharedCall/681db216ed96b44d50a63b19",n/a,Low,Christopher Williams,Christopher Williams,"5/9/2025, 12:43 AM",12,Configuration,Forecast - Update,310,144
,223130,ForeScout Technologies,Query Logic Not Working,"Hi, I am trying to write some query logic to pull values based on a combinations of 2 criteria. Logically, the query makes sense, but I am not being returned any values.  The query logic I'm using is:

'Forecast Category' in [""Closed"", ""Commit"", ""Upside"", ""Pipeline""] AND Territory is ""My Territory"" AND 'Close Date' is ""__CLARI_FORMULA_DATE_RANGE__"" AND 'In The Call' is ""Checked"" AND 'New Business ACV' is ""> 0"" AND 'Opportunity Type' is not ""OM Only"" AND Stage is not ""Prospect"" AND (('Account Team Sentiment' is ""Green"" AND 'Overall CSM Sentiment' not in [""Yellow"",""Red"",""Black""]) OR ('Overall CSM Sentiment' is ""Green"" AND 'Account Team Sentiment' not in [""Yellow"",""Red"",""Black""])

I believe the part that isn't working is the OR statement at the end.  I've tried a few different ways of writing the query, and all of them are not showing results.  Can you please advise.","14-05-2025: Followed up with the customer

12-05-2025: 
1. Requested clarification from the customer.
2. Created custom filter values for the field 'Overall CSM Sentiment'",Low,Alison Quartironi,Ben Tite,"5/9/2025, 6:51 AM",5,Configuration,Forecast - Update,115,43.13805556
,223201,Sophos LTD,Amend forecast logic,"Hello all! For our current forecast configuration, we have a line in the logic that states the Quote number on a given opportunity cannot = value not assigned, which means opportunities without a quote number will not appear in any of the forecast reporting. This is becoming a problem for us because as part of our Secureworks integration, we are processing deals in Sophos Salesforce without an associated quote as the quote is actually be housed in the Secureworks Salesforce instance. We are reaching out to support for assistance on updating this logic to include opportunities without a quote number but only if the opportunity origin = Secureworks.","I’ve updated the filter logic for the 'Forecast', 'Forecast (WIP)', and 'UAT' tabs. The updated logic will now include opportunities without a quote number when the Opportunity Origin = Secureworks, And when the Quote Number on a given opportunity does no",Low,Lizzie Rupp,Urooj Syed,"5/9/2025, 12:09 PM",11,Configuration,Forecast - Update,273,117.8402778
,223232,Cisco Security & Collaboration (S&C),Changes to Contact Center Sub-BE rollup forecast tab,"Hi team, can you please help create three new columns in the Contact Center Sub-BE rollup forecast tab per the columns in green in the attached file? These are needed in Ingest Mode and one Calculation which I don't believe I can create myself.

New column name: ""Total Cloud & On-Prem Plan""
(should reflect the total of ""Cloud Contact Center Plan"" + ""On-Prem Contact Center Plan"" columns)

New column name: ""Total Cloud & On-Prem Bookings""
(should reflect the total of ""Cloud Contact Center Bookings"" + ""On-Prem Contact Center Bookings"" columns)

New column name: ""Total Cloud & On-Prem Forecast to Go""
Calculation: 
(Total Cloud & On-Prem Forecast - Total Cloud & On-Prem Bookings)","Root Cause:
The required source field ""Total Cloud & On-Prem Forecast"" for the third calculation was not available in the dataset.

Resolution:
Created the first two columns as sums of the respective Cloud and On-Prem fields.
For the third column, us",P3,Matthew Colangelo,Maya Graue,"5/9/2025, 3:51 PM",11,Configuration,Forecast - Update,257,105.3586111
,223278,Ideagen,Help with creating revenue metrics,"Hi Team,

The Ideagen team have specific goals for ACV, conversion rate, and deal cycle for each team. 

They want help with creating view-only columns in Forecast that allow the team to surface this information - can we please assist them? 

Best,",n/a,Low,Said Mussa,Said Mussa,"5/12/2025, 7:27 AM",8,Configuration,Forecast - Update,208,106.5341667
,223291,UKG,"Idea of ""Power of One"" in Clari","Hi Team,

We are looking to find a way to count opportunities in a column within Clari. For example, we want to see a column that displays the count of marketing generated opportunities that contribute to our total opportunity ARR per rep.  We would have this column use our ""has lead"" field as an indicator to say the deal is marketing generated.   Is there a way to display the number of opportunities in a column within the Forecasting tab of Clari without needing to create a new field in Salesforce?  Another requirement would be that when we click on this column, Clari would display all opportunities that contribute to this number (as it functions today for existing columns).

Thank you,
Megan","16-05-2025: Created a calculation column to get the opportunities count and asked the customer to check whether this approach is working as expected or not.

15-05-2025: Followed up with the customer.

13-05-2025: Requested more details from the custo",Low,Marina Addonizio,Megan O'Connor,"5/12/2025, 9:03 AM",6,Configuration,Forecast - Update,157,72.94722222
,223309,Redgate Software Limited,Org ID: 3109 Needs Signal Connectors Config,"Impersonation User: sharon.ward@red-gate.com

Asking for 5 Signal Connectors 
Zoom Revenue Accelerator
Salesloft
Marketo
Seismic
Microsoft Teams

Note: Many of the screenshots provided by Redgate below are related to the Account or contact, they confirmed that each of these signals are and should be related to the Opportunity for our setup.

PS tried to start the setup for some of these but seem unsuccessful, please feel free to start over and undo current config. 


Link to Requirements: https://docs.google.com/document/d/1F7Kg9H2-S9ENx-ou7v7K6Qr0kEbJ9g_xNPafxqBSYUc/edit?usp=sharing","I've reviewed the Signals configuration and it is looking good.
Upon further investigation I observed that only 3 users Email is synced. I also checked for team linking but the same 3 users are present.
Please ask the customer to add the necessary users",Low,Caroline McCarthy,Donaleigh Smith,"5/12/2025, 9:50 AM",8,Configuration,Signals - Update,205,104.1563889
,223316,"Clearwater Analytics, LLC",custom column in forecast tab,"Hi - can we add a custom column to our forecast tab called ""% Change from Last Call"" that calculates the percentage change in ""CQ Called Forecast"" since the previous week? We can place the column right after the ""CQ Called Forecast"" column.
Thanks","Root Cause:
CLARI’s calculation columns can only reference current quarter data. Historical or prior quarter values are not stored or accessible within the same calculation logic.

Resolution:
Informed user that this type of formula is not supported i",Low,Jason Parawan,Marie Ribieras,"5/12/2025, 10:31 AM",7,Configuration,Forecast - Update,159,71.47972222
,223335,Okta,Okta needs help with filter/breakdown settings in Analytics Modules,"Okta has launched a new Mode called ""Global Services Sales Mode"".  They are asking for help with rollup amounts, breakdown-by categories, filters, etc.

Specifically, they would like these settings configured for this Mode:

Amount: Training Amount

Breakdown By: Stage, PS Region, PS Forecast Category, AE Qual Use Case
Opportunity Mapped PS

Date: Created Date",May 13 : Requested changes implemented,Low,Matthew Colangelo,Matthew Colangelo,"5/12/2025, 12:34 PM",3,Configuration,Analytics - Update,67,42.75805556
,223358,"Riverbed Technology, Inc.",New forecast tab creation,"Hi there!

Riverbed has requested 3 new tabs be added to their forecast config. We are submitting to the config team rather than self-serving because the tabs require calculations and/or reference columns.

All 3 tabs are outlined in the linked requirements document, with instructions in the first row of each tab. Please do not opt any users into the new tabs at this time.

The customer is requesting a turn around as soon as possible. I'm hoping we can get them the 3 tabs to review no later than Wednesday, May 14.

Please let us know if there are any questions.",Created new tabs as per the requirement and informed the CSM about the issue for creating 'Closed to forecast' columns for 'Executive Summary' tab.,Low,Ari Henck,Ari Henck,"5/12/2025, 2:37 PM",10,Configuration,Forecast - Update,247,131.3808333
,223378,GitLab,Remove field from Forecasting,"Org: 1014

Please remove this field from Forecasting:
opportunity.new_logo_override_clari__c",May 14 : Field removed from forecasting,Low,Lizzie Rupp,Ninad Pande,"5/12/2025, 10:34 PM",3,Configuration,Forecast - Update,57,37.33416667
,223402,Onfido Ltd,The Months included in the forecast is wrong,"Currently the configuration for Fiscal Quarters are:
Q1: April - July
Q2: Aug - Oct
Q3: Nov - Jan next year
Q4: Feb - March next year

However, it should be the following instead:
Q1: April - June
Q2: July - Sep
Q3: Oct - Dec
Q4: Jan - March next year","19-05-2025: Followed up with the customer

15-05-2025: Provided clarification for the query raised by customer.

14-05-2025: 
1. Requested clarification from the customer.
2. Performed fiscal period refresh and asked clarification for the customer w",Low,Andrew Pohlen,Yu Hsuan Chen,"5/13/2025, 4:22 AM",6,Configuration,Other,161,77.62777778
,223412,"Digital Realty Trust, Inc., its general partner",Modify filter,"Please modify Partner/Broker Account type filter on all underlying views in C&A tab in Forecasting to include Referral Partner.
Please also help to update Partner/Broker Account type filter to include Referral partner on all C&A views.","16-05-2025: Updated the C&A related saved views.

14-05-2025: Approached the customer to make use of Self Service feature for column filter update and requested clarification for saved view update.",Low,Lizzie Rupp,Olena Reese,"5/13/2025, 6:08 AM",5,Configuration,Forecast - Update,136,59.85861111
,223467,"Cribl, Inc.",Need to Change a Filter in the Forecast Grid,"Hi Team, Please make the following updates to the ""(WIP) S&A New ARR"" tab in our Clari Forecast module:

- Rename the tab ""S&A New ARR"" 
- Remove the ""Forecast"" and ""Best Case"" columns from the tab
- Add a product named ""Cribl Suite Cloud Lake Direct Access"" into all of the filters in the tab (see screenshot). Most columns in this tab use a product name filter - update each to include 5 product names instead of 4 (see screenshot for reference).

Possible to have these changes go live by 5/19?

Any Q's, please let us know.
Matt",-,Low,Jason Parawan,Matt Ashburn,"5/13/2025, 10:29 AM",12,Configuration,Forecast - Update,299,135.5027778
,223483,Aiwyn,Activate Copilot,This New Logo opportunity requires Copilot activation.,May 14 : Copilot org created,P2,Pooled CSM,Dawn Perkins,"5/13/2025, 11:19 AM",0,Setup and Admin,Migration,12,6.679722222
,223510,Gem,Can you add another column,"On the new arr forecasting tab, can you please add a column called ""ATS Attach Call"" that goes right before the ""Call"" column? And I want it to be a calculated cell that has the exact same criteria as the closed column except I also want to add to it that ""ATS skus included is > 0"". Is this possible?",-,Low,Pooled CSM,Morgan Leech,"5/13/2025, 1:09 PM",9,Configuration,Forecast - Update,223,116.8441667
,223581,Coupa,Remove Default Field from Forecasting : Walkaway Price/Budget,"Hi Team,

Please Remove Default Field from Forecasting : Walkaway Price/Budget 

Thanks
Martin",Updated the 'Walkaway Price/Budget' column with the Baseline (USD) amount field in both the 'Forecast' and 'Forecast Demo' tabs. I’ve attached a screenshot for your reference.,P3,Marina Addonizio,Martin Lynch,"5/14/2025, 4:45 AM",12,Configuration,Forecast - Update,305,141.2388889
,223615,"Vimeo.com, Inc.",Update to Forecast Columns,"Hello! Please update the below columns to have these filters for Closed: Sales Motion: Renewal, Stage: Closed Won, Renewal Recognition Date April 1-April 30th (April for April Closed Month numbers). 

Closed
Closed (Renewal Call)
Closed (Upside Call)

Were are unable to make the update in Forecast Configuration because there is a filter that displays in the Forecast Tab that does not display in the Forecast Configuration Query UI and we want to make sure the updates get made correctly.

Please help make these updates. For the month of April these three columns should all show the same amount: Closed, Closed (Renewal Call), Closed (Upside Call)",Updated the filter logic for the columns.,Low,Elizabeth Stoughton,Elizabeth Stoughton,"5/14/2025, 8:32 AM",13,Configuration,Forecast - Update,325,153.4547222
,223648,Align Technologies Corp.,Activate Copilot,This New Logo opportunity requires Copilot activation.,Copilot org already created,P2,Pooled CSM,Dawn Perkins,"5/14/2025, 10:51 AM",1,Setup and Admin,Migration,22,13.96916667
,223652,Cobrowse.io,Activate Copilot,This New Logo opportunity requires Copilot activation.,Copilot org already created,P2,Pooled CSM,Dawn Perkins,"5/14/2025, 11:14 AM",1,Setup and Admin,Migration,22,13.62
,223662,"Automox, Inc.",Adding filter to advanced filter,"Could the ""contract_months_c"" field be added to the advanced filter for the following views? The logic should be the following: contract_months_c ""> 1""

CQ: Total Expansion CW
CQ: Total Expansion Pipe Created
CQ: Total Open Expansion Pipe","Root Cause:
The contract_months_c filter was missing from the specified CQ Expansion views, leading to inaccurate data visibility.

Resolution:
Added contract_months_c > 1 to the advanced filters for all three views to align with the intended logic.",Low,Matthew Mcginley,Tyler Stieb,"5/14/2025, 12:25 PM",11,Configuration,Saved View - Update,273,117.5713889
,223739,Immersive Labs Corporation,Activate Copilot,This New Logo opportunity requires Copilot activation.,the copilot was already activated,P2,Caroline McCarthy,Kamil Mojzesz,"5/15/2025, 6:43 AM",0,Configuration,Other,17,11.28027778
,223735,FD TECHNOLOGIES PLC,YTD Software Tab - Quarterly Closed numbers - filters still referencing previous year,"In the forecast tab ""YTD Software"", the Q1, Q2, Q3 and Q4 closed numbers are currently showing last years closed numbers.  Please can the filters be update for this year 2026_Q1 etc.","Updated columns filters correctly for Q1, Q2, Q3 and Q4.",Low,Toni Pang,Caroline Jones,"5/15/2025, 6:12 AM",7,Configuration,Forecast - Update,183,91.78527778
,223737,Chainalysis,Update Historic Forecast Plan,We would like to edit the Forecast Plan numbers for Quarter 1. Attached is a file with the specified values and hierarchy level at which we'd like these applied.,MAY 23 : Customer was able to update the plan through quota management in studio,Low,Andrew Seymour,Maxwell Davison,"5/15/2025, 6:20 AM",8,Configuration,Other,188,92.19361111
,223807,Nutanix,Adding a Best Case Column in PP Clari Forecast,"We need to add in  the Product Portfolio Forecast; new Best Case Column to PP, NDB and NUS.",May 16 : Requested columns created,Low,Cortney Fickey,Sergio Herrera,"5/15/2025, 12:10 PM",4,Configuration,Forecast - Update,89,24.72805556
,223839,"Cribl, Inc.",Remove forecast columns,"In their S&A New ARR forecast tab, please remove the following columns:

Quarterly:
- Forecast
- Best Case

Monthly:
- Forecast

Org doesn't have ability to 'delete columns' in Forecast Configuration. Please enable this feature if possible so team can have more self-serve features available to them.","I’ve removed the following columns as requested:

Best Case (Quarterly)
Forecast (Quarterly)
Closed to Forecast % (Quarterly)
Forecast (Monthly)",Low,Jason Parawan,Jason Parawan,"5/15/2025, 2:54 PM",7,Configuration,Forecast - Update,175,83.08583333
,223819,UKG,Formulas for Marketing Contribution Tab in Clari Prod,I built out a new Marketing Contribution tab in clari prod however we have 4 calculation fields that need to be created.  There is also a field that needs to be deleted.  All of the field names and formulas are on the attached excel spreadsheet.  Please let me know if we need to schedule a call or if the attached excel document will suffice and we can communicate via email.  Thank you!,"The formula for ""(calc) Marketing Linearity"" was either missing critical logic or lacked the necessary components to accurately define the calculation, leading to a delay in implementing this field.",Low,Marina Addonizio,Maiya Vann,"5/15/2025, 1:34 PM",4,Configuration,Forecast - Update,103,36.42861111
,223924,"Zimperium, Inc.",YTD Attainment tab,"Add 2 new calculation columns in the YTD attainment tab
MAPS Closed % of Total (Formula: MAPS Closed Won / Annual Closed)
MTD Closed % of Total (Formula: MTD Closed Won / Annual Closed)

Please put the MAPS % just to the right of the MAPS Closed and do the same for MTD %.

Please let me know if you have any questions.","19-05-2025: I’ve created two new calculation columns in the YTD Attainment tab:

MAPS Closed % of Total (Formula: MAPS Closed Won / Annual Closed)
MTD Closed % of Total (Formula: MTD Closed Won / Annual Closed)",Low,Elizabeth Stoughton,Janhavi Wagle,"5/16/2025, 10:17 AM",6,Configuration,Forecast - Update,134,55.70194444
,223938,"Alation, Inc",Copilot Users,"This is a list of the users we want on Copilot. Anyone who is not on this list can be removed, please. They had a large RIF and want to get those users out of the user list. Again, the attached list is the users we want to move forward with. Anyone not on this list can be removed.",May 20 : Users deleted,Low,Tyler Jass,Tyler Jass,"5/16/2025, 12:13 PM",6,Setup and Admin,User and Role Management,138,58.25305556
,223983,Informatica,Validation Rule Configuration in Clari Production,"Using the attached file, please update all the 3 validation rules in Clari Production Instance.",Added the 3 new validation rules,Low,Whitney Drazovich,Uday Gangula,"5/16/2025, 11:31 PM",4,Configuration,Validation Rules - Update,96,32
,224075,Gem,Can we add a new tab? And can you adjust the closed criteria?,"I would like to make a few adjustments. Can we adjust the closed column on the new business arr tab so that it is excluding anything with the stages of ""Converted to Self-Serve"" AND Stage is not ""Converted to Sales-Led""?

Second adjustment below: 
Can we add a new tab called ATS Attach ARR? And can we keep all of the same columns that are on the new business arr tab plus I would like to add a new column listed below. The criteria for some of the columns will also be different, see below.
- Closed column definition (is it possible to rename this ""Total ATS Attach Closed""?:  'Debook Date [opportunity.debook_date__c]' is ""Value Not Assigned"" AND 'Parent Opportunity Debook Date' is ""Value Not Assigned"" AND Stage equals closed won, but stage is not not ""Converted to Self-Serve"" AND Stage is not ""Converted to Sales-Led"" AND First Time ATS sold = TRUE....if all of these are met, then I want the closed column to show the currency field on the opportunity called ""Account ARR at close""
- add a n",May 28 : Changes possible through forecast configuration,Low,Pooled CSM,Morgan Leech,"5/19/2025, 11:21 AM",9,Configuration,Forecast - Update,209,105.0805556
,224095,ReSource Pro,Activate Copilot,This New Logo opportunity requires Copilot activation.,Copilot Org already created,P2,Pooled CSM,Dawn Perkins,"5/19/2025, 2:01 PM",2,Setup and Admin,Migration,45,28.78138889
,224145,Leapwork ApS,Activate Copilot,This New Logo opportunity requires Copilot activation.,Copilot org already exists,P2,Toni Pang,Kamil Mojzesz,"5/20/2025, 3:54 AM",1,Setup and Admin,Migration,31,23.005
,224153,commercetools,Pipeline Generation Forecast,"Kindly remove Stage filter from Pipeline Generation forecast tab criteria for ""closed"".
Kindly also add ""Won Opportunity"" to the Pipeline Generation forecast tab criteria for ""Record Type"".",,Low, ,Sole Angel,"5/20/2025, 5:30 AM",2,Forecasting,Config Discrepancy,43,28.49888889
,224157,commercetools,New Business Forecast Tab,"Kindly adjust New Business Forecast as follow.

Pipeline Coverage column Total to only include ""open""
Pipeline Coverage column Open to only include ""open""
FC Pipeline, remove",,Low, ,Sole Angel,"5/20/2025, 6:04 AM",2,Forecasting,Config Discrepancy,43,27.91972222
,224258,"Planview, Inc.",Planview | Renewals Tab Update,"Pete made some changes to the Renewal (CS) Clari forecast tab and need some help on the calculated columns. 

Pete was able to make all the other changes myself but he doesn't have the ability to add calculated columns.  

I have the screen shot of the current layout and added arrows and comments on the fields he needs help creating.","Created the calculation columns 'Actual Renewal Rate' and 'Current Net Churn Roll Up', and have hidden the 'Price Increase' column.",Low,Chris Hughes,Chris Hughes,"5/20/2025, 1:23 PM",6,Configuration,Forecast - Update,152,68.61
,224294,Check Point,SandBOX deleted Fields,"Hi Team, we are trying to build a new mode in the sandbox but the attached inaccessible fields won't let us. when we go to remove these fields we cannot either as they are part of saved views. 

Please can you help remove the fields the customer doesn't care that they are part of saved views and that the saved view won't work in the Sandbox.

I have tried to remove these in retool but it is not working for me.

Sandbox org = 2871",May 22: Fields deleted from backend,Low,Toni Pang,Toni Pang,"5/20/2025, 11:18 PM",3,Configuration,Field Config - Update,51,32.5875
,224312,Xero,Enable AI deal insights,"Please enable the AI Deal Insights enhancement that appears on the right panel in the ""Inspect"" module.",Enabled the AI deal summaries for this Org,Low,Said Mussa,Said Mussa,"5/21/2025, 4:47 AM",0,Configuration,Other,16,13.205
,224430,"Riverbed Technology, Inc.",Configuration : calculation is incorrect,"In Total Forecast ACV , column CLOSED to Forecast is always 0. Calculation is not correct

In Executive Summary, columns CLOSED TO FORECAST are always 0 (for both Upfront and Renewal). Calculation is not correct.

Please fix asap.
Thanks
Lucia",I’ve updated the formula for the 'Closed to Forecast' columns in both the 'Total Forecast ACV' and 'Executive Summary' tabs (for both Upfront and Renewal),Low,Ari Henck,Lucia Devide,"5/21/2025, 4:01 PM",1,Configuration,Forecast - Update,30,17.97388889
,224466,"Confluent, Inc.",Please move Clari Forecast History/Quota,"Hi team, 

Please move the quota history, forecasting inputs, and current quota calls for the below user,

1) From Erica Schultz to Ryan Mac Ban",All the entries of Erica Schultz have been transferred to Ryan Mac Ban.,P3,Whitney Drazovich,Chetan Kulkarni,"5/22/2025, 12:19 AM",4,Forecasting,Other,118,48
,224488,ARCOS,Activate Copilot,This New Logo opportunity requires Copilot activation.,Copilot org already created,P2,Pooled CSM,Kamil Mojzesz,"5/22/2025, 5:55 AM",1,Setup and Admin,Migration,21,12.78138889
,224698,"Qualtrics, LLC",Update Dashboard Request,Submitting on behalf of customer. Ty met with Kirk yesterday (5/22) and he fixed forecasting live on the call for their EDGE business. The outstanding item is we need to update their CQ + NQ dashboard to include the EDGE as a line of business in the filters. Their forecast calls on Thursday/Friday and would like to see if we can help update this before the calls next week.,we have updated the dashboard,Low,Cortney Fickey,Cortney Fickey,"5/23/2025, 10:29 AM",3,Configuration,Dashboard - Update,68,12.33194444
,224710,"Vimeo.com, Inc.",Activate Copilot,This New Logo opportunity requires Copilot activation.,activated the copilot,P2,Elizabeth Stoughton,Dawn Perkins,"5/23/2025, 11:53 AM",3,Setup and Admin,Migration,61,6.103333333
,224892,Aphex Software Limited,Activate Copilot,This New Logo opportunity requires Copilot activation.,Copilot org already created,P2,Pooled CSM,Dawn Perkins,"5/27/2025, 10:01 AM",1,Setup and Admin,Migration,25,17.11194444
,224880,Raptor Technologies,Relationship Insights,Can you please enable Relationship Insights for this customer?,enabled the FF for Relationship insights,Low,Alex Ertel,Edward Fuerst,"5/27/2025, 9:19 AM",0,Configuration,Other,14,8.675277778
,224933,Countly,Activate Copilot,This New Logo opportunity requires Copilot activation.,Copilot org already created,P2,Pooled CSM,Dawn Perkins,"5/27/2025, 12:51 PM",1,Setup and Admin,Migration,22,14.38666667
,224986,Tempo,Activate Copilot,This New Logo opportunity requires Copilot activation.,Copilot org already created,P2,Christopher Williams,Kamil Mojzesz,"5/28/2025, 1:05 AM",0,Setup and Admin,Migration,10,9.305833333
,,,,,,,,,,7.923593619,,,192.4307305,
